age,weight,height,bmi,creatinine,hemoglobin,glucose,diabetes,hypertension,ckd_stage,copd,smoking,asa_class,ejection_fraction,ihd,cpb_duration,surgery_cabg,surgery_valve,surgery_duration,aki,delirium,respiratory,infection,af,lco,stroke
70,95,163,35.75595618954421,50,112,5.7,0,1,0,0,0,4,42,0,103,1,0,152,0,0,0,0,1,0,0
63,88,168,31.17913832199547,69,129,5.6,0,1,2,1,0,4,27,1,127,1,0,194,0,0,1,0,1,1,0
72,75,162,28.577960676726104,85,130,3.5,0,0,1,0,1,2,61,0,73,1,1,109,1,0,0,0,0,0,0
83,65,166,23.588329220496444,166,139,5.8,0,1,0,1,0,2,50,0,48,1,0,84,1,0,0,0,1,0,0
62,85,151,37.27906670760054,119,102,8.0,1,1,3,0,0,2,36,1,116,1,0,165,1,0,0,1,1,0,0
62,80,172,27.041644131963228,53,141,4.0,0,0,0,0,1,2,42,0,104,1,0,139,0,0,0,0,1,1,0
83,88,170,30.449826989619382,117,75,8.6,0,0,4,0,0,4,71,0,61,1,1,128,1,1,0,1,0,0,0
74,84,161,32.40615716986227,50,117,7.5,0,1,3,0,1,3,46,1,72,0,0,114,0,0,1,0,1,0,0
59,90,176,29.054752066115704,137,120,5.0,0,1,1,1,0,2,45,0,69,0,0,104,1,0,0,0,1,0,0
71,66,179,20.598608033457133,83,142,6.2,1,0,3,1,0,2,34,0,73,0,0,104,0,0,0,1,1,1,0
59,94,153,40.15549574949806,96,130,9.7,1,0,2,0,1,2,21,0,85,1,1,111,0,0,0,0,0,0,0
59,77,162,29.340039628105465,146,101,8.0,0,0,0,0,0,3,45,0,87,0,1,117,0,0,0,0,1,0,0
67,106,162,40.39018442310623,54,110,6.5,1,1,0,0,0,3,52,1,75,1,0,109,1,1,0,0,1,0,0
42,64,160,24.999999999999996,51,133,6.0,0,0,0,0,0,4,63,1,72,1,0,104,0,0,0,0,0,0,0
44,101,178,31.877288221184195,79,128,6.7,0,0,0,0,0,4,16,1,88,1,0,118,0,0,0,0,1,0,0
58,77,168,27.281746031746035,136,118,5.5,1,1,2,1,0,2,32,1,100,0,0,171,1,0,1,0,1,1,0
52,65,167,23.306680053067517,50,120,3.5,0,0,0,1,0,3,39,0,85,1,1,109,0,0,0,0,1,0,0
68,67,150,29.77777777777778,50,143,10.6,1,1,0,0,0,2,47,0,129,1,0,171,0,0,0,0,0,0,0
54,70,176,22.59814049586777,84,119,6.8,1,0,1,1,1,3,45,0,110,1,0,158,0,1,1,1,1,0,0
48,81,157,32.86137368655929,119,128,7.3,0,1,3,0,0,4,46,1,47,0,1,96,0,0,0,0,0,0,0
82,82,170,28.373702422145332,142,173,6.4,1,0,0,0,0,3,53,1,110,1,0,149,0,0,1,0,0,1,1
62,66,172,22.30935640886966,83,101,5.0,1,1,0,0,0,3,35,1,113,1,1,149,0,0,0,1,0,0,0
65,74,183,22.096807907073963,85,92,6.1,0,1,0,0,1,3,61,1,81,1,1,127,0,0,0,0,1,0,0
47,107,156,43.96778435239973,140,145,3.5,0,0,1,0,1,2,54,0,50,1,1,93,0,0,0,0,0,0,0
58,100,150,44.44444444444444,50,116,11.1,0,0,0,0,1,2,43,1,95,1,0,131,0,0,0,0,0,1,0
66,81,171,27.70083102493075,86,123,4.0,1,0,1,0,1,3,70,1,94,1,0,110,0,1,0,0,0,0,0
51,75,188,21.22000905387053,106,114,4.4,1,0,0,0,0,3,69,1,61,1,1,93,0,0,0,1,0,0,0
69,76,182,22.944088878154812,115,124,5.6,0,1,0,1,0,2,61,1,51,1,0,73,0,0,1,0,1,0,0
57,84,172,28.393726338561386,82,161,9.1,0,1,3,0,1,3,15,1,92,1,0,121,1,0,0,0,1,0,0
61,59,165,21.6712580348944,101,146,6.5,0,0,0,1,1,4,70,1,88,0,0,128,0,0,0,0,0,0,0
57,71,178,22.408786769347305,50,147,4.0,0,1,0,1,0,3,59,1,82,0,0,127,0,0,0,0,0,0,0
87,49,160,19.140624999999996,76,101,9.0,0,1,0,0,0,3,75,1,92,0,1,158,0,1,0,0,1,0,0
64,80,174,26.42356982428326,115,106,8.0,0,1,1,0,1,3,65,1,61,0,0,92,0,0,1,0,0,0,0
52,84,175,27.428571428571427,65,73,7.6,0,0,1,1,1,3,70,0,81,0,0,132,0,1,0,0,0,0,0
74,67,180,20.679012345679013,102,113,7.9,0,0,0,0,0,3,60,1,110,0,1,154,0,0,0,0,0,0,0
50,98,195,25.77251808021039,115,149,11.3,0,0,0,1,1,4,66,1,84,1,1,143,0,0,1,0,0,0,1
67,56,173,18.710949246550168,88,140,10.9,0,0,0,0,0,3,75,0,44,0,0,92,0,0,0,0,0,0,0
41,53,164,19.705532421177875,105,125,5.1,1,0,1,0,0,3,51,1,80,0,0,104,0,0,1,0,0,1,0
49,78,169,27.309968138370508,66,129,9.7,0,0,2,1,0,2,25,0,62,1,0,76,0,0,1,0,0,0,0
67,90,152,38.95429362880886,92,116,7.3,0,0,1,1,0,2,43,1,103,1,0,147,1,0,0,0,1,0,1
73,100,163,37.63784862057285,121,134,7.5,0,1,1,1,0,3,53,1,104,1,1,136,0,0,0,0,1,0,0
67,68,165,24.977043158861342,105,145,3.5,0,0,0,0,1,4,49,1,45,1,0,70,1,0,1,0,1,0,0
63,91,164,33.834027364663896,79,97,6.2,0,0,0,1,0,3,30,0,117,0,0,137,0,0,0,0,0,0,0
61,74,171,25.3069320474676,107,135,4.9,0,0,0,1,0,2,25,1,61,0,0,103,0,0,0,0,1,1,0
47,72,161,27.776706145596233,125,148,8.2,0,0,0,1,0,2,37,1,141,0,0,203,0,0,1,0,0,1,0
56,88,181,26.861206922865602,50,121,8.6,1,1,0,0,0,3,59,1,93,0,0,126,0,0,0,0,0,0,0
59,84,170,29.065743944636683,140,144,3.5,1,0,1,0,1,2,70,1,57,0,0,105,0,1,0,1,0,0,0
77,51,169,17.856517628934565,88,180,6.5,1,0,1,1,1,2,60,1,60,1,1,98,0,0,0,0,1,0,0
69,97,166,35.20104514443316,114,127,8.7,1,0,3,0,1,3,62,1,105,0,0,125,0,1,0,0,1,0,0
43,95,171,32.488628979857054,141,137,6.1,1,0,0,0,1,2,46,0,83,0,1,134,0,0,0,1,1,0,1
68,65,178,20.515086478979924,51,115,8.0,0,0,1,0,0,3,23,0,92,0,0,115,0,0,0,0,1,1,0
60,80,161,30.86300682844026,75,133,7.2,0,1,2,0,0,3,41,1,143,1,0,183,0,0,1,1,0,1,0
56,82,163,30.863035868869737,89,139,7.2,0,0,1,0,1,2,44,0,74,0,0,108,0,0,1,0,0,0,0
72,78,166,28.305995064595734,72,133,6.0,0,0,0,0,1,3,41,1,96,0,0,149,0,0,1,0,1,0,0
77,66,156,27.12031558185404,160,109,4.1,1,0,0,1,1,3,48,0,137,0,0,161,1,1,1,1,1,1,0
76,64,161,24.690405462752206,70,134,4.3,0,0,0,0,1,3,54,1,103,0,0,148,0,1,1,1,0,0,0
54,74,165,27.180899908172638,80,159,7.9,0,1,0,0,1,3,59,1,46,0,1,73,0,1,0,0,0,0,0
61,92,178,29.036737785633125,107,138,6.5,0,1,2,0,0,3,44,1,110,1,1,142,0,0,0,1,1,0,0
68,83,172,28.055705786911847,57,149,6.2,0,1,0,0,0,4,21,1,60,0,0,46,0,1,1,0,0,1,0
76,69,171,23.59700420642249,86,125,5.7,1,0,0,0,1,3,41,0,137,1,0,208,1,0,1,1,0,0,1
59,86,178,27.143037495265748,111,144,5.9,1,0,2,0,1,3,48,1,70,1,1,118,0,0,0,0,1,0,0
62,45,168,15.94387755102041,88,135,8.6,0,1,2,0,0,2,65,1,184,1,0,212,0,0,0,0,0,1,0
51,92,173,30.73941661933242,96,110,5.8,1,1,1,1,0,2,40,1,139,0,1,162,0,0,1,1,1,1,0
50,48,168,17.006802721088437,81,136,3.8,0,0,1,0,0,2,55,1,71,0,1,103,0,0,0,0,1,0,0
74,69,172,23.323418063818284,50,110,8.0,1,0,0,0,0,3,52,1,95,0,0,145,0,0,1,1,0,0,0
81,58,164,21.564544913741823,111,117,6.1,0,0,0,0,1,2,48,1,117,1,0,128,1,0,0,1,1,1,0
64,55,150,24.444444444444443,161,133,6.6,0,0,0,0,0,3,61,1,118,1,0,155,0,0,0,0,0,0,1
77,92,168,32.596371882086174,100,135,9.7,0,0,1,1,0,3,38,1,108,0,1,174,0,0,1,0,1,1,0
69,67,184,19.78969754253308,107,106,6.5,1,0,3,1,0,2,39,1,132,1,0,154,1,0,0,1,1,1,0
57,80,179,24.968009737523797,124,151,7.1,1,1,0,0,1,3,47,1,91,1,1,132,1,0,0,0,0,0,0
69,74,179,23.095409007209515,55,141,4.1,0,0,1,0,0,3,39,1,83,1,0,156,0,0,0,0,1,1,0
83,82,182,24.755464315903875,159,115,6.1,0,0,0,0,0,2,55,0,84,0,0,133,1,0,0,1,1,1,0
64,76,170,26.29757785467128,107,99,7.7,1,0,1,0,0,3,38,1,120,1,0,161,0,0,1,0,0,1,0
83,55,171,18.80920625149619,157,127,3.5,0,1,0,1,0,3,51,1,105,0,0,152,1,1,1,1,1,0,0
33,89,163,33.49768527230984,74,121,6.9,0,0,0,0,0,3,46,1,103,1,0,136,0,0,0,0,1,0,0
74,67,166,24.31412396574249,163,132,6.7,0,1,2,0,0,2,51,1,118,0,0,177,1,1,0,0,1,0,1
66,51,176,16.464359504132233,127,122,6.6,0,0,1,0,1,3,41,1,40,0,0,74,0,1,1,0,1,1,0
61,68,182,20.528921627822726,119,89,8.6,1,1,1,0,0,4,43,1,104,1,0,114,1,0,0,0,1,0,0
66,97,168,34.367913832199555,108,122,7.2,1,0,0,0,0,3,49,1,101,1,0,135,0,0,0,0,1,0,0
41,87,165,31.95592286501378,91,123,9.5,0,0,0,0,1,2,50,1,145,0,1,170,0,0,1,0,1,0,0
62,69,170,23.87543252595156,142,142,4.5,0,0,0,1,0,3,47,0,49,0,0,84,0,0,1,0,0,0,0
69,69,176,22.275309917355372,104,116,6.8,1,0,2,0,1,3,71,0,141,1,0,177,0,0,1,1,1,0,0
82,70,155,29.1363163371488,50,163,6.7,0,0,4,0,0,3,34,0,97,1,1,154,0,1,0,0,0,1,0
58,106,150,47.111111111111114,60,91,4.4,1,1,0,0,0,3,47,1,109,1,1,159,0,1,1,0,1,0,0
55,80,164,29.744199881023206,93,156,8.4,0,0,0,1,1,3,25,1,145,1,0,188,0,1,1,0,0,1,0
58,81,157,32.86137368655929,110,125,11.1,0,0,2,0,1,4,53,0,111,0,0,150,0,0,0,0,0,0,0
75,90,164,33.462224866151104,98,147,6.5,1,0,0,1,0,3,32,1,107,1,1,131,0,1,1,1,1,1,1
68,78,168,27.636054421768712,142,131,7.5,1,1,1,1,0,3,44,1,102,1,1,109,0,0,1,0,1,0,0
58,71,165,26.07897153351699,50,152,6.7,0,1,0,1,0,2,42,0,80,1,1,121,0,0,0,0,0,0,1
71,72,184,21.266540642722116,105,122,5.1,1,1,2,0,1,4,51,1,94,0,0,145,1,0,0,0,1,0,1
66,73,173,24.3910588392529,50,108,3.5,0,0,1,0,1,4,40,1,73,1,0,111,0,0,1,0,0,0,0
76,74,173,24.725182932941294,126,158,5.1,0,1,2,0,0,2,39,1,93,1,0,124,0,0,1,0,1,0,0
56,85,176,27.44059917355372,96,127,3.7,1,1,2,0,0,3,68,1,40,1,1,86,0,0,0,0,1,0,0
61,75,158,30.043262297708697,114,134,9.9,1,1,0,0,0,2,51,1,107,1,0,145,0,0,1,0,0,0,0
60,85,180,26.234567901234566,69,154,6.3,0,0,2,0,0,3,40,1,91,1,0,156,0,0,0,0,1,0,0
47,73,169,25.55932915514163,144,109,5.8,0,0,2,1,0,3,44,1,84,1,1,142,0,0,0,0,0,0,1
68,76,176,24.535123966942148,136,141,8.3,0,0,0,0,0,2,71,1,101,0,0,155,1,0,0,0,0,0,0
68,45,159,17.799928800284796,120,118,4.3,0,0,0,0,1,4,44,1,51,0,0,102,1,0,0,0,0,0,0
65,88,154,37.10575139146568,95,127,5.0,0,1,0,0,1,2,38,1,152,1,0,172,1,0,0,0,1,1,0
62,80,178,25.24933720489837,120,131,6.6,1,0,1,0,1,3,38,1,91,1,0,140,0,0,0,0,0,0,0
48,89,173,29.737044338267232,75,99,8.6,0,0,0,0,0,3,40,0,90,0,0,135,0,0,0,0,1,0,0
59,45,160,17.578124999999996,129,114,7.5,1,1,1,0,0,3,39,1,66,1,0,115,1,0,0,0,1,1,0
60,106,161,40.893484047683344,157,157,7.0,0,1,0,0,1,2,30,1,95,0,0,142,0,0,1,0,1,0,0
55,72,181,21.97735111870822,137,147,6.7,0,0,3,0,0,2,32,1,136,0,0,182,0,0,0,0,0,1,0
63,91,158,36.45249158788655,74,128,7.3,0,1,0,1,1,3,36,0,126,1,0,206,0,0,1,0,1,1,0
69,59,186,17.05399468146606,112,134,6.9,0,0,0,1,0,3,56,0,120,1,0,158,0,0,1,0,0,0,0
87,84,160,32.81249999999999,54,124,4.4,0,1,1,1,0,2,42,1,111,0,0,165,1,0,0,0,1,0,0
67,59,176,19.047004132231404,120,157,6.6,1,1,1,0,0,2,45,0,84,1,0,116,1,0,0,0,0,0,0
68,65,166,23.588329220496444,115,125,4.4,0,0,0,0,0,2,65,1,51,1,0,102,0,0,0,0,0,0,0
64,103,176,33.25154958677686,50,134,6.7,1,1,0,0,1,3,66,1,88,1,0,142,0,0,0,0,0,0,0
41,72,164,26.769779892920884,59,152,5.5,0,1,0,0,0,3,44,1,87,0,0,132,1,0,0,0,1,0,0
64,78,168,27.636054421768712,90,114,11.6,1,0,2,0,0,2,39,0,126,1,0,191,0,0,1,1,0,0,0
65,88,170,30.449826989619382,89,161,6.4,0,0,2,0,0,3,35,0,104,0,0,130,0,0,1,0,1,0,0
90,82,159,32.4354258138523,57,99,3.7,1,1,1,0,1,2,57,0,143,0,0,175,0,1,1,1,0,1,0
62,77,177,24.577867151840145,113,162,6.2,0,0,2,0,0,4,45,0,130,1,1,173,0,0,0,0,1,1,0
68,80,164,29.744199881023206,108,122,7.5,1,0,2,1,0,4,42,1,81,1,0,134,0,0,0,0,1,0,0
64,111,167,39.80063824446915,93,125,9.8,1,1,0,0,0,3,36,1,41,0,0,83,0,0,1,0,1,0,0
50,74,160,28.906249999999993,73,92,5.3,0,1,4,0,0,4,37,0,136,1,0,195,0,0,1,0,1,1,0
78,78,150,34.666666666666664,136,120,3.5,0,0,2,0,0,4,52,0,135,1,1,165,0,1,0,0,0,0,0
74,90,168,31.88775510204082,157,109,8.1,0,0,0,0,1,4,29,0,54,1,0,76,0,1,0,1,1,0,0
74,91,194,24.178977574662557,83,117,3.7,1,0,0,0,0,3,61,1,140,1,0,184,1,0,0,0,0,1,0
54,92,177,29.365763350250564,78,127,5.6,0,0,0,0,0,3,40,1,106,0,0,144,0,0,1,0,1,0,0
81,84,169,29.410734918245165,117,149,6.0,0,0,0,0,1,2,45,1,99,1,0,147,0,1,0,0,1,0,0
48,57,167,20.43816558499767,87,134,6.4,0,1,2,1,0,3,29,1,143,0,1,182,0,0,1,0,1,0,0
72,99,170,34.256055363321806,95,136,7.9,0,0,1,1,0,3,47,1,135,1,0,169,0,0,1,0,0,1,0
90,57,175,18.612244897959183,125,108,5.1,1,0,2,0,0,2,43,1,114,0,1,152,1,1,0,0,0,0,0
53,79,158,31.64556962025316,50,112,6.0,0,0,2,0,0,2,47,0,109,0,0,149,0,0,0,0,0,0,0
58,63,181,19.230182228869694,146,165,6.5,0,1,1,0,1,3,68,1,113,1,0,148,0,0,0,0,1,0,0
66,74,177,23.620287912158062,102,115,6.8,1,0,1,1,1,2,50,0,82,0,0,118,0,0,0,0,0,0,0
58,79,177,25.2162533116282,85,163,6.7,0,0,0,0,1,3,36,1,93,0,0,126,0,0,0,0,1,0,0
46,79,174,26.09327520147972,96,125,7.4,1,0,0,0,1,4,38,0,67,0,0,119,0,1,0,0,0,0,0
65,81,170,28.027681660899656,98,130,8.2,0,1,1,0,0,3,56,1,85,1,0,127,0,0,0,0,0,0,0
52,99,176,31.960227272727273,50,151,7.3,0,1,0,0,0,3,66,0,84,1,0,157,0,0,0,0,0,1,1
70,81,175,26.448979591836736,152,155,7.4,0,0,0,1,0,3,51,1,75,0,1,117,1,0,0,0,0,0,0
53,71,166,25.76571345623458,101,127,3.5,1,0,3,0,0,3,57,1,99,0,0,130,0,1,1,0,0,0,0
83,89,164,33.09042236763832,115,122,6.6,0,0,1,0,1,2,56,1,85,0,0,165,1,0,0,0,1,1,0
55,92,171,31.462672275229988,133,128,7.5,0,0,0,0,1,4,67,1,110,1,0,156,0,0,0,1,0,0,0
61,56,185,16.362308254200144,64,136,8.0,0,0,1,0,0,2,20,1,46,1,0,100,0,0,0,0,0,1,0
74,83,157,33.6727656294373,116,147,5.1,0,0,2,1,0,2,57,1,91,0,0,139,0,1,0,0,1,1,0
50,85,155,35.37981269510926,90,130,5.2,1,0,0,1,0,3,61,1,98,0,1,147,0,0,1,0,1,0,0
67,70,171,23.938989774631512,129,142,5.4,0,0,0,0,0,2,29,0,85,0,1,133,0,0,0,0,0,0,0
80,95,170,32.871972318339104,50,162,7.6,1,0,3,0,0,3,35,1,89,0,0,112,0,1,0,1,1,0,0
45,72,171,24.622960911049557,96,137,8.6,0,1,0,0,0,2,36,1,47,0,0,92,0,0,0,0,1,0,0
67,76,172,25.689561925365066,78,136,5.7,1,0,0,0,1,2,37,1,105,1,0,125,0,0,0,0,0,1,0
68,72,167,25.816630212628635,115,99,8.3,0,0,1,0,1,2,41,1,114,0,1,151,0,0,0,0,1,0,0
74,75,184,22.152646502835537,116,77,6.7,0,0,2,0,0,2,51,1,109,1,0,138,1,0,1,0,1,0,0
50,58,153,24.77679524969029,75,137,6.3,0,1,0,0,0,3,60,1,126,1,0,171,0,0,0,0,0,0,0
49,53,161,20.446742023841672,75,128,6.1,1,1,0,0,0,4,63,1,101,0,1,146,0,0,0,1,1,0,0
71,98,168,34.72222222222223,96,119,8.0,0,0,0,0,1,3,36,1,109,1,1,156,0,0,1,1,1,0,0
68,62,153,26.48553974966893,68,134,7.2,1,0,4,1,1,4,36,0,99,1,0,143,1,0,1,1,0,0,0
68,60,168,21.258503401360546,129,128,11.1,1,0,0,0,1,2,66,0,115,0,1,145,0,0,0,0,0,0,0
69,45,186,13.007284079084286,87,152,4.8,0,0,1,0,0,3,57,1,47,1,0,83,0,1,1,0,1,0,0
56,65,170,22.49134948096886,50,131,7.5,0,0,3,0,1,2,49,1,68,0,0,121,0,0,0,1,1,0,0
67,55,172,18.591130340724717,86,115,5.4,0,1,0,0,0,3,54,1,142,1,0,198,0,1,1,0,1,0,0
68,99,157,40.16390117246136,63,149,4.8,0,0,4,0,0,3,47,0,40,1,1,62,0,1,1,0,1,0,0
56,90,163,33.87406375851557,50,125,6.5,1,1,3,0,0,3,55,1,90,1,0,107,0,1,1,0,0,0,0
87,64,166,23.225431847873423,56,140,6.8,1,0,3,1,0,3,43,1,130,1,0,159,1,1,0,0,1,1,0
70,108,166,39.1929162432864,103,120,12.3,0,1,0,0,1,3,51,1,92,1,1,147,1,0,0,0,1,0,0
50,89,182,26.86873565994445,146,117,6.1,0,1,1,0,0,3,26,1,82,1,0,140,1,0,0,1,0,0,0
72,70,175,22.857142857142858,110,131,4.2,0,0,2,0,0,4,38,1,98,1,1,124,0,1,0,0,0,1,1
53,45,158,18.02595737862522,78,130,7.0,0,0,4,0,0,2,38,0,84,0,0,128,0,0,0,0,1,0,0
74,109,172,36.84424012979989,115,139,3.5,1,0,0,0,0,3,42,1,95,1,0,162,1,0,1,0,1,1,0
78,54,174,17.8359096313912,83,124,6.3,0,0,2,0,0,3,35,1,74,0,0,120,1,0,0,1,0,1,0
55,50,181,15.26204938799182,75,93,6.5,1,0,0,0,0,3,40,1,128,0,1,189,0,0,1,1,1,0,0
76,90,185,26.296566837107374,59,121,8.1,0,1,0,0,0,2,26,0,137,1,0,191,0,1,1,1,0,1,0
69,111,159,43.9064910407025,50,145,8.4,0,0,0,0,0,3,55,1,90,0,0,116,1,1,0,0,0,0,0
74,95,161,36.64982060877281,86,124,5.5,0,1,2,0,1,3,46,0,53,0,0,90,0,1,1,0,1,0,0
87,83,157,33.6727656294373,105,125,6.2,0,0,1,0,0,3,24,1,79,1,1,119,1,0,1,1,1,0,0
62,83,167,29.760837606224676,96,149,5.0,0,1,1,0,0,2,36,0,89,0,0,130,0,0,0,0,0,0,0
55,87,174,28.735632183908045,85,115,4.2,1,0,4,0,0,4,52,0,110,0,0,163,1,0,0,0,0,0,0
54,86,179,26.840610467838083,66,99,7.1,1,1,0,1,1,3,40,0,64,1,0,110,0,0,0,1,1,0,0
55,79,169,27.660095935016283,121,126,4.0,0,0,1,0,1,3,38,0,71,1,1,67,0,0,0,0,1,0,0
64,76,166,27.58020031934969,53,120,5.7,0,0,0,1,0,3,46,0,110,1,0,130,0,0,0,0,0,0,0
69,74,171,25.3069320474676,127,110,4.5,0,1,0,0,0,4,52,1,123,1,0,130,1,1,0,0,1,0,0
68,63,161,24.3046178773967,64,126,7.6,1,0,1,1,1,2,27,0,76,1,1,118,0,0,1,0,1,1,1
74,70,190,19.390581717451525,73,139,10.1,0,1,3,0,1,2,55,1,55,1,1,98,0,0,1,0,1,0,1
65,49,153,20.932120124738347,50,129,3.9,1,1,1,0,1,3,36,0,193,0,0,237,0,1,0,1,0,1,0
82,73,171,24.96494647925858,82,136,3.5,0,0,2,0,1,3,47,1,118,1,1,143,1,0,0,0,1,1,0
61,60,190,16.62049861495845,134,166,6.3,0,0,0,0,1,2,47,1,86,1,0,136,0,0,0,0,1,0,0
90,58,170,20.06920415224914,118,123,6.5,1,1,0,0,0,4,40,0,121,0,0,171,0,0,0,0,1,0,0
72,77,168,27.281746031746035,134,135,6.9,0,0,1,0,0,3,33,1,91,0,0,112,1,1,1,0,1,1,0
54,95,166,34.47525039918711,118,119,5.6,0,1,0,0,1,3,44,0,121,0,0,139,0,0,1,0,1,0,0
52,88,168,31.17913832199547,61,113,6.1,0,1,0,1,1,2,70,1,99,1,1,138,0,0,1,1,1,0,0
70,51,183,15.228881125145568,88,118,7.2,0,0,1,0,0,2,28,1,97,0,0,163,0,1,0,0,0,1,0
62,60,150,26.666666666666668,72,120,8.6,0,0,0,1,1,3,71,0,91,1,0,156,0,0,0,0,0,0,0
73,89,185,26.004382761139514,146,137,3.5,1,1,0,0,0,4,44,1,51,1,0,99,1,0,0,0,1,0,0
70,60,155,24.97398543184183,58,176,5.8,1,0,1,0,0,3,48,0,153,1,0,182,0,1,1,1,1,0,0
64,71,167,25.458065904119906,131,115,6.9,0,0,1,0,1,4,32,1,66,0,0,119,1,0,0,0,0,0,0
54,83,165,30.48668503213958,131,121,4.7,1,0,3,0,0,4,37,1,54,1,0,87,1,0,0,0,1,0,1
46,60,175,19.591836734693878,164,128,10.0,0,0,1,0,0,3,40,1,88,0,0,116,1,1,0,1,0,0,0
59,76,154,32.04587620172036,85,137,5.2,0,0,0,1,0,3,33,1,66,1,1,73,0,0,1,0,0,0,0
75,54,174,17.8359096313912,124,135,6.4,0,0,3,0,0,3,45,0,93,1,0,134,1,1,1,0,0,0,0
67,65,190,18.005540166204987,179,155,7.6,0,1,2,0,0,3,42,0,115,0,0,145,1,0,0,0,1,0,0
50,79,156,32.462195923734384,78,81,5.3,0,0,0,1,0,2,73,0,124,1,0,165,0,0,1,0,1,0,0
67,51,171,17.441263978660103,50,82,3.5,1,0,0,0,0,3,31,1,119,0,0,124,0,0,0,0,1,1,0
69,81,163,30.48665738266401,50,120,5.6,0,1,1,1,1,2,49,0,85,1,1,127,0,0,1,1,1,0,0
54,74,174,24.441802087462015,124,151,8.6,0,1,1,1,1,4,51,1,96,0,1,99,1,0,0,0,1,0,1
66,83,170,28.719723183391007,50,98,5.8,0,1,2,0,0,4,33,1,107,0,0,163,0,0,0,0,1,0,0
65,78,163,29.357521924046825,86,70,4.8,1,0,2,0,1,2,57,0,42,0,0,89,0,0,0,0,1,0,0
51,95,174,31.37798916633637,115,141,8.4,1,1,1,0,0,3,42,1,112,0,0,147,0,0,1,1,0,0,0
69,76,188,21.50294250792214,106,134,5.8,0,0,4,1,0,3,15,1,51,1,0,99,1,0,0,0,0,0,0
71,68,168,24.092970521541954,114,108,5.5,0,0,1,0,0,3,57,1,156,1,0,181,1,1,0,1,1,1,0
77,76,177,24.258674071946118,107,110,6.8,0,0,0,0,1,2,32,1,82,1,1,123,1,0,0,0,1,0,0
77,83,157,33.6727656294373,144,110,8.0,0,0,2,1,1,3,33,1,89,0,1,140,1,0,1,0,1,1,0
48,75,160,29.296874999999993,66,132,11.3,0,1,0,0,0,2,57,1,71,0,0,65,0,0,1,0,0,0,0
53,75,174,24.772096710265558,76,117,8.2,0,0,2,1,0,2,43,1,76,1,1,109,0,0,1,0,1,0,0
71,64,184,18.90359168241966,72,139,8.8,0,1,4,0,0,2,60,1,163,0,1,202,0,0,0,0,1,0,0
71,65,173,21.71806608974573,129,72,5.5,0,1,1,0,0,2,64,0,123,1,1,160,1,1,0,0,0,1,0
71,53,166,19.233560749020178,131,112,4.4,0,1,1,1,0,3,38,1,48,1,1,109,0,1,0,0,1,0,1
90,101,169,35.36290746122335,115,107,6.6,1,0,1,0,0,4,59,0,140,0,0,163,1,1,0,0,1,1,0
71,56,157,22.7189744005842,141,124,6.7,1,1,0,0,1,3,37,0,130,1,0,160,1,1,0,0,1,1,1
78,64,176,20.66115702479339,58,119,4.3,0,0,0,0,0,3,75,1,86,1,1,97,0,0,0,0,0,0,0
76,64,178,20.199469763918696,158,145,6.1,0,0,1,0,1,2,38,1,104,1,1,166,1,1,1,0,1,1,0
72,88,165,32.323232323232325,153,92,7.3,0,1,2,0,1,3,62,1,94,0,1,130,0,0,0,0,1,0,0
61,70,165,25.71166207529844,125,130,7.2,0,0,1,1,0,2,59,0,154,0,0,187,0,0,0,0,0,0,0
74,93,172,31.435911303407252,162,141,7.5,1,0,0,0,1,3,52,1,71,0,0,110,1,0,1,0,0,0,0
55,64,165,23.507805325987146,50,167,7.1,0,1,1,0,1,4,38,1,99,0,0,148,0,0,0,0,0,1,0
62,79,169,27.660095935016283,81,120,5.5,1,0,2,0,0,2,45,0,82,0,0,127,0,0,0,0,0,0,0
59,62,190,17.174515235457065,74,136,5.5,1,1,1,0,0,3,17,1,52,1,0,131,0,0,0,1,1,1,0
65,107,167,38.366381010434225,125,93,4.1,0,0,1,1,1,2,51,1,160,1,0,206,0,0,0,1,1,0,0
90,57,166,20.685150239512268,63,82,10.1,0,0,2,1,0,3,52,1,59,1,0,92,1,0,0,0,0,1,0
42,79,163,29.733900410252552,126,146,6.5,0,0,1,0,0,2,49,0,101,0,0,132,0,0,0,0,0,0,0
73,84,177,26.812218711098343,147,129,6.1,0,0,0,0,0,3,15,0,42,1,0,76,0,1,1,0,1,1,0
45,81,168,28.69897959183674,124,153,4.6,0,0,3,0,1,2,30,1,83,0,0,100,1,0,0,0,1,0,0
59,72,163,27.09925100681245,109,102,12.4,0,1,0,0,1,3,37,1,107,1,0,147,0,0,0,0,1,0,0
78,73,183,21.798202394816204,65,140,4.4,1,0,4,0,1,3,52,1,70,1,0,121,1,1,0,0,1,0,0
65,75,184,22.152646502835537,70,167,5.6,0,1,0,0,0,3,52,0,112,1,1,142,0,0,0,0,0,0,0
52,72,163,27.09925100681245,143,138,7.3,0,0,0,1,0,3,45,1,86,1,0,113,0,0,0,0,0,1,0
56,89,151,39.03337572913469,127,135,7.7,0,0,3,0,0,4,56,1,129,1,0,191,1,0,1,1,1,0,0
73,108,180,33.33333333333333,98,130,8.4,1,1,0,1,1,3,33,0,135,0,1,153,0,0,1,0,1,0,0
56,66,163,24.840980089578082,85,98,10.1,0,1,2,0,0,2,56,1,77,0,0,85,0,0,0,0,1,0,0
67,54,177,17.236426314277505,50,157,7.5,1,0,2,0,0,2,54,1,97,0,1,119,1,0,0,0,0,0,0
65,73,150,32.44444444444444,62,117,4.4,0,1,3,1,0,4,53,0,100,0,0,116,1,0,0,0,0,1,0
57,113,178,35.66468880191895,166,140,6.0,0,1,4,0,0,3,45,0,113,1,1,158,0,0,0,1,0,1,0
90,62,157,25.153150229218223,55,98,7.1,0,0,0,1,1,3,73,1,95,0,0,129,0,0,0,0,0,1,1
72,99,177,31.600114909508758,106,106,10.6,0,1,2,0,1,2,54,1,100,1,1,136,1,1,0,0,1,0,0
40,100,170,34.602076124567475,135,158,3.7,1,0,0,0,1,3,34,1,87,0,1,144,0,1,1,0,0,0,0
67,66,160,25.781249999999996,56,123,8.9,0,1,0,1,0,2,51,1,98,0,0,127,1,0,0,0,0,0,1
57,83,165,30.48668503213958,106,159,6.9,1,1,2,0,1,4,58,0,133,1,0,184,0,0,1,0,1,0,0
75,99,176,31.960227272727273,132,128,8.2,0,1,0,1,1,4,39,1,114,0,0,176,1,1,1,1,1,1,0
55,69,171,23.59700420642249,100,93,6.3,0,0,1,1,0,2,63,1,116,1,0,149,0,0,0,0,0,0,0
63,71,175,23.183673469387756,200,147,4.8,0,0,1,0,1,3,53,0,116,1,0,167,1,0,1,1,0,0,0
71,66,189,18.47652641303435,50,118,8.0,0,1,1,0,0,2,15,1,90,0,1,126,0,1,1,0,1,0,0
75,59,154,24.87771968291449,137,143,7.8,1,0,4,0,1,3,52,0,104,1,0,157,0,1,1,1,1,0,0
50,65,186,18.78829922534397,93,130,8.4,1,0,0,0,1,4,42,0,62,0,0,78,0,0,0,0,1,0,0
60,56,171,19.15119181970521,127,99,6.5,0,1,1,1,1,3,55,0,133,1,1,148,1,0,1,0,1,0,0
59,75,161,28.93406890166274,115,133,5.3,0,0,3,0,0,3,61,0,40,1,0,74,0,0,0,0,0,0,0
57,63,156,25.88757396449704,74,173,3.5,0,0,1,0,0,2,50,1,92,0,0,118,0,0,0,0,0,0,0
86,78,168,27.636054421768712,108,139,8.1,0,0,0,0,0,4,71,1,129,1,1,161,1,1,0,0,1,0,0
69,51,179,15.917106207671422,50,128,7.3,0,0,1,0,0,3,45,1,54,0,1,90,1,0,0,0,0,0,0
49,79,168,27.99036281179139,121,151,4.6,0,1,0,1,1,3,56,1,106,1,0,156,1,1,0,0,0,0,0
76,87,185,25.420014609203797,110,134,5.4,0,1,0,0,1,2,59,1,74,1,1,107,0,0,0,0,0,0,1
90,45,155,18.730489073881373,122,134,5.6,0,0,2,1,1,3,46,1,83,1,0,110,0,0,1,0,1,0,0
77,80,169,28.01022373166206,137,108,3.5,0,1,1,0,0,4,58,1,123,1,0,157,0,1,1,0,0,0,1
46,93,157,37.72972534382733,112,134,4.9,0,1,3,0,1,3,39,1,100,0,0,128,1,0,0,0,1,0,0
59,56,173,18.710949246550168,105,150,4.2,0,1,2,0,1,3,42,1,40,1,0,65,0,0,0,0,0,1,0
80,100,178,31.561671506122963,69,113,5.7,0,0,1,0,1,3,29,1,65,0,0,80,0,1,0,1,0,0,0
56,81,165,29.752066115702483,75,158,5.0,1,1,0,1,0,3,51,0,124,1,0,165,1,0,0,0,0,0,0
70,64,150,28.444444444444443,141,128,3.5,0,0,0,0,0,3,52,1,108,0,1,139,0,0,1,0,1,0,1
74,74,171,25.3069320474676,150,112,10.5,0,1,0,1,0,2,64,1,147,1,0,201,0,0,0,1,1,0,0
53,83,174,27.414453692693883,91,149,9.0,0,1,3,0,1,3,59,1,145,1,1,163,1,0,0,0,1,0,0
64,76,174,25.102391333069097,101,124,4.9,0,0,0,0,1,3,44,0,84,1,0,115,0,1,0,0,0,0,0
30,83,182,25.057360222195385,68,145,7.0,1,1,0,0,1,3,31,1,170,0,1,237,0,0,0,0,1,1,0
52,61,159,24.128792373719392,141,124,7.3,0,0,1,0,0,4,54,1,95,1,0,120,0,0,0,1,1,0,0
61,77,176,24.857954545454547,123,128,8.9,1,1,0,0,0,3,63,0,66,1,0,102,0,0,1,0,0,0,1
50,53,181,16.17777235127133,167,139,4.9,1,0,0,0,1,2,58,1,75,1,0,96,1,0,1,1,1,1,0
84,73,152,31.596260387811633,69,135,8.7,0,1,1,1,1,4,63,0,40,0,1,59,0,1,1,0,0,0,0
47,61,173,20.381569714992146,86,90,5.4,0,0,0,0,1,3,45,1,143,0,1,206,0,0,1,1,1,0,0
59,63,164,23.423557406305775,108,107,3.8,1,0,0,0,1,3,41,1,142,0,0,184,0,0,0,1,1,1,0
66,93,169,32.561885088057146,122,148,7.9,0,0,0,0,0,3,37,1,64,0,0,106,0,0,0,0,0,1,0
82,91,173,30.405292525644022,92,127,9.1,0,0,2,0,1,3,47,1,88,0,0,102,0,1,0,0,0,0,1
47,84,165,30.85399449035813,69,119,11.7,0,0,1,1,1,2,46,1,97,0,1,142,1,0,0,0,1,0,0
78,58,163,21.829952199932254,130,102,4.1,0,1,0,0,0,3,50,0,66,0,1,123,1,1,1,1,0,1,0
65,70,170,24.221453287197235,125,108,7.9,0,0,1,0,0,4,46,0,42,0,1,99,0,1,0,0,0,0,0
53,93,159,36.786519520588584,67,89,5.7,0,0,0,0,0,3,46,0,88,0,1,138,1,0,0,0,0,0,0
70,77,159,30.457655947153988,147,127,8.1,1,0,3,0,0,3,37,0,85,1,1,108,1,0,1,0,0,0,0
67,109,176,35.18853305785124,140,118,3.6,0,1,0,0,1,2,61,1,83,1,0,127,1,0,0,0,1,0,0
57,80,158,32.046146450889275,104,110,4.0,1,1,1,0,0,2,49,1,101,0,1,151,0,0,0,1,0,0,0
65,77,176,24.857954545454547,102,128,4.9,0,1,3,0,0,3,45,0,137,1,1,150,0,0,0,0,0,0,0
60,70,174,23.120623596247853,119,137,6.7,0,1,2,0,0,3,37,0,85,1,1,108,0,1,0,0,0,0,0
66,77,152,33.3275623268698,69,171,5.2,0,0,0,1,0,4,29,1,100,1,0,153,0,0,1,0,0,0,0
72,72,163,27.09925100681245,101,99,7.8,0,0,0,0,0,3,66,1,116,0,0,169,1,0,0,0,0,0,1
84,85,181,25.94548395958609,50,153,8.6,0,0,2,1,1,3,55,1,111,0,0,127,0,1,1,0,0,0,0
50,89,160,34.76562499999999,130,149,7.7,0,1,0,0,0,3,25,1,76,1,0,127,0,0,1,0,1,0,1
90,63,165,23.140495867768596,50,114,9.7,1,1,2,1,0,2,58,1,97,0,0,138,1,1,0,0,0,0,0
41,55,174,18.166204254194742,152,134,7.3,0,0,2,0,0,4,60,0,111,0,0,162,0,1,0,0,0,0,0
63,47,177,15.00207475501931,88,120,4.1,0,0,2,0,0,3,49,1,61,0,0,91,0,0,0,0,0,0,0
72,82,167,29.402273297715947,92,133,9.2,1,0,0,0,0,2,70,0,132,0,0,181,1,0,0,1,1,0,0
68,58,164,21.564544913741823,78,160,5.3,1,0,2,0,0,3,51,0,137,1,0,189,1,0,0,0,0,1,0
57,45,184,13.291587901701323,89,142,8.3,0,1,1,0,1,4,28,0,73,0,0,107,0,1,0,0,1,1,0
62,80,187,22.877405702193368,149,140,9.6,0,0,2,0,1,4,53,1,100,1,1,140,0,0,0,0,1,0,0
59,112,179,34.955213632533315,50,121,7.4,1,1,0,0,0,2,51,1,114,1,1,144,0,0,0,1,1,0,0
57,74,170,25.605536332179934,144,100,3.5,0,0,0,0,0,4,39,0,78,1,0,142,0,0,0,0,0,0,0
75,87,161,33.56351992592878,111,125,4.7,0,1,0,0,1,2,56,1,109,0,1,147,0,0,0,0,1,0,0
69,76,161,29.319856487018246,57,154,9.1,0,1,0,1,1,2,24,1,99,0,1,125,0,0,0,0,1,0,0
56,73,175,23.836734693877553,62,99,6.2,1,1,1,0,0,4,61,1,50,0,0,79,0,0,0,0,0,0,0
75,88,174,29.065926806711587,158,108,6.7,0,1,3,0,1,4,35,0,108,0,0,149,1,1,1,0,1,0,0
68,70,184,20.6758034026465,66,132,8.0,1,1,0,0,1,3,34,1,61,1,0,112,0,0,0,0,1,1,0
74,79,176,25.50361570247934,59,110,7.9,0,1,2,0,1,3,46,1,123,0,0,142,1,0,0,0,1,0,0
72,79,154,33.310844999156686,139,114,7.1,1,1,0,0,0,4,54,0,74,1,1,141,1,0,0,1,1,0,0
55,64,180,19.753086419753085,111,121,6.1,0,1,0,1,0,3,50,0,90,1,0,134,0,0,0,0,0,0,0
58,89,160,34.76562499999999,67,102,5.9,0,1,0,0,0,4,37,0,136,1,0,182,0,0,1,0,1,1,0
73,72,166,26.1286108288576,107,110,8.2,1,1,0,0,1,3,40,0,109,1,1,147,0,1,1,1,1,0,0
72,63,172,21.29529475392104,64,144,7.6,0,1,3,0,1,4,32,1,62,0,0,102,0,1,0,0,0,0,0
64,83,189,23.23563170124017,138,103,6.0,0,1,0,0,0,4,44,1,64,0,1,101,0,1,0,1,0,0,0
66,61,195,16.04207758053912,137,98,8.7,0,0,1,1,1,2,63,1,77,0,0,132,0,0,0,1,0,0,0
80,75,176,24.212293388429753,118,117,6.2,0,0,1,1,1,4,47,0,106,0,0,145,0,0,1,0,1,0,0
57,74,168,26.218820861678008,112,144,4.8,0,0,3,0,1,3,60,1,105,1,0,156,0,0,0,0,1,0,0
71,91,175,29.714285714285715,161,126,5.0,1,0,0,0,1,3,68,1,69,0,0,102,0,1,0,1,1,0,1
62,82,178,25.88057063502083,99,120,4.5,0,1,0,0,1,3,39,1,59,0,0,101,0,0,0,0,1,1,0
62,74,166,26.854405574103644,58,130,6.0,0,0,0,0,0,2,45,1,103,1,0,130,0,0,0,0,0,0,0
78,87,187,24.879178701135288,115,95,9.0,0,1,0,0,1,3,75,0,89,0,0,147,0,0,0,0,0,0,0
74,95,172,32.11195240670633,173,139,4.9,0,0,0,0,1,4,68,1,159,1,0,186,1,0,0,1,1,0,0
74,83,174,27.414453692693883,64,137,6.9,1,0,3,0,0,2,24,1,96,0,0,131,0,0,0,1,0,1,0
80,75,176,24.212293388429753,87,121,5.2,0,1,1,0,0,3,53,1,149,0,1,184,1,1,1,0,1,1,0
65,55,174,18.166204254194742,114,150,6.0,0,1,1,0,1,4,48,1,59,1,0,93,0,0,0,0,0,0,0
73,59,178,18.621386188612547,98,107,3.5,1,0,1,1,0,3,59,0,47,1,0,97,0,1,1,0,0,0,0
61,70,163,26.346494034400994,65,152,6.1,0,1,0,0,1,3,37,0,61,0,0,96,0,0,0,0,0,0,0
68,65,164,24.167162403331353,139,133,6.1,1,1,0,1,0,3,36,1,130,0,0,190,0,0,0,1,0,0,0
63,72,158,28.841531805800347,181,123,7.6,1,0,4,0,0,3,38,1,147,0,0,174,1,0,0,0,1,0,0
66,75,174,24.772096710265558,106,129,6.9,1,0,2,0,0,3,39,1,71,0,0,113,1,0,0,1,1,1,0
72,82,177,26.173832551310287,68,127,4.1,0,1,3,1,0,4,59,0,81,0,1,109,1,0,1,1,1,0,0
55,73,174,24.111507464658473,50,154,8.7,1,0,2,1,1,3,31,1,59,1,0,105,0,0,1,1,0,1,0
90,82,186,23.702162099664697,109,108,6.9,1,0,0,0,0,4,39,1,40,0,0,79,0,1,0,0,1,0,0
52,75,169,26.25958474843318,138,114,6.9,0,0,0,0,0,3,22,1,116,0,0,153,1,1,1,0,0,0,0
50,45,176,14.527376033057852,116,150,6.5,0,1,0,1,0,3,62,0,101,1,1,158,0,0,0,1,1,0,0
78,60,159,23.73323840037973,99,118,5.5,0,1,0,0,0,3,65,0,95,0,0,125,0,1,0,0,0,0,0
74,72,166,26.1286108288576,79,148,6.9,0,1,0,0,0,3,43,1,52,0,0,100,1,1,0,0,1,0,0
72,56,176,18.078512396694215,61,163,7.5,0,0,1,1,1,3,43,1,144,1,0,172,1,1,1,0,0,0,0
72,83,178,26.19618735008206,129,121,3.5,0,1,1,0,0,2,54,1,79,0,0,120,0,0,0,0,0,1,0
64,97,167,34.78073792534691,131,143,5.4,0,0,3,0,0,2,68,1,111,1,0,133,1,0,0,0,0,0,0
54,93,169,32.561885088057146,50,106,6.0,0,0,2,0,0,2,53,1,51,0,1,81,1,0,1,1,0,0,0
65,71,154,29.93759487265981,155,145,7.0,0,0,3,0,0,2,38,0,89,0,0,127,0,0,0,0,0,0,0
56,97,166,35.20104514443316,120,133,8.9,0,0,0,0,0,3,25,0,103,0,0,170,0,0,0,1,1,1,0
76,77,178,24.302487059714682,148,139,5.0,1,1,0,0,0,2,32,0,104,0,1,145,0,0,0,0,1,1,1
63,69,175,22.53061224489796,53,117,5.5,0,1,1,0,1,3,49,1,99,0,0,163,0,0,0,0,1,0,0
55,65,175,21.224489795918366,52,96,5.5,0,0,0,0,1,2,38,1,109,0,0,152,0,0,0,0,0,1,0
61,70,170,24.221453287197235,94,140,4.9,0,1,0,0,1,3,50,1,61,1,0,95,0,0,0,0,0,0,0
69,69,170,23.87543252595156,117,88,5.8,0,1,0,0,0,3,40,0,100,1,0,163,0,0,1,0,0,0,0
58,77,163,28.981143437841094,162,123,8.0,1,1,0,1,0,2,33,1,98,0,0,144,0,0,0,0,1,0,0
55,77,176,24.857954545454547,124,148,4.4,1,0,1,0,0,4,31,1,101,1,0,131,1,0,0,0,0,1,0
67,75,174,24.772096710265558,91,133,7.4,0,1,0,1,1,2,69,1,97,1,1,144,1,1,1,0,1,0,0
67,81,174,26.7538644470868,64,168,3.5,1,0,1,0,1,3,60,0,56,1,1,91,1,1,1,0,1,0,0
58,92,164,34.20582986317669,143,150,5.4,0,1,1,1,0,4,72,1,55,0,1,65,0,0,1,0,1,0,1
59,89,150,39.55555555555556,66,116,5.8,0,0,0,0,0,3,55,1,40,1,0,94,1,1,0,0,0,0,0
67,52,180,16.049382716049383,156,130,9.8,0,1,0,0,1,2,41,1,119,0,0,175,0,0,0,0,1,1,0
47,45,165,16.528925619834713,90,129,6.0,1,0,0,1,1,3,66,1,119,0,0,186,1,0,0,0,1,0,0
48,89,161,34.33509509663978,155,98,3.5,0,0,0,1,1,3,47,0,120,1,0,166,0,0,1,0,1,0,0
56,54,176,17.43285123966942,123,111,3.5,1,1,2,0,1,4,51,1,104,1,1,140,1,0,0,0,0,0,0
62,71,166,25.76571345623458,95,118,6.6,1,1,2,0,1,4,47,1,40,1,0,92,0,0,0,1,0,0,0
68,57,180,17.59259259259259,81,89,7.7,0,1,1,0,0,3,15,1,64,1,1,116,1,0,0,0,1,1,0
82,47,176,15.173037190082646,88,130,7.3,0,1,0,1,1,4,70,1,100,0,0,164,0,1,0,1,0,0,0
75,83,176,26.794938016528928,114,125,6.8,1,0,1,0,1,2,54,0,99,1,0,138,0,1,0,0,0,0,0
63,86,156,35.33859303090072,102,96,8.8,0,0,1,0,1,2,52,0,88,0,0,125,0,1,0,0,0,0,0
64,66,182,19.925129815239703,79,138,5.4,0,0,1,0,0,4,47,1,106,0,0,135,0,0,0,0,0,0,0
52,45,172,15.210924824229314,94,144,8.3,0,0,1,0,0,2,50,0,95,1,1,143,0,0,0,0,0,1,0
64,66,166,23.95122659311947,102,134,3.5,0,1,1,1,0,2,39,1,98,0,1,114,0,0,1,0,1,0,0
61,80,171,27.358845456721728,50,123,4.7,0,1,1,0,0,2,56,0,75,1,0,126,0,0,0,0,0,1,0
68,52,152,22.506925207756233,116,141,3.5,0,1,2,0,1,3,29,0,124,0,0,172,0,0,0,0,0,0,0
55,77,174,25.43268595587264,65,143,6.0,0,1,0,0,0,3,50,1,82,1,0,130,0,0,0,0,1,0,0
71,74,159,29.270994027135,59,136,6.4,0,1,2,0,0,3,55,0,55,0,0,97,1,1,0,0,0,0,0
83,83,156,34.10585141354372,50,113,6.7,1,0,0,0,1,2,45,1,71,0,0,133,0,1,1,0,0,0,0
63,76,154,32.04587620172036,50,135,6.6,1,0,0,0,0,3,53,1,84,1,1,137,0,0,0,1,0,0,0
69,60,181,18.314459265590184,52,153,4.6,0,1,4,1,0,4,34,1,124,0,0,154,1,0,1,0,1,1,0
73,92,163,34.62682073092702,75,118,6.1,0,0,4,0,0,4,34,1,93,1,0,124,0,0,0,0,0,1,0
60,72,185,21.0372534696859,168,171,3.5,1,0,0,0,1,3,51,0,89,1,1,115,1,0,0,1,1,1,0
67,74,164,27.513384889946465,81,119,9.2,0,0,0,0,0,4,57,1,57,1,0,105,0,1,0,0,0,0,0
65,61,152,26.40235457063712,106,130,5.9,0,1,0,0,1,3,21,1,118,1,0,142,0,1,1,0,0,1,1
66,68,158,27.239224483255885,114,116,5.5,1,0,1,1,0,2,55,1,75,0,0,131,0,1,0,0,0,0,0
55,61,182,18.41565028378215,104,134,9.7,1,1,2,0,1,2,40,1,91,1,0,150,0,0,0,0,0,0,0
65,72,168,25.510204081632658,97,95,4.0,1,1,4,0,0,2,45,1,139,0,0,165,1,0,0,0,0,1,0
70,100,164,37.18024985127901,58,119,4.2,1,0,1,0,0,3,29,1,110,0,0,147,1,0,0,0,1,1,0
82,54,171,18.467220683287167,150,108,4.3,0,1,0,0,0,2,36,1,46,0,1,86,0,0,0,0,0,0,1
76,50,175,16.3265306122449,163,132,6.4,0,1,1,0,0,3,61,0,41,1,1,94,1,0,1,0,1,1,0
90,97,181,29.60837581270413,50,149,7.4,1,1,0,1,0,2,48,0,93,1,1,157,0,0,0,0,1,0,0
55,71,184,20.97117202268431,64,142,8.0,0,1,3,0,0,4,42,1,58,1,0,72,0,1,0,0,0,0,0
75,64,166,23.225431847873423,90,82,11.6,0,0,3,0,0,3,46,0,114,1,1,149,0,0,1,0,1,0,0
67,90,156,36.98224852071006,66,170,3.5,1,1,1,0,0,4,54,0,96,1,0,132,0,0,0,0,1,0,0
90,65,165,23.875114784205696,117,135,7.7,1,0,0,0,0,4,54,0,99,1,0,117,0,0,0,1,1,0,0
55,102,172,34.47809626825311,74,114,5.4,0,1,0,0,0,2,46,1,73,0,0,105,0,0,0,0,1,0,0
54,85,160,33.20312499999999,175,133,5.3,1,1,0,1,1,3,63,1,147,1,0,193,1,1,1,0,0,1,0
57,67,160,26.171874999999996,141,133,5.3,1,1,2,0,1,2,61,1,180,1,0,215,0,0,0,0,0,0,0
39,107,173,35.751278024658355,107,116,4.7,1,0,1,0,0,4,53,1,86,0,0,102,0,0,0,1,0,0,0
58,65,169,22.758306781975424,135,133,9.9,0,0,0,0,0,3,48,1,105,1,1,188,0,0,0,0,1,0,0
55,86,170,29.75778546712803,138,117,8.2,0,0,1,1,1,2,57,1,97,0,0,140,1,0,0,0,0,1,0
66,79,162,30.102118579484827,80,121,6.5,0,0,2,0,0,2,52,1,87,1,1,128,0,0,1,1,1,0,0
69,94,167,33.70504499982072,71,116,9.2,0,0,0,1,1,3,62,1,70,1,0,93,0,1,1,0,0,0,0
87,98,160,38.28124999999999,102,101,3.5,0,0,3,0,0,4,60,1,62,1,0,105,0,1,0,0,0,0,0
76,75,178,23.671253629592222,130,132,3.8,0,0,3,1,1,3,33,1,60,1,0,97,1,1,0,1,0,1,0
58,63,180,19.444444444444443,104,141,3.5,0,1,3,0,0,4,32,1,107,1,0,118,0,1,0,0,1,0,0
54,81,151,35.5247576860664,50,140,5.1,1,0,0,0,1,3,38,1,79,1,0,102,0,0,0,0,1,1,0
70,64,160,24.999999999999996,71,146,6.8,0,1,0,0,0,2,61,1,40,0,0,91,0,0,1,0,1,1,0
49,105,155,43.7044745057232,97,136,6.7,1,1,0,0,1,4,25,1,108,0,0,177,0,0,0,1,1,0,0
86,77,163,28.981143437841094,97,119,6.8,1,0,0,0,0,2,53,1,93,1,0,138,0,0,0,1,0,1,0
79,69,169,24.158817968558527,169,146,3.7,0,1,0,0,0,4,53,1,135,1,1,191,1,1,0,0,1,0,0
59,77,155,32.04994797086368,51,102,8.1,1,0,1,0,1,3,64,1,106,1,0,143,1,0,1,0,0,0,1
44,54,160,21.093749999999996,117,111,7.0,0,1,1,0,0,2,50,1,50,0,0,88,0,0,0,0,0,0,0
81,60,159,23.73323840037973,152,110,8.0,0,0,3,1,1,3,29,1,40,1,1,96,1,1,1,0,1,1,0
63,93,172,31.435911303407252,179,151,3.5,1,0,0,0,0,4,34,1,73,1,0,137,0,0,1,0,1,1,0
79,65,170,22.49134948096886,85,148,7.1,0,1,1,1,1,4,31,1,76,0,1,135,0,1,1,0,1,1,0
45,59,162,22.481329065691202,117,139,4.1,1,0,2,0,0,2,40,1,123,1,1,147,1,0,0,0,0,0,0
57,83,171,28.384802161348794,119,151,5.7,0,1,2,0,1,2,45,1,94,1,1,132,0,0,1,0,0,0,0
65,92,164,34.20582986317669,106,112,7.6,1,0,3,0,1,3,31,1,129,1,0,173,1,0,0,0,0,1,0
65,85,167,30.477966223242138,96,136,6.7,0,0,2,0,0,3,68,1,55,1,0,91,0,0,0,0,1,0,0
59,89,186,25.725517400855587,115,127,4.8,0,0,3,1,1,3,29,1,123,0,0,168,0,0,0,0,0,1,0
72,63,183,18.812147272238644,50,146,6.5,0,0,0,0,1,2,66,0,116,1,0,168,0,1,0,0,1,0,0
52,53,157,21.50188648626719,123,127,3.5,1,0,1,1,0,4,64,1,40,1,0,95,0,0,0,0,1,0,0
63,97,178,30.614821360939274,104,122,8.8,1,0,0,1,1,3,60,1,134,0,0,199,1,0,0,1,0,0,0
66,70,178,22.093170054286073,92,140,6.1,0,0,0,0,0,4,38,1,97,1,1,132,0,0,0,0,1,0,0
71,71,158,28.44095497516423,171,147,8.7,0,1,0,1,1,3,52,1,106,1,0,125,0,1,0,0,0,0,0
73,94,178,29.667971215755585,76,116,5.4,0,0,0,0,0,3,30,0,69,0,1,114,1,1,0,1,1,1,0
51,83,185,24.251278305332356,85,128,5.5,1,1,0,1,0,4,60,1,133,0,1,201,0,0,0,0,1,0,0
46,81,158,32.446723281525394,169,108,5.0,0,0,0,0,0,3,46,1,59,0,0,91,1,0,0,0,0,0,0
80,107,160,41.79687499999999,70,80,8.3,1,1,0,0,0,4,42,0,119,1,0,169,0,0,0,1,1,1,0
68,65,180,20.061728395061728,80,134,5.1,1,0,3,1,1,4,30,1,119,1,0,169,0,0,1,0,1,0,0
56,88,172,29.745808545159548,94,142,7.8,0,0,0,0,1,3,15,1,65,0,1,107,0,0,0,0,1,1,0
83,75,175,24.489795918367346,129,135,5.7,0,0,2,0,0,3,33,1,154,0,0,194,0,1,0,0,1,1,0
66,79,173,26.395803401383272,107,91,3.5,0,0,0,0,0,2,63,0,101,0,0,127,0,0,0,1,1,0,0
79,97,173,32.4100370877744,54,122,5.4,1,1,3,0,1,2,42,1,114,1,0,119,0,0,0,1,0,0,0
65,82,156,33.694937541091385,81,85,4.1,0,0,3,0,0,2,45,1,49,1,1,72,0,0,0,1,0,0,0
89,83,180,25.61728395061728,78,157,6.6,0,1,1,1,0,2,57,0,158,1,1,192,0,0,1,0,1,1,1
86,91,181,27.776929886145112,97,108,4.1,1,0,1,0,0,2,73,0,58,1,0,114,1,0,0,1,0,1,0
62,69,167,24.740937287102444,114,155,8.4,0,0,0,0,0,3,66,0,125,1,0,163,0,1,0,0,0,0,0
76,62,169,21.707923392038097,114,148,6.3,0,1,4,0,0,3,34,1,65,0,0,97,1,1,0,0,1,0,0
72,59,154,24.87771968291449,50,111,6.1,0,0,3,0,1,3,20,0,76,1,0,102,1,0,0,0,1,1,0
81,45,175,14.693877551020408,137,107,7.8,0,1,3,0,0,2,75,0,118,1,1,167,0,1,0,1,0,0,0
53,105,175,34.285714285714285,108,137,8.4,1,0,1,1,1,2,75,1,125,1,1,185,1,0,1,1,1,0,0
73,58,169,20.307412205454995,148,113,6.5,0,1,0,1,0,3,50,1,56,1,1,111,0,0,0,0,0,0,0
77,71,181,21.672110130948383,115,132,5.0,0,0,3,0,0,3,30,1,127,1,0,176,0,0,1,0,1,1,1
43,70,166,25.402816083611555,138,120,3.5,1,1,0,0,1,3,61,1,126,1,0,143,1,1,0,0,0,0,0
50,79,175,25.79591836734694,116,94,5.1,0,1,1,1,0,3,46,0,66,1,0,100,0,0,0,0,0,0,0
40,87,159,34.41319568055061,147,85,5.3,1,0,0,1,0,4,46,1,142,1,0,211,0,0,1,1,0,0,0
61,87,169,30.461118308182492,118,134,6.7,1,0,3,0,1,3,60,0,51,1,0,107,1,0,0,0,1,0,0
73,66,168,23.384353741496604,96,118,5.8,0,0,0,0,0,3,52,1,76,0,1,92,0,0,0,0,1,0,0
83,72,172,24.337479718766904,179,118,7.9,0,1,0,1,1,4,31,1,109,0,0,148,0,1,1,0,1,0,0
65,79,166,28.668892437218755,131,143,5.3,1,0,1,0,0,4,43,0,69,1,1,114,1,0,1,0,0,0,0
84,71,168,25.15589569160998,120,153,6.4,0,0,2,0,1,3,57,1,102,0,0,130,1,1,0,0,0,1,0
48,99,178,31.246054791061734,55,124,8.9,0,0,1,0,0,3,55,1,102,0,0,107,0,0,0,1,0,0,0
44,82,165,30.119375573921033,54,123,7.2,1,0,0,0,0,2,51,0,89,0,0,130,1,0,0,0,1,0,0
64,86,153,36.73800674954077,110,140,6.4,0,1,0,0,1,3,61,1,119,1,0,147,1,1,0,0,0,0,0
69,84,187,24.021275987303035,105,102,5.3,1,1,2,0,1,4,42,1,88,1,0,116,0,0,1,1,1,0,1
64,92,183,27.471707127713575,78,134,5.2,0,0,4,0,0,3,50,1,101,0,1,135,0,0,0,0,1,0,0
40,77,157,31.238589800803275,104,141,4.8,0,1,2,0,0,4,15,1,129,0,0,166,0,0,0,0,0,1,0
63,55,176,17.75568181818182,155,143,5.4,0,0,1,0,0,3,41,1,118,1,1,157,1,0,0,0,1,0,0
49,80,164,29.744199881023206,124,91,8.0,1,0,3,0,1,4,58,0,118,0,1,144,1,1,0,0,1,0,0
73,65,172,21.971335857220122,60,114,6.1,1,0,0,1,1,3,42,0,60,0,0,96,0,0,1,0,1,0,0
69,67,172,22.647376960519203,96,112,3.8,1,1,1,1,1,2,41,1,110,1,1,123,0,0,1,0,1,1,0
53,83,167,29.760837606224676,71,131,10.0,0,1,1,0,0,3,33,0,68,1,0,112,0,0,0,0,1,1,0
58,93,162,35.43667123914037,86,139,7.1,0,1,0,0,1,2,62,1,56,0,1,54,0,1,0,0,0,1,0
52,75,163,28.228386465429637,85,159,3.7,0,0,2,1,0,2,55,1,92,1,0,127,0,0,0,0,1,0,0
64,79,160,30.859374999999993,83,120,5.6,0,0,1,0,0,4,59,0,67,0,0,120,0,1,0,1,1,1,0
76,100,161,38.57875853555032,56,120,6.7,0,0,0,0,0,2,23,0,118,1,0,142,1,0,1,0,0,0,0
53,78,169,27.309968138370508,95,152,9.9,0,1,0,1,1,3,45,1,119,0,0,169,0,0,0,0,0,0,0
71,114,162,43.438500228623674,80,135,4.3,0,1,0,0,1,2,44,1,40,0,1,97,0,1,0,1,1,0,0
58,83,176,26.794938016528928,50,155,8.5,1,1,1,1,0,2,44,1,70,1,1,61,1,0,0,0,1,1,0
55,48,184,14.177693761814744,171,135,9.3,0,0,0,1,1,4,39,1,51,1,1,88,0,1,1,0,1,1,0
63,86,164,31.975014872099948,138,106,5.2,1,0,0,0,1,3,43,0,81,0,0,78,0,1,0,0,0,0,0
52,80,172,27.041644131963228,86,103,5.9,0,0,1,0,0,3,59,1,108,0,0,146,0,0,0,0,1,0,0
58,94,174,31.04769454353283,100,98,4.4,0,0,1,0,0,3,21,0,87,1,0,126,0,0,0,0,0,1,0
50,85,174,28.075042938300964,58,143,6.1,0,0,2,0,1,3,72,1,77,1,0,79,0,0,0,0,0,0,0
88,72,170,24.913494809688583,159,153,6.4,0,0,1,0,1,4,54,1,134,0,0,202,1,1,0,0,0,1,0
65,56,177,17.87481247406556,166,166,7.8,0,0,3,0,0,3,47,1,40,1,0,84,1,0,0,0,0,0,0
56,71,174,23.450918219051392,105,146,8.7,0,1,3,0,0,3,60,1,132,0,0,159,0,1,0,1,0,0,0
67,62,157,25.153150229218223,135,153,5.0,0,1,2,1,0,4,27,1,78,1,0,139,0,0,1,0,1,0,0
63,66,178,20.830703194041156,106,118,3.5,1,0,1,0,0,2,38,1,92,0,0,105,0,0,0,0,1,1,0
62,83,178,26.19618735008206,53,106,6.5,1,0,0,0,1,3,46,1,79,0,0,100,0,1,0,0,1,0,0
72,100,162,38.10394756896814,85,147,7.1,1,0,4,0,0,4,67,1,141,0,1,146,0,0,0,1,0,1,1
74,80,170,27.68166089965398,104,138,7.0,0,1,0,0,1,3,47,1,58,0,0,125,0,0,0,0,0,1,0
58,57,176,18.401342975206614,84,132,5.8,0,1,0,0,0,4,54,1,95,0,1,139,0,1,0,0,1,0,0
58,81,167,29.043708989207214,92,137,6.7,0,1,0,0,0,3,39,0,110,0,0,159,0,0,1,0,0,0,0
61,92,180,28.39506172839506,96,136,9.5,0,1,0,0,0,4,54,0,46,0,1,90,0,1,0,0,0,1,0
37,65,193,17.450132889473544,97,155,7.3,0,0,4,1,1,4,71,0,67,0,0,115,0,0,1,0,0,0,0
46,72,162,27.43484224965706,101,155,5.8,0,0,1,1,0,2,61,1,90,1,0,131,0,0,0,0,1,0,0
81,75,156,30.818540433925047,62,140,5.5,0,0,1,0,1,2,46,0,68,0,0,112,0,0,0,0,0,1,0
84,63,173,21.04981790236894,74,146,6.2,0,0,1,0,0,3,57,1,70,1,1,111,0,1,0,1,0,0,0
62,84,177,26.812218711098343,55,140,9.8,0,1,1,0,0,3,56,1,84,0,0,114,0,0,0,0,1,0,0
71,73,167,26.175194521137367,134,120,6.1,1,0,0,0,0,2,55,0,114,0,0,153,0,0,1,0,1,0,0
68,81,184,23.92485822306238,50,145,6.5,1,0,1,0,0,2,63,1,84,1,1,128,0,0,0,0,0,1,1
90,61,156,25.06574621959237,140,102,5.5,1,0,2,1,1,3,63,0,127,1,0,168,1,0,1,1,0,0,1
78,68,176,21.952479338842977,148,151,8.7,1,1,0,0,0,4,46,1,65,0,0,82,1,0,0,0,0,1,0
63,85,163,31.992171327486922,89,106,10.4,0,0,2,0,1,3,56,1,57,0,0,76,0,0,0,0,0,0,0
53,69,187,19.73176241814178,50,135,7.4,1,1,0,0,0,3,42,1,152,1,0,208,0,1,1,1,1,0,0
45,100,189,27.994736989445986,87,113,6.7,1,0,0,1,0,2,35,0,75,1,0,110,0,0,1,1,0,0,0
67,69,162,26.291723822588015,97,141,6.6,0,0,0,1,0,3,44,1,55,1,0,103,0,1,1,0,0,0,0
55,78,164,29.000594883997625,64,129,3.5,0,0,0,0,0,2,46,1,42,0,1,65,1,0,1,0,0,0,0
47,88,178,27.77427092538821,81,98,8.0,1,1,2,0,1,2,24,1,127,0,1,144,0,0,0,0,1,0,0
57,53,166,19.233560749020178,153,138,6.8,0,0,2,0,1,4,60,1,84,1,0,111,0,0,1,0,0,0,0
52,48,169,16.806134238997235,123,118,7.4,1,1,0,0,0,4,15,0,87,1,0,123,1,1,0,1,1,0,0
85,52,170,17.99307958477509,67,147,5.1,0,0,1,0,0,2,75,1,90,1,1,120,1,0,0,0,0,0,0
75,93,150,41.333333333333336,50,130,5.7,0,0,2,1,1,2,69,1,125,1,1,184,0,0,1,0,1,0,0
64,66,169,23.1084345786212,88,137,5.7,0,1,0,0,1,3,44,0,89,1,1,131,0,0,0,0,0,0,0
82,113,163,42.530768941247324,92,110,8.5,0,0,0,1,1,3,48,1,165,0,0,232,1,1,1,0,0,0,1
65,66,165,24.242424242424246,117,118,5.7,1,1,4,0,0,2,52,1,99,0,1,145,0,0,0,0,1,0,0
54,77,184,22.743383742911153,81,120,10.7,1,1,1,1,0,3,39,1,126,1,1,129,0,0,0,0,1,1,0
83,98,157,39.75820520102235,117,147,7.4,0,0,4,1,1,2,50,0,119,0,0,174,0,1,1,1,1,0,1
71,105,178,33.13975508142911,167,163,3.9,0,1,0,0,1,3,45,0,93,0,0,110,0,0,0,0,0,0,1
52,105,167,37.64925239341676,128,113,6.2,1,0,2,0,0,3,46,1,77,0,0,120,0,0,0,0,0,0,0
62,93,167,33.34648069131199,98,151,5.2,0,0,0,0,1,3,50,1,104,0,0,132,0,0,1,0,1,0,0
54,90,177,28.72737719046251,93,86,3.5,0,0,0,1,1,3,29,0,110,0,1,182,1,1,0,0,1,0,0
48,83,173,27.732299776136855,87,106,9.7,0,1,1,0,0,4,48,1,77,1,1,138,0,0,0,0,0,0,0
76,86,175,28.081632653061224,141,110,7.9,1,0,0,0,0,4,50,0,99,0,1,127,0,1,0,0,1,0,0
87,66,179,20.598608033457133,78,102,7.6,1,1,0,0,0,2,49,1,132,1,1,170,0,0,1,0,1,0,1
48,62,166,22.49963710262738,101,98,6.8,0,1,0,0,0,2,44,1,157,0,0,200,0,0,1,0,1,0,0
71,74,163,27.85200797922391,101,138,3.7,0,0,0,0,1,3,63,1,120,0,0,172,0,1,0,0,0,1,0
57,72,159,28.479886080455675,82,125,5.5,1,0,2,0,0,2,43,1,150,1,1,190,1,0,0,1,1,1,0
59,68,161,26.23355580417422,51,137,8.2,1,0,1,0,1,3,51,1,76,1,0,100,0,0,0,0,0,0,0
57,85,195,22.353714661406972,111,143,4.4,0,0,0,0,1,3,66,1,116,0,0,145,0,0,1,0,0,0,0
54,89,182,26.86873565994445,97,135,3.5,0,0,0,1,0,3,46,1,135,1,0,174,0,0,0,0,0,0,0
65,76,156,31.22945430637738,117,143,6.0,1,1,0,1,0,3,51,1,68,0,0,126,1,0,0,0,0,0,0
55,97,156,39.85864562787639,81,128,6.2,0,1,1,0,1,3,46,0,80,1,0,126,0,0,0,0,1,0,0
68,57,174,18.826793499801823,142,106,6.8,0,1,0,1,1,4,65,1,147,0,0,175,1,1,0,0,1,0,0
64,72,175,23.510204081632654,69,151,8.0,0,1,2,0,1,2,44,0,65,0,0,114,0,0,0,0,1,0,0
62,64,175,20.897959183673468,159,118,7.8,0,1,0,0,0,3,65,1,54,1,1,88,1,1,1,0,1,0,0
54,47,167,16.85252249991036,50,111,7.0,0,0,0,0,0,2,46,0,140,1,1,193,0,0,0,0,0,0,0
58,73,168,25.86451247165533,115,126,8.9,0,1,3,0,0,2,35,1,130,0,1,207,0,0,1,1,1,1,0
74,73,173,24.3910588392529,116,111,3.5,1,1,2,0,1,3,57,0,107,1,0,141,0,1,0,0,0,0,0
71,97,170,33.564013840830455,72,121,7.5,0,0,0,0,0,2,43,1,93,0,1,145,0,0,1,1,1,0,0
53,84,150,37.333333333333336,114,136,7.8,0,1,2,0,1,2,56,1,81,1,1,109,0,0,0,0,1,0,0
66,59,167,21.15529420201513,144,136,4.0,0,0,1,1,0,2,15,1,103,0,0,141,0,0,1,0,1,1,0
74,102,161,39.35033370626133,50,112,3.5,1,1,2,0,1,3,48,1,142,1,1,182,1,0,0,1,1,0,0
44,93,171,31.80465784343901,117,120,5.0,1,1,1,0,1,3,41,1,102,0,0,139,0,0,1,0,1,0,0
71,83,195,21.827744904667984,50,151,5.2,0,1,1,1,0,2,33,1,160,0,1,236,0,0,0,0,1,0,0
57,71,173,23.722810651876106,66,139,8.0,1,0,4,1,1,3,40,1,68,1,0,103,0,0,1,0,0,0,0
71,60,166,21.773842357381334,157,171,5.3,0,1,0,0,0,2,39,1,94,1,0,142,1,0,0,0,1,0,0
55,69,179,21.534908398614277,79,153,4.8,1,0,1,0,0,3,47,0,83,1,0,94,0,0,0,0,0,0,1
43,91,174,30.056810675122207,58,152,5.3,0,0,1,0,0,3,28,1,62,0,0,108,0,0,0,1,0,1,0
45,103,174,34.020346148764695,93,102,8.7,1,1,0,0,0,3,52,1,90,1,0,147,0,0,1,1,1,0,0
65,98,176,31.63739669421488,172,145,6.5,0,1,0,0,0,4,67,1,107,1,1,139,1,0,0,0,0,0,0
68,67,190,18.559556786703602,50,128,6.1,0,1,0,0,1,4,51,1,110,1,1,112,1,0,0,0,1,0,0
54,58,158,23.233456176894723,63,118,6.3,1,0,1,1,1,2,59,1,160,1,1,199,0,0,1,0,1,0,0
72,77,174,25.43268595587264,152,133,9.1,0,0,1,0,0,4,63,0,108,0,0,148,1,0,1,0,0,0,0
45,48,160,18.749999999999996,165,148,5.0,0,1,1,1,1,2,65,1,129,1,1,179,1,0,0,0,0,0,0
64,79,175,25.79591836734694,96,140,9.1,0,0,0,1,1,4,74,1,96,1,0,166,0,0,1,0,0,0,0
50,72,160,28.124999999999993,56,112,6.9,1,0,1,1,1,2,41,1,145,0,1,179,0,0,1,0,1,0,0
57,68,165,24.977043158861342,173,144,6.2,0,1,3,0,1,3,37,1,166,1,0,193,0,0,0,1,1,1,0
65,51,167,18.286779733945284,155,117,11.5,0,0,0,1,0,2,58,0,110,1,0,132,0,0,0,0,1,0,0
54,82,179,25.592209980961893,123,134,4.4,1,1,1,0,0,2,57,1,65,1,1,107,1,0,0,0,0,0,0
60,67,179,20.91070815517618,71,123,5.8,0,0,2,0,1,3,58,0,78,0,1,125,0,0,0,0,1,0,0
77,57,157,23.124670372023203,98,125,4.0,0,0,2,0,0,4,74,1,103,1,0,134,0,0,0,1,1,1,0
58,45,170,15.570934256055365,94,145,8.4,1,0,1,0,0,3,48,1,108,0,1,159,0,0,0,0,0,0,0
75,74,162,28.19692120103642,111,109,9.9,0,0,3,1,0,3,53,1,115,1,0,161,0,1,1,0,0,0,0
51,101,157,40.97529311533936,150,168,9.8,0,0,0,1,0,3,34,1,108,1,1,148,0,0,0,0,1,0,0
71,99,167,35.49786654236437,130,93,8.9,0,0,3,0,0,2,75,1,95,1,0,121,0,0,0,0,1,0,0
82,68,166,24.677021338365513,62,118,6.1,1,0,0,0,0,2,43,0,75,0,0,107,1,1,0,0,1,0,0
35,65,194,17.270698267616112,148,137,5.8,0,0,0,0,0,2,43,1,107,1,0,110,1,0,1,0,0,0,0
55,82,174,27.08415906989034,110,141,3.5,1,0,0,0,1,3,43,0,150,1,0,193,0,1,1,0,0,0,0
71,60,156,24.654832347140037,124,127,10.6,1,0,2,1,0,2,38,1,125,0,1,165,0,0,0,0,1,1,0
62,79,164,29.372397382510414,151,128,7.4,0,0,0,0,0,2,37,0,111,1,0,153,1,0,0,0,1,0,1
69,86,180,26.54320987654321,61,138,5.5,1,1,0,1,0,2,40,1,125,1,0,172,0,0,0,0,0,0,0
57,93,190,25.761772853185597,98,125,9.2,0,1,0,0,0,2,28,0,83,1,0,128,0,0,0,0,0,1,0
66,73,154,30.78090740428403,81,157,4.6,0,1,3,0,0,4,37,1,79,0,0,117,1,0,0,0,0,1,0
63,71,151,31.138985132231042,50,146,7.3,1,0,2,0,0,2,75,1,72,0,1,112,0,1,0,0,0,0,0
79,61,188,17.25894069714803,112,147,6.2,1,1,1,0,0,3,58,1,91,1,0,109,0,0,0,1,1,0,0
68,62,173,20.715693808680545,187,110,7.8,0,1,1,0,1,3,60,1,82,0,0,113,1,0,0,0,0,0,0
69,71,161,27.390918560240728,50,128,6.4,0,1,1,1,0,3,64,1,131,0,0,171,1,1,0,0,1,0,1
60,80,175,26.122448979591837,98,123,3.6,0,0,0,1,0,2,73,1,80,1,0,108,0,0,0,0,0,1,0
59,88,150,39.111111111111114,122,109,6.7,0,1,3,0,0,3,23,1,70,0,1,122,0,0,0,0,1,0,0
59,62,170,21.453287197231838,104,137,8.6,0,1,0,0,1,2,30,1,153,1,0,183,0,0,0,0,1,0,0
69,97,173,32.4100370877744,96,119,6.4,0,1,0,0,1,3,36,1,81,1,0,124,0,0,0,0,0,0,0
59,70,179,21.847008520333322,54,143,8.1,1,0,0,0,1,2,41,0,99,1,1,140,1,0,1,1,0,0,0
68,74,159,29.270994027135,108,108,4.4,0,0,1,0,0,3,43,1,108,1,0,159,0,0,0,0,0,1,0
89,63,170,21.79930795847751,73,164,6.4,0,0,1,0,0,3,41,1,60,0,1,113,0,1,0,0,1,1,0
75,45,160,17.578124999999996,50,112,5.3,1,0,1,1,0,3,51,0,132,0,0,182,0,1,1,0,1,1,0
61,88,172,29.745808545159548,141,134,8.0,1,1,0,0,1,3,48,1,114,1,1,122,1,1,0,1,0,0,0
79,86,161,33.17773234057328,133,145,6.6,0,0,1,1,0,3,37,1,141,0,0,198,1,0,1,1,1,0,0
60,70,165,25.71166207529844,101,118,7.9,0,0,0,0,1,4,17,0,74,1,0,136,0,0,0,0,0,0,0
40,76,160,29.687499999999993,108,147,8.7,0,0,0,1,1,2,34,1,97,1,0,129,0,0,1,0,1,0,0
52,82,176,26.47210743801653,137,105,7.9,0,0,0,0,1,3,40,1,96,0,1,139,1,0,0,1,0,0,0
42,51,178,16.09645246812271,107,159,7.0,0,0,2,0,0,3,44,0,102,1,1,128,0,0,0,0,0,0,0
60,67,167,24.023808670084982,131,130,4.5,1,1,0,1,1,3,32,1,51,0,0,61,0,0,0,0,1,0,0
65,86,170,29.75778546712803,89,118,6.5,0,1,1,0,0,2,41,1,98,0,1,126,1,0,0,0,1,0,1
85,56,155,23.309053069719038,145,124,5.4,0,0,2,0,0,3,32,0,52,1,0,83,1,1,1,0,1,0,0
68,79,167,28.326580372189753,111,146,5.8,0,0,1,0,0,2,46,1,105,1,1,139,1,0,0,0,1,0,0
62,54,169,18.906901018871892,106,118,5.8,0,0,1,1,1,2,32,1,40,1,1,65,0,0,1,0,1,1,1
74,81,195,21.301775147928996,55,115,4.5,0,0,0,1,0,2,36,1,40,0,0,68,0,0,1,0,1,0,0
38,74,158,29.642685467072578,110,125,3.5,1,1,0,0,0,2,29,1,119,0,1,158,0,1,1,0,1,0,0
67,50,184,14.768431001890358,70,106,5.2,0,1,1,0,0,3,45,1,78,0,0,106,0,0,1,0,0,0,0
74,92,179,28.71321119815237,77,166,6.9,0,1,1,1,1,4,35,1,65,0,0,113,0,1,1,0,1,0,0
47,63,172,21.29529475392104,71,118,3.8,0,1,2,0,1,2,60,0,133,0,0,183,1,1,0,0,1,0,0
78,62,187,17.72998941919986,62,146,6.5,1,0,3,0,1,4,53,1,104,1,1,179,0,1,1,0,1,1,0
69,78,173,26.061679307694877,174,134,10.3,0,1,0,0,0,4,47,1,121,1,1,177,0,0,0,0,1,0,1
60,92,173,30.73941661933242,146,110,8.5,0,1,0,0,0,4,36,0,90,0,1,133,0,0,1,1,0,1,0
72,59,169,20.65754000210077,167,129,9.8,1,1,1,0,0,4,53,1,175,0,1,205,0,0,0,1,1,0,0
90,75,182,22.6421929718633,57,145,7.3,0,0,0,0,0,3,57,0,76,1,1,120,0,1,0,0,0,0,0
67,81,180,25.0,102,126,8.8,0,1,0,0,1,2,49,1,147,1,0,191,1,0,1,0,1,0,0
67,85,163,31.992171327486922,54,153,5.1,0,1,3,0,0,3,70,1,93,1,0,125,0,0,0,0,1,0,0
59,77,156,31.640368178829714,75,150,5.2,0,1,0,0,0,3,54,1,45,0,0,96,0,0,0,0,0,0,0
54,69,167,24.740937287102444,67,148,3.5,0,0,3,0,0,4,60,0,109,0,0,128,1,0,0,0,0,0,0
74,62,161,23.9188302920412,143,120,8.9,1,1,2,1,1,4,49,1,104,1,0,140,1,0,1,1,1,0,0
54,76,169,26.609712545078956,86,108,9.6,0,1,2,0,0,3,57,0,63,1,0,111,0,1,0,0,0,0,0
65,58,182,17.509962564907617,137,117,5.4,0,1,0,0,0,3,36,1,67,0,1,102,1,0,0,0,1,0,0
59,45,165,16.528925619834713,121,133,6.0,0,1,0,1,1,2,41,1,94,1,1,130,0,1,1,0,1,0,1
70,81,169,28.360351528307834,180,140,5.0,0,1,1,0,0,2,52,1,105,0,0,142,1,0,1,0,0,0,0
69,88,170,30.449826989619382,50,86,7.3,0,0,0,0,1,3,52,1,40,0,1,67,0,1,0,0,1,0,0
77,45,178,14.202752177755334,144,129,8.7,1,1,0,0,0,3,55,1,126,1,0,183,0,1,1,0,1,0,0
58,59,150,26.22222222222222,140,133,3.5,0,0,0,1,1,4,63,0,80,0,1,104,0,0,1,0,0,0,0
61,84,163,31.615792841281195,65,124,7.3,1,1,0,1,0,3,28,1,55,1,0,99,0,0,0,0,1,0,0
53,105,172,35.49215792320173,135,155,5.9,0,0,0,1,0,4,34,1,123,0,0,169,1,0,0,0,0,0,0
59,75,182,22.6421929718633,111,138,6.7,0,0,2,1,1,3,51,1,94,0,1,119,0,0,1,0,1,0,0
69,64,165,23.507805325987146,92,156,7.4,0,1,0,0,0,4,37,0,131,0,0,172,0,0,0,0,0,1,0
74,72,151,31.577562387614577,71,125,6.1,0,1,0,0,0,2,75,1,108,0,0,134,0,0,0,0,0,0,0
53,95,176,30.668904958677686,74,148,6.3,0,1,1,0,0,4,55,1,94,0,0,154,0,0,1,0,0,0,0
75,65,163,24.46460160337235,171,162,6.1,0,1,4,0,1,3,46,1,90,1,0,112,1,0,0,0,1,0,0
81,63,158,25.236340330075304,100,156,8.4,1,1,0,0,0,2,40,1,109,1,1,139,0,1,0,0,1,0,0
69,67,163,25.21735857578381,127,108,7.3,0,0,0,0,1,2,41,1,82,0,0,103,0,0,0,1,0,0,0
87,60,168,21.258503401360546,72,124,6.9,0,0,1,0,1,4,48,0,69,0,1,88,1,1,1,1,1,0,0
55,76,163,28.604764951635367,72,123,4.0,0,0,3,1,1,2,49,0,113,1,0,176,0,0,1,0,1,0,0
50,99,150,44.0,137,139,5.7,0,0,2,0,0,3,41,1,90,0,0,138,0,0,1,1,1,0,0
43,79,178,24.933720489837143,52,143,8.3,0,0,1,0,0,3,44,1,96,0,0,138,0,0,0,0,0,0,0
82,71,182,21.434609346697258,85,113,6.6,0,1,0,0,1,3,66,1,127,0,1,157,0,0,0,0,1,0,0
72,70,176,22.59814049586777,101,131,7.8,0,1,1,0,0,4,67,1,91,1,0,144,0,0,0,0,0,1,0
64,51,158,20.429418362441915,103,89,10.0,1,0,0,0,0,3,51,1,95,0,0,122,0,1,0,0,0,0,0
68,88,167,31.553659148768332,93,158,8.6,1,0,1,0,0,3,29,1,77,1,0,128,1,0,0,1,1,0,0
51,73,169,25.55932915514163,113,119,6.7,0,1,2,0,0,4,55,1,107,0,0,133,0,0,0,0,0,0,0
90,72,175,23.510204081632654,124,131,5.5,0,0,4,1,0,3,69,1,105,0,1,135,1,1,1,0,1,0,0
66,122,176,39.385330578512395,125,123,3.5,1,0,0,1,0,4,67,1,122,0,0,173,1,0,1,0,0,0,0
66,79,162,30.102118579484827,65,152,6.2,0,1,0,0,1,3,58,1,77,1,0,129,1,1,0,1,0,0,0
73,63,170,21.79930795847751,90,73,5.8,0,1,1,0,0,2,67,0,81,1,0,129,0,0,0,1,1,0,0
70,68,174,22.460034350640772,141,129,7.3,0,0,2,0,0,3,48,0,118,0,0,142,0,0,0,0,1,0,0
67,92,184,27.173913043478258,131,127,6.2,0,1,2,1,0,3,56,1,102,0,0,135,0,0,1,0,0,0,0
55,76,177,24.258674071946118,51,120,5.9,0,0,0,0,0,2,38,1,67,1,0,109,0,0,0,0,1,0,0
70,53,177,16.917233234383477,112,164,3.5,0,1,0,0,0,2,52,1,134,1,0,161,1,0,0,0,1,0,0
87,88,170,30.449826989619382,50,112,4.6,0,0,1,1,1,2,66,1,44,0,0,104,0,1,0,0,0,0,0
81,64,184,18.90359168241966,101,145,7.5,0,0,0,0,1,3,39,0,118,1,0,121,1,0,0,0,1,0,0
84,103,174,34.020346148764695,166,137,9.9,1,1,3,0,0,4,35,0,57,0,1,85,0,1,0,1,1,0,0
58,91,161,35.10667026735079,66,155,6.3,0,0,1,0,0,2,49,1,151,0,1,183,1,0,0,0,0,0,0
53,68,184,20.085066162570886,70,116,7.2,0,1,2,0,0,3,44,1,48,0,0,46,0,1,0,0,1,0,0
63,94,176,30.34607438016529,126,115,8.4,0,0,1,0,1,4,57,1,129,1,0,148,0,1,0,0,1,0,0
65,76,165,27.915518824609737,50,151,4.9,1,0,2,0,1,2,41,0,92,0,1,141,0,0,0,0,0,0,0
78,87,165,31.95592286501378,77,138,7.2,1,0,0,1,1,3,72,1,84,1,1,124,0,1,1,0,0,0,0
44,82,172,27.717685235262305,120,99,5.0,0,0,2,0,0,4,29,1,100,1,0,163,0,0,0,0,1,0,0
83,62,174,20.478266613819528,77,119,8.2,0,1,0,0,1,4,65,1,113,1,1,176,0,1,1,1,1,0,1
63,65,171,22.229061933586404,91,137,6.8,1,0,1,0,0,2,37,1,67,0,1,113,0,0,0,1,1,0,0
59,90,173,30.071168431955627,126,146,7.1,1,1,0,1,0,2,22,0,70,0,0,114,0,0,0,0,0,0,0
52,69,186,19.944502254595903,114,116,4.9,0,1,1,0,1,2,51,1,114,1,0,154,0,0,0,0,1,0,0
45,68,180,20.98765432098765,109,71,7.9,0,1,0,0,1,3,44,1,43,1,1,43,1,0,0,1,0,0,0
74,60,171,20.519134092541297,88,140,10.7,0,0,0,0,0,3,32,1,77,1,0,96,0,0,0,0,0,1,0
65,81,179,25.280109859242845,112,105,4.5,1,1,4,1,0,3,24,1,186,0,1,227,0,1,0,0,1,0,0
49,105,159,41.53316720066453,95,89,5.8,0,0,0,0,0,3,47,0,65,0,1,114,0,0,1,0,0,0,0
49,58,173,19.37919743392696,116,73,7.0,0,0,2,0,0,2,61,1,129,1,1,173,0,0,0,0,1,0,0
60,75,188,21.22000905387053,82,146,8.1,1,0,4,0,0,3,56,1,77,0,0,103,0,1,0,1,1,1,0
85,96,167,34.42217361683818,93,132,5.4,1,0,0,1,1,3,48,0,110,1,0,164,1,0,0,1,0,0,0
61,73,161,28.162493730951734,65,125,3.5,1,0,1,0,1,3,54,0,114,0,0,176,1,0,0,0,1,0,0
46,81,163,30.48665738266401,98,157,9.2,1,1,0,0,1,3,47,1,128,0,1,182,0,0,1,0,1,0,0
62,59,159,23.337684427040067,71,142,8.0,0,0,0,1,1,3,27,0,88,0,1,142,0,0,1,1,0,1,0
61,81,162,30.864197530864192,61,162,3.5,0,0,0,1,0,2,28,1,154,0,0,185,0,0,0,0,1,1,0
32,72,166,26.1286108288576,109,102,5.3,0,1,3,0,1,2,45,1,77,0,0,133,0,0,0,0,0,0,0
64,89,155,37.04474505723204,107,129,9.6,1,0,0,1,0,2,45,1,102,1,1,144,0,0,1,0,1,0,0
62,92,170,31.83391003460208,127,97,9.4,0,0,1,0,0,2,59,1,102,0,1,149,0,0,1,0,1,0,0
73,113,179,35.26731375425236,84,125,8.4,1,0,1,0,0,3,58,0,61,0,0,106,0,0,1,1,0,0,0
87,83,160,32.42187499999999,114,125,6.1,0,1,3,1,0,2,56,0,86,1,0,124,1,1,1,1,0,0,0
78,79,185,23.08254200146092,119,142,6.7,1,0,0,0,1,2,44,1,99,0,1,126,0,1,0,0,0,0,0
61,77,175,25.142857142857142,115,130,6.2,0,0,1,0,1,3,28,1,82,0,1,120,0,0,0,0,1,0,0
51,69,180,21.296296296296294,71,142,8.8,0,0,1,0,0,3,53,1,168,1,1,222,1,1,0,0,1,0,0
90,80,163,30.11027889645828,105,144,4.7,1,1,1,0,1,3,55,1,69,1,0,102,0,1,1,1,0,0,0
65,70,178,22.093170054286073,112,173,4.9,0,1,3,0,0,3,15,0,130,0,0,183,0,0,0,0,1,1,0
65,77,159,30.457655947153988,100,123,8.5,1,1,2,0,1,3,36,0,120,0,0,171,0,0,0,0,1,0,0
64,94,178,29.667971215755585,50,111,6.4,0,0,0,1,0,4,38,1,94,1,1,129,0,0,1,0,1,0,0
67,59,171,20.177148524332274,105,134,9.3,1,0,1,0,0,2,49,1,69,0,1,129,1,0,0,0,0,0,0
63,92,175,30.040816326530614,177,113,5.2,0,0,0,0,0,3,36,1,71,1,1,105,1,0,0,0,1,0,0
58,94,158,37.6542220797949,87,159,6.4,0,0,0,1,1,4,47,0,79,1,0,141,1,1,1,0,1,0,0
58,73,161,28.162493730951734,74,124,4.7,1,0,1,0,0,4,45,0,41,1,1,87,0,0,0,0,0,0,0
64,45,175,14.693877551020408,113,118,6.5,0,0,0,0,1,2,45,1,64,0,0,103,1,0,0,0,1,0,0
58,65,160,25.390624999999996,110,120,3.5,0,0,0,0,0,3,37,1,50,0,0,76,0,0,0,0,0,0,0
56,94,174,31.04769454353283,141,144,5.5,0,1,4,0,1,2,39,1,135,1,0,173,0,0,1,1,1,1,0
66,74,156,30.407626561472714,55,126,3.6,0,0,0,0,1,3,32,1,113,0,1,149,1,0,1,0,1,1,0
61,60,178,18.93700290367378,125,117,7.9,0,1,3,0,0,3,53,1,118,0,1,139,1,0,0,0,1,0,0
83,67,157,27.18163008641324,120,163,7.9,1,0,1,0,0,3,55,1,112,1,0,148,0,1,0,0,0,1,1
33,87,175,28.408163265306122,95,112,3.5,0,0,1,0,1,3,37,1,100,0,0,127,0,0,0,0,1,0,0
78,83,176,26.794938016528928,111,130,9.2,0,0,2,0,1,3,69,0,138,0,1,186,0,0,1,1,1,1,0
79,71,163,26.722872520606725,136,143,11.5,0,0,0,1,1,3,43,1,76,1,0,135,0,0,0,0,0,1,0
40,69,175,22.53061224489796,130,97,6.6,0,0,0,1,0,4,69,0,98,0,1,119,0,0,1,0,0,0,0
60,69,172,23.323418063818284,59,139,5.2,0,0,0,0,0,3,39,0,117,0,0,182,0,0,0,0,1,0,0
60,61,164,22.679952409280194,128,108,12.1,1,1,0,0,1,2,19,0,55,0,0,93,1,0,1,1,1,0,0
48,99,159,39.15984336062655,97,146,3.9,1,1,3,1,0,3,53,1,187,1,0,212,0,0,0,1,1,1,0
55,70,150,31.11111111111111,102,110,6.5,0,0,2,0,0,2,51,1,95,0,0,146,0,0,0,1,0,0,0
51,93,173,31.073540713020815,102,143,6.9,0,1,0,1,0,3,48,0,99,0,0,132,0,1,0,0,0,0,0
86,97,154,40.90065778377467,94,152,9.2,1,1,0,0,1,4,39,1,132,1,0,170,1,1,1,0,1,1,0
76,89,170,30.795847750865054,141,147,7.2,0,1,0,1,1,4,47,1,122,1,0,155,0,0,1,0,0,1,0
80,68,167,24.38237297859371,97,135,5.5,0,1,0,0,0,3,40,1,96,0,0,123,0,0,0,0,1,0,1
73,81,176,26.149276859504134,60,125,4.6,0,0,1,0,0,2,43,1,98,1,1,148,1,1,0,1,1,0,0
51,74,166,26.854405574103644,86,118,5.8,0,0,0,0,0,2,59,0,49,0,0,84,0,0,0,0,0,0,1
58,61,166,22.136739730004358,106,159,4.5,1,0,1,0,0,3,50,0,78,1,0,96,1,0,0,0,0,0,0
70,79,177,25.2162533116282,143,116,6.6,1,0,0,0,0,2,56,1,110,0,1,158,1,0,0,1,1,0,0
50,57,173,19.045073340238563,121,109,5.4,0,0,0,0,1,3,44,1,108,0,0,129,0,0,0,0,1,0,0
73,92,173,30.73941661933242,70,143,3.5,0,1,1,0,0,2,43,1,131,1,0,153,0,0,1,0,1,1,0
62,68,174,22.460034350640772,186,114,9.0,1,1,1,0,0,3,31,1,91,0,1,148,1,0,0,0,0,0,0
60,78,154,32.889188733344575,109,110,5.5,1,1,4,0,1,2,42,1,53,0,1,75,0,0,0,0,1,0,0
73,79,177,25.2162533116282,144,101,4.0,0,1,3,0,0,4,15,1,126,0,1,131,0,0,0,0,1,0,0
70,71,176,22.920971074380166,94,120,6.2,0,1,0,0,0,3,39,1,138,1,0,187,0,0,1,0,1,1,0
60,83,159,32.83097978719196,118,128,6.6,0,1,0,0,0,3,46,0,121,0,1,156,0,0,1,1,1,0,0
78,67,167,24.023808670084982,129,134,3.5,1,0,2,0,0,2,55,1,90,0,0,126,1,0,0,1,0,0,0
52,88,169,30.811246104828268,142,149,7.2,1,0,3,0,1,3,44,0,126,0,0,161,1,1,0,1,1,0,0
72,54,168,19.13265306122449,137,140,4.4,0,0,2,0,0,2,52,0,197,0,1,240,1,0,1,0,0,0,0
72,76,173,25.393431120318084,130,126,9.9,1,1,0,0,0,3,17,0,98,0,0,126,0,1,0,0,1,0,0
61,104,184,30.718336483931946,88,126,7.5,0,0,4,0,1,4,47,1,55,0,1,117,1,0,1,0,0,0,0
68,59,180,18.209876543209877,79,140,5.7,0,1,0,0,1,3,24,0,77,0,0,94,1,0,0,0,0,0,0
49,64,156,26.298487836949374,111,155,5.0,0,0,2,0,0,3,31,0,113,0,0,159,0,0,1,0,0,0,0
76,82,176,26.47210743801653,132,132,6.3,0,0,3,1,0,3,45,1,46,1,1,95,1,0,0,0,0,0,0
62,77,183,22.99262444384723,92,120,7.7,0,1,0,0,1,4,65,1,100,1,0,128,0,0,0,0,1,0,0
58,80,173,26.729927495071667,137,110,6.4,0,0,3,0,0,4,53,1,106,1,1,130,1,0,0,0,0,0,0
77,82,180,25.30864197530864,150,101,6.1,0,0,0,0,1,3,48,1,141,0,1,196,1,1,1,1,0,1,0
56,84,190,23.26869806094183,67,143,6.6,0,0,4,0,1,3,47,0,134,1,1,159,0,0,0,0,0,0,0
48,91,180,28.086419753086417,70,141,5.3,0,0,0,0,1,3,38,0,120,0,0,150,0,0,0,0,0,0,0
46,81,172,27.379664683612766,95,141,5.8,0,1,4,0,0,2,40,0,40,1,0,93,0,0,0,1,1,0,0
72,71,180,21.91358024691358,110,127,3.5,0,0,0,1,0,3,53,1,122,0,1,162,0,0,0,0,1,0,0
49,85,171,29.06877329776684,81,158,8.4,0,1,2,1,1,3,28,1,116,0,1,129,0,0,1,0,1,1,0
86,103,170,35.6401384083045,147,120,7.1,0,0,1,1,0,2,56,0,102,0,0,168,0,0,1,1,0,0,0
40,73,166,26.491508201480624,114,149,5.0,1,1,1,0,0,2,42,1,43,0,1,75,0,0,0,1,1,0,0
85,60,185,17.531044558071585,101,129,10.3,1,0,0,0,0,3,59,1,71,1,0,104,0,1,1,1,1,0,0
67,91,161,35.10667026735079,50,117,6.7,1,1,2,0,0,4,61,1,59,1,1,102,0,1,0,0,0,1,0
63,73,185,21.32943754565376,53,141,4.4,0,1,0,1,1,3,24,1,40,1,0,89,0,0,1,0,0,1,0
58,45,174,14.863258026159334,109,138,8.2,0,0,1,0,0,3,39,0,94,1,0,163,0,0,0,0,0,0,0
69,87,156,35.74950690335305,50,137,7.3,1,1,0,0,1,3,36,0,71,0,0,86,0,0,0,0,0,0,0
64,66,173,22.052190183434128,135,131,7.3,0,1,4,0,0,3,22,1,173,0,0,225,1,0,1,1,0,0,0
78,73,150,32.44444444444444,94,129,5.6,0,0,0,0,0,3,33,1,89,1,1,140,0,1,0,1,1,1,0
66,79,176,25.50361570247934,213,177,7.4,0,0,0,1,0,3,75,1,133,1,0,170,1,0,0,0,1,0,0
66,77,178,24.302487059714682,180,153,6.0,1,1,0,0,1,2,56,1,47,1,1,98,1,1,1,0,0,0,0
60,85,164,31.603212373587155,93,144,7.6,0,1,0,0,1,3,74,1,79,0,0,133,0,0,0,0,0,0,0
64,68,171,23.25501863821347,96,132,3.5,1,0,0,0,0,2,59,1,97,1,0,116,0,0,0,0,0,1,0
68,82,189,22.955684331345708,134,150,5.6,1,0,1,1,1,3,37,0,67,1,0,133,1,0,1,1,0,1,0
44,71,164,26.397977394408095,159,140,9.9,0,1,3,0,0,4,42,1,82,0,0,98,0,0,0,1,0,0,0
48,86,159,34.01764170721095,50,130,5.0,1,1,2,1,1,2,56,1,88,0,0,110,0,0,0,1,0,1,0
73,84,184,24.8109640831758,50,123,5.3,0,1,1,0,1,3,54,1,87,0,0,123,0,1,1,0,0,0,0
67,60,189,16.79684219366759,78,128,5.6,1,0,0,1,1,3,39,1,150,1,1,218,0,0,0,0,1,0,0
62,91,170,31.487889273356405,120,70,4.1,0,1,1,0,1,4,26,1,106,0,0,141,0,0,0,0,0,0,0
65,66,180,20.37037037037037,117,134,3.5,1,0,0,0,0,3,75,1,109,0,0,148,0,0,0,0,0,0,0
69,87,183,25.97867956642479,137,120,6.0,0,0,2,0,0,3,46,1,111,0,1,172,0,0,1,0,1,0,0
58,80,162,30.48315805517451,58,161,6.8,1,1,0,0,0,4,43,1,113,1,0,148,1,1,0,0,0,0,0
55,102,165,37.46556473829202,50,130,6.4,0,1,0,0,0,3,49,1,92,0,0,114,0,0,0,0,0,0,0
67,71,182,21.434609346697258,130,106,6.2,0,0,0,1,1,3,44,1,85,0,0,118,1,0,1,0,0,0,1
53,69,186,19.944502254595903,71,129,6.6,1,0,3,0,0,3,49,1,100,1,0,160,1,0,0,1,0,1,0
69,74,175,24.163265306122447,50,109,8.5,1,1,0,0,1,4,66,1,129,1,0,170,1,0,1,0,1,1,0
44,70,161,27.005130974885226,105,139,6.1,0,0,1,0,0,2,46,1,128,0,0,196,1,0,0,0,0,0,0
77,86,189,24.075473810923548,127,135,5.4,0,1,0,0,0,3,31,1,87,1,1,138,1,1,1,0,1,0,0
70,50,164,18.590124925639504,95,149,5.9,0,1,2,1,1,3,45,1,118,1,1,148,0,0,1,0,1,0,0
68,59,166,21.410944984758313,83,114,7.7,1,0,3,0,0,3,41,1,89,0,0,129,0,1,0,0,1,0,0
76,58,173,19.37919743392696,94,130,9.3,1,1,0,1,1,3,67,0,96,0,1,123,1,1,0,1,0,1,0
84,89,185,26.004382761139514,87,102,5.2,1,1,1,1,0,3,64,1,80,0,0,109,1,1,1,1,0,1,0
77,100,178,31.561671506122963,52,144,6.7,0,1,3,0,1,2,49,1,89,0,0,196,0,0,1,1,0,0,0
42,73,174,24.111507464658473,74,140,7.2,0,1,1,0,0,3,30,1,135,0,0,190,0,1,0,0,1,1,0
49,72,174,23.781212841854934,118,139,4.5,0,1,1,1,0,3,30,1,97,1,0,149,0,0,0,0,1,1,0
57,76,170,26.29757785467128,111,130,6.5,1,0,1,0,1,4,48,1,99,0,0,129,0,0,0,0,0,0,0
65,92,175,30.040816326530614,105,138,3.6,0,0,1,0,1,2,52,0,51,1,0,114,0,0,1,0,1,0,0
71,61,150,27.11111111111111,65,162,3.5,1,1,0,0,0,4,42,1,85,0,1,141,1,0,0,0,1,0,0
56,78,167,27.968016063681024,93,124,7.2,0,0,2,0,0,3,41,0,87,1,1,155,0,0,0,0,1,0,0
67,89,172,30.08382909680909,50,132,5.7,0,0,0,1,0,2,39,1,70,0,0,137,0,0,1,0,1,0,0
55,82,158,32.847300112161506,106,108,6.9,0,1,0,0,0,3,47,1,95,1,1,112,0,1,0,0,1,0,0
57,77,173,25.727555214006482,150,112,6.5,0,1,2,0,1,2,15,1,82,1,1,105,0,0,0,0,1,1,1
48,90,167,32.2707877657858,50,131,4.5,0,0,0,1,1,4,32,1,97,1,0,121,0,0,1,0,1,0,0
53,45,187,12.868540707483769,79,152,6.4,0,1,0,1,0,4,39,1,98,0,0,123,0,1,0,1,1,0,0
48,85,185,24.835646457268076,111,124,4.0,0,1,1,0,0,2,64,0,66,1,0,110,0,0,0,0,0,0,0
53,65,165,23.875114784205696,143,125,9.3,1,0,3,1,1,2,36,0,83,1,0,114,0,0,0,0,1,0,0
77,47,168,16.65249433106576,84,121,3.8,0,1,3,0,0,3,50,1,97,1,0,168,0,1,0,0,1,0,1
53,82,169,28.71047932495361,75,119,6.1,0,0,4,1,1,3,51,1,130,0,0,198,0,1,1,0,1,0,0
90,95,165,34.894398530762174,50,135,4.4,0,0,3,0,0,3,66,1,102,1,0,141,1,1,0,0,0,0,1
70,72,171,24.622960911049557,103,100,7.6,0,0,0,0,1,3,65,0,75,0,0,144,0,0,0,1,0,0,0
67,89,162,33.91251333638164,171,155,5.8,1,0,0,0,0,3,47,0,106,1,0,168,0,0,0,0,0,0,0
54,99,158,39.65710623297548,109,116,5.5,0,0,2,0,1,2,41,0,146,1,0,179,0,0,0,0,0,0,0
73,94,176,30.34607438016529,99,144,8.2,1,1,0,1,0,4,38,0,122,0,0,131,0,0,1,0,1,1,0
58,99,176,31.960227272727273,111,104,6.6,0,1,1,0,0,4,44,1,111,0,0,147,0,0,0,1,1,0,0
66,86,161,33.17773234057328,99,143,7.5,0,1,1,1,1,3,41,0,116,0,0,146,0,1,0,0,1,0,0
90,76,178,23.98687034465345,71,143,4.5,0,1,0,1,0,4,55,1,138,1,1,181,1,0,0,0,0,0,0
63,50,163,18.818924310286427,128,137,3.7,0,0,3,0,0,2,53,0,127,0,0,168,0,0,0,0,0,0,0
78,71,172,23.99945916711736,107,110,6.7,0,0,1,1,0,2,56,1,112,0,0,152,1,1,1,0,1,0,0
56,62,178,19.568236333796236,100,134,5.9,1,1,1,0,0,3,65,1,127,1,0,174,0,1,0,0,1,1,0
64,107,169,37.463674241098005,65,106,7.8,0,0,4,1,1,3,74,0,62,0,1,83,0,0,0,0,0,0,0
86,72,174,23.781212841854934,145,124,6.3,0,0,1,0,1,3,49,1,49,0,1,95,0,1,0,0,1,0,0
57,76,164,28.256989886972047,123,150,6.9,0,1,0,0,0,4,63,1,99,1,0,132,1,0,0,0,0,0,0
86,83,168,29.40759637188209,80,145,3.5,0,0,1,0,1,4,43,0,97,0,0,139,0,1,1,1,1,0,0
73,75,167,26.89232313815483,135,130,10.3,0,1,2,0,0,3,64,1,78,0,0,132,0,1,1,0,0,0,1
58,100,162,38.10394756896814,82,110,6.2,0,0,2,0,1,3,62,1,119,0,0,140,0,0,0,0,0,0,0
72,65,168,23.030045351473927,72,142,7.9,0,0,2,0,0,2,62,1,40,1,1,75,0,0,0,0,1,0,0
76,77,154,32.46753246753247,73,130,4.8,0,0,2,1,0,2,49,1,78,1,0,116,0,0,0,0,0,0,0
72,63,165,23.140495867768596,50,83,7.1,1,1,0,0,0,3,38,1,80,0,0,112,0,0,0,0,0,0,0
46,55,167,19.721036967980208,116,145,3.9,1,0,3,0,0,3,28,0,45,0,0,98,0,0,0,1,1,1,0
56,65,167,23.306680053067517,50,129,7.4,0,0,3,0,0,3,47,1,139,0,0,168,0,0,1,0,0,0,0
62,74,167,26.533758829646096,57,154,5.8,0,1,0,0,0,3,69,0,54,1,1,85,0,0,0,0,0,0,0
64,68,169,23.80869017191275,50,108,6.6,1,1,0,0,1,3,43,1,77,0,0,106,0,1,0,1,1,0,0
72,64,174,21.13885585942661,96,70,7.9,0,0,4,1,0,2,58,1,122,1,1,178,0,0,0,1,1,0,0
67,53,178,16.72768589824517,94,135,4.0,0,0,3,1,1,3,59,0,114,0,0,146,0,0,0,0,1,0,0
48,73,163,27.475629493018182,88,135,5.1,0,0,3,0,0,2,44,1,61,1,0,107,1,0,0,0,0,0,0
69,52,157,21.096190514828187,63,96,7.4,0,1,3,0,1,2,66,1,115,1,0,184,1,0,1,0,1,0,1
72,86,159,34.01764170721095,58,110,10.7,0,1,1,0,1,3,15,1,103,1,0,141,1,1,0,0,1,1,0
71,76,165,27.915518824609737,116,180,6.2,1,0,1,0,1,2,30,1,164,0,0,220,0,1,1,0,1,0,0
77,53,166,19.233560749020178,80,123,7.7,1,1,1,0,1,4,35,1,107,1,0,172,0,1,1,0,1,1,0
75,70,162,26.672763298277697,111,144,6.3,1,0,0,1,1,2,36,1,90,0,1,145,0,0,0,0,1,1,0
70,63,157,25.558846200657225,69,116,10.4,1,0,2,0,0,2,52,1,69,0,0,108,0,0,0,0,0,0,0
64,79,165,29.017447199265384,106,88,3.5,0,0,1,1,1,3,52,1,72,0,0,121,0,0,0,0,0,0,0
45,95,171,32.488628979857054,145,126,6.7,0,0,1,0,0,3,53,0,70,1,0,90,0,0,1,0,0,0,0
70,46,175,15.020408163265307,120,124,3.5,1,0,1,0,0,2,56,0,136,1,0,164,0,0,0,0,0,0,0
67,76,164,28.256989886972047,85,122,3.5,1,0,1,0,0,2,34,1,95,1,1,125,1,0,0,0,1,0,1
68,72,165,26.44628099173554,109,127,7.1,0,1,0,0,1,4,30,1,111,1,0,184,0,0,1,1,1,0,0
49,85,160,33.20312499999999,91,135,6.8,1,0,0,0,0,3,53,1,140,0,1,167,0,0,1,1,1,1,0
52,78,169,27.309968138370508,100,126,5.9,0,1,0,1,0,3,39,1,40,1,0,67,0,0,1,0,1,1,1
77,63,161,24.3046178773967,88,104,6.3,0,0,0,0,0,3,26,0,133,1,1,157,0,1,0,0,1,1,0
64,70,175,22.857142857142858,94,139,12.7,0,0,4,1,1,2,61,0,96,1,1,144,0,0,0,0,1,0,0
73,63,152,27.268005540166204,107,91,6.0,0,0,0,0,0,3,67,1,108,0,1,150,0,0,0,0,0,0,0
65,91,166,33.02366090869502,65,88,7.5,0,0,0,0,0,3,69,0,70,1,0,126,1,0,0,0,0,0,0
65,75,173,25.05930702662969,64,144,5.2,0,0,1,0,0,4,50,1,72,1,0,122,0,0,0,0,0,0,0
76,103,171,35.224513525529225,51,140,7.1,0,0,1,0,1,2,56,1,109,1,0,128,0,1,1,1,0,0,0
58,74,195,19.46088099934254,50,128,6.0,0,0,0,0,1,4,67,0,166,0,0,193,0,0,0,1,0,1,0
66,64,173,21.383941996057334,57,102,5.7,0,0,2,0,1,2,39,0,125,1,0,185,0,0,0,0,1,1,0
59,52,159,20.56880661366243,105,115,10.1,1,1,2,0,1,2,63,1,132,1,1,168,0,0,0,0,1,1,0
59,47,169,16.45600644235146,68,124,8.9,0,1,0,0,0,2,51,1,89,0,0,146,0,0,1,0,0,0,0
61,51,152,22.07409972299169,117,98,6.8,0,0,0,0,1,2,60,1,76,0,1,113,1,1,0,0,0,0,0
67,79,169,27.660095935016283,101,115,3.5,0,0,3,0,0,4,50,1,71,0,0,96,0,0,0,1,0,0,0
59,82,161,31.634581999151262,50,143,5.8,0,0,2,0,0,3,66,1,80,1,1,115,1,0,1,0,1,0,0
80,51,179,15.917106207671422,122,158,11.9,1,1,1,1,0,2,51,0,40,0,0,65,1,0,1,0,1,0,0
54,88,164,32.718619869125526,128,121,6.0,0,0,0,0,0,4,27,0,73,0,0,104,0,1,0,0,0,0,0
62,67,168,23.738662131519277,65,145,8.7,1,0,0,1,1,4,68,1,78,1,1,121,0,1,1,0,0,0,0
59,77,163,28.981143437841094,114,91,9.4,0,0,1,0,0,3,34,0,89,1,0,136,0,0,0,0,0,0,0
82,99,187,28.310789556464293,70,143,6.9,0,1,0,0,1,4,65,0,98,0,1,114,0,0,0,0,1,0,0
67,88,166,31.934968790825955,103,113,4.8,0,0,0,0,0,2,46,1,105,0,0,144,0,0,0,0,0,0,0
77,70,188,19.805341783612494,55,136,3.5,0,1,1,1,0,4,64,1,94,1,0,125,0,1,0,1,1,0,1
47,61,178,19.252619618735007,50,125,7.9,0,0,0,0,0,3,63,0,77,1,1,107,1,0,0,0,0,0,0
68,45,174,14.863258026159334,86,156,4.9,0,1,2,1,1,4,54,1,40,0,0,81,0,0,0,0,0,0,0
75,64,173,21.383941996057334,95,112,6.9,0,1,2,0,1,3,55,1,77,1,1,108,0,1,0,0,0,0,0
65,71,173,23.722810651876106,86,142,4.0,0,0,0,0,0,3,53,0,65,0,0,125,0,0,0,0,1,0,1
77,60,150,26.666666666666668,58,124,6.0,1,1,2,0,0,3,19,1,108,1,1,165,1,0,0,0,1,0,0
58,73,167,26.175194521137367,86,126,6.6,0,0,0,0,0,2,49,0,122,0,0,179,0,0,0,1,0,0,0
81,76,178,23.98687034465345,109,126,7.0,0,1,2,0,1,3,32,1,123,0,0,155,0,0,1,0,1,1,0
90,71,169,24.859073561850078,98,113,4.3,0,1,0,0,1,2,50,0,117,0,0,142,0,1,0,0,1,1,0
60,65,155,27.055150884495315,106,129,8.9,0,0,0,0,0,4,31,1,90,0,0,131,0,0,0,0,1,0,0
59,77,169,26.959840341724732,76,128,5.3,0,1,1,1,1,2,31,0,79,1,0,116,0,0,1,0,1,1,0
82,81,187,23.163373273470786,141,134,3.5,1,0,1,0,0,3,70,1,72,1,0,102,1,0,0,1,1,0,0
83,58,182,17.509962564907617,58,131,6.3,1,0,3,1,0,3,62,1,49,1,0,71,1,1,1,0,0,1,0
58,96,169,33.61226847799447,117,145,6.6,0,0,0,0,1,4,47,1,124,0,0,163,0,0,1,0,1,0,0
59,73,179,22.783308885490467,141,148,6.8,0,1,0,0,0,3,50,1,89,0,0,122,1,0,0,0,0,0,0
61,75,166,27.21730294672667,116,108,9.2,0,0,1,1,0,3,44,0,57,0,0,107,0,0,1,0,0,0,0
48,85,152,36.79016620498615,92,147,6.0,0,0,1,1,0,4,55,1,70,0,0,119,0,0,1,0,0,0,0
53,78,160,30.468749999999993,81,106,6.3,0,1,0,1,0,3,38,0,68,1,0,124,0,0,1,0,1,0,0
52,89,185,26.004382761139514,136,141,4.3,0,0,1,0,1,3,61,1,96,0,0,117,1,0,0,0,0,0,0
55,79,167,28.326580372189753,50,142,8.1,0,0,2,0,1,3,44,0,127,1,1,173,0,1,0,0,1,0,0
64,65,167,23.306680053067517,66,91,6.9,1,0,3,0,1,4,42,1,84,1,0,113,1,1,1,1,0,0,0
67,80,167,28.685144680698485,86,131,5.7,0,0,4,0,0,3,48,1,40,0,1,61,0,0,1,0,1,0,0
83,57,189,15.957000083984212,143,120,3.5,0,0,0,0,0,2,39,1,89,1,0,122,0,0,0,0,0,0,0
53,76,186,21.967857555786793,113,114,9.4,1,0,2,1,0,4,52,0,90,0,1,146,0,0,0,0,0,0,0
76,74,192,20.07378472222222,66,157,4.0,0,1,0,1,0,3,40,1,88,0,0,122,0,0,1,0,1,1,0
62,71,168,25.15589569160998,89,116,5.3,1,1,1,0,1,3,54,1,76,1,0,139,0,0,0,1,0,0,0
64,73,172,24.675500270416443,78,113,7.2,0,0,1,0,1,4,65,1,101,0,1,149,1,0,0,1,1,0,0
73,46,154,19.396188227357058,75,131,4.1,1,0,4,1,0,2,37,1,96,0,1,130,0,0,1,1,0,1,0
51,66,184,19.494328922495274,134,143,3.5,1,0,2,0,1,3,46,1,94,1,0,151,1,1,0,0,0,0,0
69,76,158,30.443839128344813,51,127,3.5,0,1,4,0,1,3,54,1,107,0,0,153,1,1,1,1,1,0,0
66,77,172,26.027582477014604,156,153,7.9,1,0,2,0,0,4,41,0,82,1,0,108,1,1,0,0,1,0,0
70,59,159,23.337684427040067,128,140,5.4,0,0,3,0,1,2,54,1,80,0,0,147,0,0,0,0,0,0,0
68,93,164,34.577632361689474,138,86,12.4,1,1,2,1,0,3,55,1,136,0,1,179,0,1,0,0,1,0,0
90,62,161,23.9188302920412,83,119,4.5,0,0,1,0,0,4,63,1,111,1,0,151,0,1,1,0,1,0,0
57,89,163,33.49768527230984,94,118,4.7,0,0,0,0,0,2,39,1,119,1,0,146,0,0,0,1,0,0,0
58,81,164,30.116002379535995,50,139,5.4,0,1,0,0,0,2,34,1,131,0,0,188,0,0,0,0,1,0,0
57,65,164,24.167162403331353,81,77,7.0,1,1,0,1,0,4,43,1,110,0,0,157,0,0,0,1,0,0,0
58,101,178,31.877288221184195,117,180,5.6,0,0,1,1,0,2,34,1,122,1,0,171,0,0,0,1,1,1,0
57,57,158,22.832879346258608,145,140,7.7,1,1,1,0,0,4,55,1,47,0,1,79,0,1,0,1,0,0,0
79,88,172,29.745808545159548,61,132,4.5,1,0,1,0,1,2,31,1,101,1,0,153,0,1,1,0,0,0,0
82,90,182,27.17063156623596,87,153,3.7,0,1,4,0,1,3,75,1,89,1,1,142,0,1,0,0,0,1,1
58,64,164,23.795359904818564,94,176,3.5,1,0,3,0,1,3,66,0,145,1,0,174,0,1,0,0,0,1,0
55,95,162,36.19875019051973,51,147,3.5,1,1,0,0,0,3,48,0,122,1,0,140,0,0,0,1,1,0,1
70,71,167,25.458065904119906,120,148,5.5,0,1,0,0,0,3,60,0,76,1,0,124,0,0,0,0,1,0,0
58,79,181,24.114038033027075,74,132,5.9,0,1,0,0,0,3,25,1,106,1,0,122,0,0,0,0,1,1,0
72,78,171,26.674874320303687,93,127,5.2,0,1,0,0,0,4,75,1,100,1,1,142,0,0,0,1,1,0,0
67,72,164,26.769779892920884,84,120,9.0,0,0,2,0,0,2,39,1,108,1,0,141,0,0,0,0,1,0,0
46,87,174,28.735632183908045,72,113,9.0,0,0,1,1,1,3,46,1,64,0,0,122,0,0,0,1,0,0,0
83,86,158,34.449607434705975,99,116,5.8,0,0,1,0,1,2,22,1,105,0,0,139,0,1,1,0,1,1,0
86,48,176,15.495867768595042,92,102,3.5,0,1,3,0,1,3,54,1,88,1,0,144,1,1,0,1,1,0,0
57,94,174,31.04769454353283,86,128,5.4,0,1,2,1,0,2,32,1,103,1,1,135,0,0,0,0,1,0,0
60,50,166,18.144868631151112,74,96,5.3,0,0,0,0,0,3,49,0,73,0,0,127,0,0,0,0,0,0,0
68,90,161,34.72088268199529,111,133,5.2,1,1,2,0,1,3,40,0,77,0,1,147,0,0,1,0,1,0,0
69,91,161,35.10667026735079,157,129,5.1,1,1,0,0,0,2,32,0,130,1,0,153,1,1,1,0,1,0,0
72,58,175,18.93877551020408,104,132,5.2,0,1,0,0,0,2,36,0,63,1,0,107,1,0,0,1,1,0,0
89,68,182,20.528921627822726,134,119,5.7,1,1,0,0,0,3,51,0,65,0,0,146,1,1,0,1,0,0,0
62,58,163,21.829952199932254,51,180,5.2,1,0,1,0,0,3,30,1,93,1,1,133,0,0,0,0,0,1,0
55,71,174,23.450918219051392,105,157,6.9,1,0,0,1,0,4,37,0,71,1,1,111,0,0,0,0,1,0,0
48,70,150,31.11111111111111,61,105,7.2,0,0,0,0,1,3,57,0,68,1,0,119,0,0,1,0,0,0,0
56,86,164,31.975014872099948,50,134,4.7,0,0,1,0,1,2,75,0,98,1,0,138,0,1,0,0,0,0,0
64,94,169,32.91201288470292,74,117,9.0,1,1,2,0,0,3,54,1,49,0,0,63,0,1,0,1,0,0,0
86,95,160,37.10937499999999,141,109,4.5,1,1,0,0,0,2,35,1,64,1,0,120,0,1,0,0,1,1,0
58,66,160,25.781249999999996,133,103,3.5,1,1,0,0,1,3,42,1,156,1,0,165,1,0,0,0,0,1,0
67,71,163,26.722872520606725,108,138,7.3,1,1,2,0,0,4,48,0,108,1,0,141,1,0,0,0,0,0,0
64,49,172,16.563007030827475,50,116,4.9,0,0,0,0,0,3,43,1,72,0,0,130,0,0,0,0,0,0,1
79,62,168,21.9671201814059,93,149,7.1,0,0,3,0,0,3,60,0,107,0,0,141,1,0,0,0,0,0,0
90,89,150,39.55555555555556,110,149,3.5,0,0,1,1,0,2,51,0,112,0,0,141,0,1,0,0,0,0,0
58,99,150,44.0,106,157,9.3,0,0,0,0,1,3,60,1,124,0,1,177,0,1,0,0,0,0,0
59,56,163,21.077195227520797,50,112,7.8,1,0,0,1,1,4,43,1,91,1,0,118,0,1,0,0,0,0,0
77,66,174,21.79944510503369,68,139,3.5,0,0,0,0,0,2,66,1,124,1,1,145,0,1,0,1,1,0,0
73,74,150,32.888888888888886,97,142,3.5,0,0,0,0,0,2,45,1,40,1,0,84,0,0,0,0,0,0,1
87,79,165,29.017447199265384,118,120,9.8,1,0,0,1,0,3,34,1,63,1,0,100,0,1,0,0,0,0,0
72,62,164,23.051754907792983,50,114,5.0,0,1,1,0,0,3,75,0,99,0,0,120,1,0,0,0,0,0,0
60,81,183,24.187046492878256,94,162,4.8,1,0,0,0,1,3,22,1,104,1,0,153,0,0,1,0,0,0,0
72,67,166,24.31412396574249,105,134,3.5,1,0,1,0,1,4,37,0,67,1,0,113,1,0,0,0,1,1,0
78,74,173,24.725182932941294,129,142,5.8,0,0,1,0,0,2,39,1,102,1,0,136,1,0,1,0,0,1,0
74,83,171,28.384802161348794,124,113,6.0,0,1,0,0,1,3,75,0,76,1,1,111,0,0,0,1,0,0,0
71,75,150,33.333333333333336,120,105,7.9,0,0,0,1,1,3,73,1,86,1,0,133,0,0,0,0,0,0,0
77,68,177,21.705129432793896,72,118,3.7,0,0,0,0,1,2,68,1,125,1,1,182,1,1,1,0,0,0,0
79,73,172,24.675500270416443,50,127,3.5,0,1,0,1,0,3,43,1,122,0,0,157,0,1,1,0,1,0,0
81,73,175,23.836734693877553,86,108,7.4,0,1,2,0,0,2,75,0,65,1,0,114,0,0,0,1,0,1,0
72,69,195,18.14595660749507,135,129,8.5,1,1,0,0,1,2,53,1,63,1,0,111,1,0,0,0,0,0,0
62,71,150,31.555555555555557,148,96,3.5,0,0,2,0,0,2,61,1,82,0,1,135,0,0,0,0,0,1,0
66,98,187,28.024821985186875,124,107,8.7,1,0,0,1,1,4,50,1,94,1,0,134,0,0,1,0,1,0,0
79,83,167,29.760837606224676,115,143,6.6,0,0,1,1,1,3,47,1,75,1,1,101,0,1,1,0,0,0,1
55,70,172,23.661438615467823,113,142,8.7,0,1,1,0,1,3,44,1,126,1,0,159,0,1,1,0,0,0,0
69,85,169,29.76086271489094,80,122,6.4,1,0,2,0,0,3,45,0,105,1,1,150,1,1,0,1,0,0,0
60,69,165,25.344352617079892,95,109,3.5,0,0,0,0,1,3,56,1,107,1,0,174,0,0,1,0,0,0,0
65,92,164,34.20582986317669,158,109,6.2,0,0,0,0,0,3,53,0,57,0,0,89,1,0,0,0,1,0,0
80,80,173,26.729927495071667,67,122,8.6,1,0,1,0,1,4,47,0,130,0,0,182,0,0,0,0,0,0,0
67,73,154,30.78090740428403,156,142,4.7,1,0,0,1,0,3,69,1,40,1,0,75,1,0,0,0,0,0,0
65,81,177,25.854639471416256,88,148,5.7,1,1,0,0,0,3,15,1,120,1,0,161,0,1,1,1,0,0,0
48,51,165,18.73278236914601,146,120,6.1,0,1,1,0,1,2,55,0,123,1,0,185,1,0,0,0,0,0,0
73,58,158,23.233456176894723,50,106,3.5,0,0,1,0,0,3,58,0,82,0,0,133,0,0,0,0,0,0,0
72,57,165,20.936639118457304,120,135,9.8,1,0,1,0,0,3,64,1,133,0,0,154,1,0,0,1,0,1,0
90,77,182,23.24598478444632,74,113,4.7,1,1,1,0,1,4,47,0,93,1,0,124,1,0,0,0,0,0,0
61,100,164,37.18024985127901,50,119,7.5,0,0,2,0,0,2,50,1,96,0,0,154,0,0,0,0,0,0,0
67,108,173,36.08540211834675,107,156,6.3,1,0,2,1,1,2,61,1,105,1,0,147,0,1,1,0,0,0,0
67,84,162,32.00731595793324,135,146,9.0,0,0,1,0,0,3,68,1,190,1,1,212,1,0,1,0,0,0,0
83,82,177,26.173832551310287,70,133,7.3,0,1,1,0,1,2,43,0,135,1,1,162,0,1,0,1,1,0,0
63,47,176,15.173037190082646,50,104,6.0,0,1,3,0,1,2,51,0,116,0,0,166,0,0,0,0,0,0,0
68,66,188,18.673607967406067,96,134,4.7,0,1,0,0,0,4,71,1,67,1,1,121,0,0,1,0,1,0,0
72,63,168,22.321428571428577,96,151,8.1,0,0,0,0,0,3,18,1,99,1,0,139,0,0,1,0,1,1,1
67,65,176,20.983987603305785,119,122,3.5,0,0,2,1,0,4,38,0,70,0,0,147,1,0,0,0,1,0,0
59,72,170,24.913494809688583,133,157,7.8,0,1,1,0,0,4,68,0,119,0,0,171,1,0,1,0,0,1,0
67,67,182,20.227025721531216,97,155,4.3,1,0,0,1,0,2,63,0,99,0,1,135,0,0,1,0,1,0,0
77,45,162,17.146776406035663,164,163,9.0,1,1,3,0,1,3,55,1,61,0,0,88,1,0,0,0,1,0,1
52,86,177,27.450604870886398,107,136,6.8,0,1,0,0,0,2,41,1,97,1,1,122,0,0,0,0,0,0,0
66,58,168,20.549886621315196,87,141,7.8,1,0,2,1,0,4,35,1,69,1,1,114,0,1,1,0,1,1,0
56,78,169,27.309968138370508,50,158,6.7,0,1,2,0,1,3,39,1,99,1,0,131,0,0,0,0,1,0,0
79,106,170,36.67820069204153,90,138,3.5,0,0,4,1,0,3,69,1,69,1,0,134,0,0,0,0,0,0,0
46,61,172,20.61925365062196,88,119,4.8,1,1,0,0,0,3,39,1,95,1,0,156,0,0,0,0,1,1,0
58,45,168,15.94387755102041,133,121,7.8,0,0,1,0,0,3,49,0,117,0,0,166,0,0,0,0,0,0,0
69,70,172,23.661438615467823,116,134,6.8,0,0,0,1,0,2,37,0,93,1,0,115,0,0,1,0,1,0,0
83,91,185,26.588750913075234,58,104,8.9,0,1,0,1,1,3,59,0,83,1,0,112,0,1,0,0,0,0,0
64,104,179,32.45841265878094,106,127,7.3,1,1,0,0,1,3,40,1,101,1,0,159,0,0,1,1,1,0,0
58,56,178,17.67453604342886,123,151,4.6,0,0,1,0,0,4,46,1,115,1,0,146,0,0,0,1,0,0,0
87,82,165,30.119375573921033,153,86,4.9,1,1,1,0,0,3,24,1,61,1,0,117,1,1,0,0,1,0,0
47,68,161,26.23355580417422,131,160,6.7,0,0,0,1,0,3,25,0,102,1,0,149,0,0,1,0,1,0,0
38,73,179,22.783308885490467,126,152,3.5,1,0,1,0,0,4,48,0,134,1,0,174,0,0,0,1,1,0,0
70,114,178,35.98030551698018,102,120,9.8,1,0,2,1,1,2,29,0,112,0,0,141,0,0,1,0,1,0,1
58,52,184,15.359168241965973,113,140,7.4,1,0,2,0,0,4,75,1,96,1,0,134,0,0,1,0,0,1,0
52,78,163,29.357521924046825,143,130,9.0,0,0,3,0,0,2,19,0,114,1,1,156,1,0,0,0,1,1,0
73,82,167,29.402273297715947,53,154,3.5,0,0,0,0,0,3,36,0,108,0,0,163,0,0,0,0,1,1,0
67,91,153,38.87393737451408,87,149,9.0,1,0,4,0,1,3,48,1,117,0,0,143,0,0,1,0,1,1,0
58,76,166,27.58020031934969,72,101,11.0,0,0,3,1,1,3,42,0,40,1,1,76,0,0,0,0,0,0,0
49,79,179,24.65590961580475,113,141,3.9,0,0,0,0,1,4,32,1,48,0,0,88,0,0,1,0,0,0,0
75,69,165,25.344352617079892,143,125,8.0,0,1,0,1,1,2,34,0,125,0,1,174,1,1,1,0,1,1,0
72,79,176,25.50361570247934,79,131,6.5,1,0,0,0,0,3,34,1,49,1,0,75,0,0,0,1,0,1,0
63,69,168,24.44727891156463,50,115,3.5,0,1,0,0,0,3,43,1,107,1,1,127,0,0,0,0,1,0,0
87,84,173,28.06642386982525,85,164,7.5,0,1,1,1,0,4,75,1,84,1,1,134,0,1,1,0,1,0,1
52,69,158,27.639801313892,131,150,8.2,0,1,1,0,1,2,49,1,65,0,0,82,0,0,0,0,1,0,0
46,80,170,27.68166089965398,118,115,5.3,0,1,2,0,1,4,64,1,105,0,0,164,0,0,0,0,0,0,0
56,74,150,32.888888888888886,114,103,8.8,1,1,1,0,0,3,55,1,101,0,1,138,0,0,0,0,1,0,1
64,91,168,32.242063492063494,90,122,3.5,0,0,0,1,1,2,63,1,158,0,1,174,0,0,0,1,1,0,0
67,74,153,31.611773249604852,55,138,3.5,0,0,3,1,1,3,15,1,76,0,1,108,0,0,1,1,0,1,0
62,48,182,14.491003501992513,118,134,6.8,1,1,0,0,1,2,43,1,138,1,0,183,1,0,1,0,1,0,0
69,93,177,29.68495643014459,70,155,6.6,1,1,4,1,0,3,66,1,105,1,1,137,0,0,1,1,1,0,0
49,61,174,20.147971991015986,176,145,5.1,0,1,0,0,1,2,39,0,75,0,0,115,0,0,0,1,1,0,0
82,65,185,18.991964937910883,119,149,8.1,1,0,4,0,0,3,72,1,118,0,0,169,0,1,0,0,1,0,0
64,66,160,25.781249999999996,79,136,7.6,1,1,0,1,1,3,68,1,111,1,0,147,1,0,1,0,0,0,0
78,95,187,27.166919271354622,78,102,8.2,1,0,0,0,1,3,41,1,96,1,0,121,1,0,0,0,0,0,0
69,45,179,14.044505477357136,96,126,6.3,0,0,0,1,0,3,40,0,102,0,0,137,0,0,0,0,1,0,0
70,122,167,43.744845638065186,91,151,7.7,0,0,2,0,1,3,33,1,77,1,0,138,0,1,0,0,0,0,0
71,90,181,27.471688898385274,139,128,5.6,1,1,3,0,1,2,39,0,70,0,0,135,1,0,0,0,1,1,0
70,78,158,31.244992789617044,106,140,10.6,1,1,0,0,0,3,30,1,117,0,0,126,1,0,1,0,1,1,0
72,74,161,28.54828131630724,74,123,4.9,0,0,3,0,0,4,54,0,88,0,1,144,1,0,1,0,0,0,0
80,79,163,29.733900410252552,166,109,10.7,0,1,1,1,0,4,27,1,92,1,0,135,1,0,0,1,1,0,0
67,82,164,30.487804878048784,101,127,6.6,0,0,1,0,1,2,56,0,103,0,0,156,0,0,1,0,1,0,0
73,84,159,33.22653376053162,126,136,3.7,0,0,2,0,1,2,56,0,102,0,0,133,1,0,1,1,1,1,0
63,83,182,25.057360222195385,78,116,9.2,0,0,0,0,0,4,24,1,52,0,0,65,0,1,0,0,0,1,0
82,76,167,27.250887446663558,112,125,6.8,0,0,0,0,0,3,69,1,133,1,0,181,0,0,0,1,1,0,0
56,72,173,24.0569347455645,110,111,8.2,1,0,3,1,0,3,55,0,98,0,0,123,1,1,0,0,0,0,0
86,72,164,26.769779892920884,50,152,8.9,0,0,3,0,0,3,58,1,88,0,0,107,0,0,0,0,1,0,0
64,72,151,31.577562387614577,170,124,7.2,1,1,4,0,0,3,37,0,107,0,1,127,1,0,0,0,1,0,0
47,92,172,31.09789075175771,145,159,5.3,0,1,3,1,0,3,56,1,102,0,0,151,0,0,0,1,0,0,0
66,83,150,36.888888888888886,86,160,8.5,0,0,0,0,0,4,63,1,118,1,0,160,0,1,1,1,0,0,0
56,45,169,15.75575084905991,61,128,6.5,0,0,2,1,0,3,46,0,111,0,0,162,0,0,0,0,0,1,0
75,84,156,34.51676528599605,112,109,7.9,0,0,0,0,1,2,75,1,116,0,0,166,0,1,0,1,1,1,0
57,77,189,21.55594748187341,103,88,3.5,1,0,4,0,1,2,48,0,135,1,0,168,0,0,0,0,0,0,0
59,74,179,23.095409007209515,112,100,7.4,1,0,1,1,1,2,63,1,121,0,0,159,0,0,0,0,1,1,0
42,69,171,23.59700420642249,106,102,5.2,0,0,1,0,1,3,52,1,90,0,0,122,0,0,0,0,0,0,0
59,91,182,27.47252747252747,117,157,9.8,0,1,1,0,0,2,56,1,61,0,0,97,1,1,0,0,0,0,0
35,89,161,34.33509509663978,150,132,7.7,0,1,0,0,0,2,24,1,145,1,0,170,0,0,0,0,0,1,0
45,63,175,20.571428571428573,119,137,7.0,1,0,0,0,0,4,53,1,87,1,0,132,0,1,0,1,0,0,0
74,81,171,27.70083102493075,63,85,7.5,1,0,3,0,1,2,37,0,80,1,1,136,1,0,1,0,1,1,0
74,60,172,20.281233098972418,147,106,4.5,0,0,2,1,1,2,36,1,42,1,0,69,0,0,1,0,1,0,0
70,54,182,16.302378939741576,157,147,9.7,1,1,0,0,1,2,72,1,105,1,0,164,1,0,1,0,1,0,0
53,65,177,20.747550193111813,210,135,10.5,1,0,2,0,1,2,45,1,99,1,0,140,1,0,0,1,0,1,0
64,87,172,29.40778799351001,60,127,7.3,0,0,1,1,1,3,33,1,49,1,1,92,1,0,0,0,1,1,0
64,89,153,38.01956512452475,108,141,9.7,0,1,0,0,0,4,42,0,108,0,1,122,0,0,0,1,0,0,0
51,82,160,32.03124999999999,50,162,5.4,1,0,0,0,0,4,29,0,80,0,0,92,0,0,0,1,1,0,0
83,85,168,30.116213151927443,119,125,4.9,1,0,3,1,0,3,68,0,175,1,1,217,1,1,0,0,0,0,0
75,82,170,28.373702422145332,80,131,6.6,0,0,2,1,0,3,38,0,77,1,0,128,0,1,0,0,0,0,0
62,65,158,26.037493991347535,167,133,7.4,0,0,1,0,1,3,55,0,81,0,1,110,0,0,1,0,0,0,0
65,81,194,21.521947071952386,72,177,5.7,0,0,1,0,0,2,66,1,68,1,0,133,0,0,1,0,0,0,0
67,87,185,25.420014609203797,50,88,7.6,0,0,0,0,0,2,40,1,133,0,0,184,1,0,0,0,0,0,0
40,86,176,27.763429752066116,83,143,7.1,1,0,1,0,0,4,55,0,83,0,0,109,0,0,0,0,0,0,0
62,92,170,31.83391003460208,50,127,4.5,0,0,0,0,0,2,33,1,73,0,0,113,0,0,0,1,0,1,0
56,85,167,30.477966223242138,126,141,7.5,1,1,0,1,0,2,75,0,116,1,0,193,1,0,1,0,1,0,0
52,80,160,31.249999999999993,50,116,8.2,1,0,1,1,0,3,61,1,53,0,0,74,0,0,0,0,0,0,0
61,91,170,31.487889273356405,100,129,6.8,0,0,3,1,0,3,45,1,113,1,0,160,0,0,1,1,1,1,0
86,74,172,25.013520822065985,50,144,8.8,0,1,0,0,1,2,37,1,148,1,0,183,0,1,1,0,1,1,0
72,61,157,24.747454257779218,88,180,4.1,0,1,0,1,0,2,46,1,111,1,0,161,0,0,0,0,1,0,1
58,72,173,24.0569347455645,157,146,7.4,1,1,1,0,1,3,43,0,114,0,1,173,1,1,1,1,0,0,0
71,63,168,22.321428571428577,112,113,4.2,0,0,3,0,1,3,75,1,121,1,1,155,0,1,0,0,0,1,0
