age,sex,weight,height,bmi,creatinine,hemoglobin,glucose,diabetes,hypertension,ckd_stage,copd,smoking,asa_class,fev1_percent,oncology,surgery_duration,vats,aki,delirium,respiratory,infection,air_leak,atelectasis
75,1,82,161,31.634581999151262,121,108,7.4,0,0,0,0,1,4,55,0,216,0,1,0,1,1,1,1
54,1,80,157,32.45567771512029,61,168,6.2,0,1,3,0,0,4,75,1,191,0,0,1,0,0,1,0
68,1,60,169,21.007667798746546,117,137,7.1,1,1,0,0,1,3,87,1,221,0,0,0,0,1,0,1
55,1,71,160,27.734374999999993,80,142,7.4,0,1,0,0,0,3,90,1,178,1,0,0,0,0,0,0
72,0,85,157,34.484157572315304,68,116,6.4,0,0,0,0,1,2,80,0,171,0,0,0,0,0,0,0
77,0,82,158,32.847300112161506,86,120,5.9,0,1,1,0,1,3,64,0,93,1,0,0,1,1,1,0
64,1,72,161,27.776706145596233,90,156,8.3,1,0,3,0,0,2,100,1,256,0,0,0,0,0,0,0
65,1,60,195,15.779092702169626,155,101,8.2,0,0,0,0,0,4,57,1,203,0,0,0,1,1,1,1
64,1,94,174,31.04769454353283,113,129,8.6,0,0,0,0,1,3,72,1,237,1,0,0,1,1,0,1
58,1,85,170,29.411764705882355,59,130,10.7,1,1,0,0,1,2,35,0,130,0,1,0,0,0,0,0
57,1,114,172,38.5343428880476,157,139,7.1,0,0,0,0,0,3,63,1,251,0,0,0,1,0,1,0
76,1,76,150,33.77777777777778,147,134,10.8,0,1,2,0,0,3,62,1,233,0,1,1,1,0,0,0
62,1,84,178,26.511804065143288,61,139,9.7,0,1,2,0,0,4,64,0,166,1,0,0,0,0,0,0
66,0,79,177,25.2162533116282,60,118,9.8,1,0,2,0,1,4,59,0,277,0,0,1,1,1,0,0
72,0,53,174,17.50561500858766,77,180,7.5,1,0,0,0,0,4,73,0,136,0,0,0,0,0,1,1
67,0,79,176,25.50361570247934,55,130,8.5,1,1,1,1,0,3,95,1,257,0,1,1,0,1,1,1
56,1,47,170,16.262975778546714,125,150,9.9,1,0,1,0,0,3,32,1,227,1,1,0,1,0,0,0
64,1,63,168,22.321428571428577,125,150,4.4,0,1,1,0,0,3,100,1,194,0,1,0,0,0,0,0
72,1,79,170,27.33564013840831,109,77,6.4,0,0,1,0,0,3,79,1,241,1,0,1,0,1,0,0
69,0,74,150,32.888888888888886,88,98,7.1,0,0,1,0,0,4,75,1,255,0,1,0,1,0,0,1
48,1,45,189,12.597631645250694,109,113,8.9,1,0,0,1,1,3,53,1,228,1,0,0,1,0,0,0
47,1,78,152,33.76038781163435,88,119,8.0,0,0,3,0,0,2,82,0,262,0,0,0,1,0,0,0
56,1,57,181,17.398736302310674,85,135,8.4,0,0,1,1,0,2,64,1,90,1,0,0,1,0,1,0
61,1,85,178,26.82742078020452,94,135,7.5,1,0,3,0,1,3,90,1,187,0,1,0,1,0,0,1
56,0,73,171,24.96494647925858,106,114,7.1,0,1,0,0,1,3,93,0,187,1,0,1,1,0,0,0
44,0,93,150,41.333333333333336,115,89,3.5,0,0,0,0,1,4,63,1,146,0,0,0,0,0,1,1
48,1,51,172,17.239048134126556,63,162,5.7,0,0,0,0,0,2,52,0,241,1,1,0,0,0,0,0
60,0,47,186,13.585385593710253,93,147,8.3,0,0,3,0,1,2,53,1,197,1,1,0,1,0,0,0
84,1,91,170,31.487889273356405,101,143,6.6,0,0,1,0,1,2,65,1,169,1,1,1,0,0,0,1
90,1,94,166,34.11235302656409,97,139,3.5,0,0,0,0,1,3,86,1,208,1,0,0,0,0,0,0
72,1,113,168,40.036848072562364,50,142,5.5,1,1,1,0,0,3,67,0,282,0,1,1,0,0,0,1
62,1,79,172,26.703623580313685,94,99,10.5,1,0,1,0,1,3,36,0,321,0,0,0,0,0,1,0
65,1,79,150,35.111111111111114,85,98,3.6,0,1,3,0,0,4,38,1,280,0,0,1,0,0,1,0
66,0,79,175,25.79591836734694,70,142,3.5,0,1,0,0,1,3,69,0,146,0,0,0,0,0,0,1
68,0,86,160,33.59374999999999,120,86,8.8,0,0,0,0,0,4,81,1,150,0,0,0,0,1,1,1
63,1,75,173,25.05930702662969,129,138,6.3,0,1,0,0,0,4,57,0,193,1,1,1,0,0,0,0
59,1,46,188,13.014938886373926,111,145,7.7,1,1,0,1,0,3,42,0,223,0,0,0,0,1,1,1
85,0,69,164,25.654372397382513,59,165,8.3,1,1,0,1,0,3,88,1,247,0,1,1,1,1,0,1
50,1,68,159,26.897670187097027,65,123,3.9,0,0,0,0,1,3,27,0,212,0,1,0,1,0,0,1
76,1,66,170,22.837370242214536,147,108,8.3,0,0,0,0,1,3,92,0,205,0,0,0,1,0,0,0
43,0,86,186,24.858365128916635,145,151,3.5,1,1,0,0,0,3,94,0,239,1,0,1,1,0,0,0
70,1,101,172,34.140075716603576,121,125,7.2,1,1,1,0,1,3,93,0,165,0,1,0,1,0,0,1
45,0,74,181,22.587833094227893,67,95,8.1,0,1,0,0,0,2,81,0,241,0,0,0,0,0,0,0
87,1,58,176,18.72417355371901,124,70,6.8,0,1,3,0,0,4,82,1,193,1,1,1,1,1,1,0
55,0,70,181,21.36686914318855,146,141,3.9,0,0,0,0,0,2,87,1,248,1,0,0,0,1,1,0
66,0,58,163,21.829952199932254,177,145,6.5,0,0,0,0,0,3,81,0,91,0,1,0,1,0,0,0
76,0,73,184,21.561909262759922,62,129,9.8,0,0,0,0,0,3,46,0,182,1,0,1,0,0,0,1
51,0,50,176,16.141528925619834,174,129,7.6,0,0,0,0,1,2,70,1,206,0,0,0,0,1,0,0
66,1,68,156,27.94214332675871,50,130,5.3,1,1,0,0,0,4,54,0,282,1,1,1,0,0,0,1
61,1,86,168,30.470521541950117,150,126,6.5,0,1,1,0,1,2,84,1,261,0,0,0,1,0,1,1
76,0,74,171,25.3069320474676,83,98,8.4,0,0,3,0,1,3,66,0,169,1,1,1,1,0,0,0
77,0,82,171,28.042816593139772,123,122,9.6,1,1,0,0,0,4,47,0,257,0,0,1,0,1,1,0
69,0,82,169,28.71047932495361,60,127,3.5,0,0,2,0,0,3,94,1,249,0,1,0,0,0,1,1
48,1,60,172,20.281233098972418,137,150,8.8,1,1,0,0,0,2,100,0,233,1,1,0,0,0,0,0
58,0,74,172,25.013520822065985,69,114,8.5,1,1,0,0,0,2,53,1,166,1,1,0,0,0,0,0
63,1,91,164,33.834027364663896,68,121,4.6,0,1,1,1,0,3,51,1,240,0,0,0,0,0,0,1
80,1,78,174,25.762980578676178,144,139,7.5,1,0,0,0,0,3,45,0,256,0,1,0,0,1,1,0
48,1,80,177,25.53544639152223,52,116,6.0,0,1,3,0,0,4,34,1,235,1,1,1,0,0,1,0
61,1,71,187,20.303697560696612,72,116,4.7,0,0,1,1,0,4,78,1,160,1,0,0,0,0,0,0
80,1,61,191,16.721032866423617,149,100,6.2,0,0,1,0,1,2,76,0,238,0,0,0,0,1,0,0
62,0,72,166,26.1286108288576,113,156,3.7,0,1,0,0,0,3,52,0,272,1,0,0,1,0,0,0
64,0,78,165,28.650137741046834,123,139,6.7,0,0,0,0,1,3,76,0,224,0,0,0,1,0,0,1
42,1,74,166,26.854405574103644,82,146,5.6,1,1,0,1,0,2,47,0,250,1,1,0,1,1,0,0
59,0,72,158,28.841531805800347,52,119,6.0,1,0,1,0,0,2,84,0,307,0,1,0,0,1,0,0
71,1,73,171,24.96494647925858,94,166,5.9,1,0,1,0,1,2,94,1,253,0,1,0,0,0,1,0
55,0,84,195,22.090729783037478,81,136,6.1,0,0,0,1,1,3,80,1,156,1,0,0,0,0,1,0
43,1,72,161,27.776706145596233,81,142,5.0,0,0,1,0,0,3,75,1,208,0,0,0,1,1,0,0
53,0,61,163,22.95908765854944,92,136,3.5,0,0,2,0,0,2,65,0,180,1,0,0,0,0,0,0
80,0,67,153,28.621470374642232,112,133,10.4,1,0,0,1,0,4,83,1,210,1,0,1,0,0,1,0
69,1,90,179,28.089010954714272,74,132,10.0,0,1,0,0,0,2,100,0,302,0,1,0,0,1,0,0
75,1,77,171,26.332888752094664,115,114,8.0,1,1,0,0,1,4,73,1,174,0,0,0,0,0,0,0
72,1,58,161,22.375679950619187,142,137,5.7,0,0,0,0,1,3,57,0,123,1,0,1,0,0,0,0
90,0,80,159,31.644317867172973,117,136,8.1,1,0,0,0,0,3,58,1,192,0,1,0,0,1,1,0
77,0,63,164,23.423557406305775,147,122,3.5,0,0,2,1,1,3,68,1,146,0,1,0,0,0,0,0
64,0,75,176,24.212293388429753,134,123,8.3,0,0,0,1,1,4,86,1,191,0,1,1,1,1,1,1
61,1,90,173,30.071168431955627,133,131,5.4,0,1,0,0,0,3,95,1,191,1,0,1,1,0,0,0
70,1,63,161,24.3046178773967,79,110,3.8,1,0,1,0,0,3,74,1,237,1,1,0,1,0,0,0
79,1,58,163,21.829952199932254,133,133,8.8,0,1,4,0,1,2,76,1,143,1,0,0,0,0,0,0
55,1,81,179,25.280109859242845,100,149,7.5,0,0,3,1,0,2,63,0,261,1,0,0,1,0,1,0
70,1,73,150,32.44444444444444,151,104,5.5,0,0,1,0,1,4,75,0,129,0,0,0,0,0,0,1
67,0,77,158,30.844415958980928,157,152,6.4,0,1,0,1,0,4,68,0,131,0,1,0,0,1,1,1
68,1,91,171,31.120686707020965,131,115,4.6,0,0,0,0,0,3,72,0,185,1,1,1,1,1,0,1
61,1,65,171,22.229061933586404,108,128,7.5,0,0,3,0,1,3,55,0,248,0,0,1,0,1,0,0
71,0,79,176,25.50361570247934,112,147,7.5,0,0,0,1,0,4,59,1,90,0,1,1,1,0,1,1
80,0,78,178,24.61810377477591,108,124,7.2,0,1,0,0,0,3,87,1,215,0,1,0,0,0,1,0
69,1,55,176,17.75568181818182,72,140,3.5,1,0,0,0,0,3,42,0,198,1,0,0,0,0,1,0
43,1,84,151,36.84048945221701,66,111,7.0,0,0,0,1,0,4,75,0,164,0,0,0,0,0,0,0
53,0,81,178,25.5649539199596,122,139,4.3,0,1,0,0,0,3,83,1,163,0,0,1,0,0,1,0
85,1,72,174,23.781212841854934,76,144,8.3,1,0,0,1,0,2,57,0,180,1,0,0,0,1,0,1
50,1,89,170,30.795847750865054,109,118,6.4,0,0,0,1,1,4,48,0,275,0,1,0,0,0,1,0
49,1,47,179,14.66870572079523,87,132,10.9,1,0,0,1,0,2,44,1,316,1,0,0,1,0,0,1
57,1,67,182,20.227025721531216,66,135,5.4,0,1,0,0,0,2,70,0,169,1,0,0,0,0,1,1
55,0,84,163,31.615792841281195,75,125,3.7,0,1,0,0,1,3,90,0,189,0,1,0,0,1,1,0
65,0,65,151,28.507521599929827,178,118,4.8,1,0,2,1,1,4,87,1,190,1,1,0,0,0,0,1
70,1,60,165,22.03856749311295,76,123,6.5,0,1,2,0,1,4,100,1,227,0,0,0,0,0,0,0
69,1,80,158,32.046146450889275,76,127,4.3,1,1,1,0,1,3,84,0,300,1,0,1,1,1,0,0
59,1,61,168,21.612811791383223,68,130,3.5,0,1,0,1,1,3,52,1,173,0,0,0,1,0,1,0
58,1,84,176,27.117768595041323,107,135,7.8,0,0,1,0,1,3,49,1,225,0,0,1,1,0,0,1
61,1,88,163,33.12130678610411,90,132,10.7,1,0,2,1,0,3,72,0,197,0,0,0,1,0,1,1
79,1,71,161,27.390918560240728,50,122,9.3,0,1,0,0,0,3,44,1,116,1,0,1,0,0,0,1
59,1,72,150,32.0,153,122,5.8,1,1,0,0,0,2,44,0,260,0,1,1,1,0,0,0
69,0,66,174,21.79944510503369,50,141,5.4,1,0,1,0,1,2,55,1,239,1,1,0,1,0,0,0
63,1,74,177,23.620287912158062,66,134,6.4,0,1,0,1,0,2,71,0,269,0,0,0,0,0,0,1
58,1,68,161,26.23355580417422,88,133,8.8,0,0,2,0,1,4,57,1,132,0,0,0,0,0,0,1
74,1,93,159,36.786519520588584,126,124,5.3,1,0,1,1,0,2,73,0,225,1,0,1,1,1,0,0
57,1,94,168,33.30498866213152,77,108,6.1,0,1,0,0,0,3,62,0,252,0,0,1,1,1,0,0
67,1,73,152,31.596260387811633,76,126,11.0,1,1,0,0,0,3,35,0,227,1,0,0,0,1,0,0
72,1,88,180,27.160493827160494,105,132,6.8,1,0,0,0,1,3,94,1,237,0,0,1,0,0,0,0
70,1,82,161,31.634581999151262,83,115,9.3,0,0,1,0,1,2,91,0,283,0,1,0,0,0,0,1
68,0,61,178,19.252619618735007,52,180,7.2,0,0,1,0,0,3,100,1,133,1,0,0,0,0,1,0
65,0,57,169,19.95728440880922,141,149,6.4,0,0,1,0,0,2,84,0,256,0,1,0,0,0,1,1
66,0,68,152,29.43213296398892,121,129,6.5,0,1,0,0,1,3,70,0,198,0,0,1,0,0,1,1
64,1,62,160,24.218749999999996,130,140,3.6,0,0,1,0,1,3,64,1,109,1,0,0,0,1,0,0
58,1,79,150,35.111111111111114,106,131,7.4,1,0,0,0,0,3,91,0,90,1,0,1,0,0,0,0
57,1,82,171,28.042816593139772,96,126,7.5,0,1,0,0,0,2,68,1,163,1,0,0,0,0,0,0
64,0,64,162,24.38652644413961,148,164,4.3,0,0,1,0,0,2,80,1,264,0,1,0,0,0,1,0
66,1,87,166,31.572071418202935,73,134,8.8,0,0,0,0,1,2,57,0,206,0,0,0,1,0,0,1
68,0,99,183,29.56194571351787,117,109,6.7,0,0,1,1,1,3,78,1,193,0,0,0,0,0,0,0
72,1,67,179,20.91070815517618,106,134,6.0,0,0,0,1,0,4,84,0,234,1,0,1,1,1,0,0
51,1,81,166,29.3946871824648,103,132,9.5,0,0,0,0,1,2,79,0,209,0,0,0,0,0,0,0
69,1,82,168,29.053287981859416,50,128,3.6,0,1,3,0,0,3,66,0,156,0,1,0,0,0,0,1
68,0,75,161,28.93406890166274,66,137,7.4,0,1,1,0,1,4,63,1,260,0,1,0,0,1,0,1
68,0,99,176,31.960227272727273,164,125,7.8,0,1,1,0,0,3,87,0,96,1,0,1,1,1,0,1
70,0,85,190,23.545706371191137,121,92,7.1,1,1,3,0,1,3,77,1,279,1,1,1,0,0,1,0
56,1,85,161,32.79194475521777,59,140,5.4,1,1,4,1,0,3,68,1,102,0,0,0,0,1,0,1
67,1,68,173,22.720438370810918,50,120,10.9,0,0,0,1,0,3,88,1,178,1,0,0,1,0,0,1
67,1,88,161,33.94930751128428,60,126,7.9,0,0,0,0,0,3,50,1,122,0,0,0,1,0,1,0
44,1,70,178,22.093170054286073,68,126,4.6,0,0,1,0,0,3,41,0,157,0,0,0,0,1,0,0
81,0,85,176,27.44059917355372,123,141,5.2,1,1,3,0,0,3,100,0,136,0,1,1,0,0,1,0
54,1,50,175,16.3265306122449,50,142,3.5,0,0,1,0,0,3,36,1,250,1,0,0,0,0,0,0
67,0,85,154,35.84078259402935,157,117,6.2,0,0,4,1,1,3,93,0,188,1,1,1,1,0,0,0
39,1,84,150,37.333333333333336,115,142,10.6,0,1,1,0,0,2,89,1,216,0,0,0,0,0,0,0
77,1,79,174,26.09327520147972,142,115,3.7,0,0,0,0,1,4,88,1,124,0,1,1,1,0,1,1
57,0,45,156,18.49112426035503,102,161,7.1,1,1,1,0,0,4,80,0,164,0,0,0,0,1,0,1
60,1,88,167,31.553659148768332,93,107,5.8,1,1,4,0,0,4,75,1,256,1,0,1,0,1,0,0
53,1,92,165,33.792470156106525,80,141,7.1,0,0,0,0,0,2,64,0,219,0,0,0,1,1,0,0
59,1,57,180,17.59259259259259,83,133,7.2,0,1,3,0,0,3,90,1,133,0,0,1,0,0,0,0
66,1,89,178,28.089887640449437,109,145,6.9,0,1,0,0,0,2,62,1,177,0,0,1,0,0,0,0
83,1,58,165,21.30394857667585,109,122,3.6,0,1,3,0,0,2,38,1,212,0,0,0,0,0,1,0
75,0,65,173,21.71806608974573,57,160,4.8,0,0,1,1,0,4,59,1,314,1,1,0,0,0,0,0
75,1,71,173,23.722810651876106,50,123,5.7,1,0,0,0,0,2,60,1,268,1,1,0,0,1,0,0
50,1,89,178,28.089887640449437,90,150,6.7,1,0,3,1,1,3,83,1,330,1,1,0,0,1,0,1
67,0,83,150,36.888888888888886,149,86,9.2,0,1,0,0,0,3,76,0,230,1,0,0,0,1,0,0
59,0,74,161,28.54828131630724,87,126,10.8,1,1,2,0,0,4,34,0,181,0,1,0,0,0,0,0
51,1,71,178,22.408786769347305,50,155,6.3,0,0,1,0,1,3,26,0,245,0,0,1,0,0,0,0
57,0,81,156,33.28402366863905,116,134,5.6,0,1,0,0,0,4,77,1,317,1,1,0,1,0,0,0
65,1,76,157,30.832893829364274,90,180,6.8,0,1,1,0,0,3,42,0,141,1,0,0,1,0,0,0
60,0,89,168,31.533446712018144,68,170,7.1,1,0,2,0,1,4,79,1,95,1,1,0,0,1,0,1
68,1,62,164,23.051754907792983,50,102,10.2,0,0,0,0,1,4,54,1,90,1,1,0,1,0,1,0
50,0,103,174,34.020346148764695,113,180,3.6,0,1,0,1,1,2,44,1,302,1,0,0,1,0,0,0
90,0,88,182,26.56683975365294,127,147,7.9,1,0,0,0,0,3,100,1,253,1,1,1,0,1,0,0
67,0,46,150,20.444444444444443,90,140,8.8,0,0,2,0,1,2,64,0,217,0,0,0,0,0,0,1
59,0,77,170,26.643598615916957,63,99,4.7,1,0,3,0,1,3,88,1,165,0,0,0,0,0,1,0
61,1,56,168,19.841269841269845,50,150,9.1,0,1,3,0,0,3,25,1,241,1,1,0,0,0,0,0
47,1,73,157,29.61580591504726,188,152,4.5,1,0,0,0,0,2,76,0,222,0,1,0,0,0,0,1
46,1,45,150,20.0,97,121,3.5,1,1,1,1,0,4,46,1,194,0,0,0,0,0,1,1
62,0,54,160,21.093749999999996,122,160,6.0,0,1,3,1,0,2,86,1,146,0,1,0,0,0,0,1
67,0,74,153,31.611773249604852,93,103,8.0,1,0,0,0,1,3,56,1,165,1,0,0,0,0,1,1
49,1,67,172,22.647376960519203,95,130,3.5,0,1,2,0,1,3,46,1,252,0,1,0,0,0,0,0
54,1,90,162,34.293552812071326,93,159,3.5,0,0,1,1,0,3,45,1,191,0,0,1,0,0,0,0
66,0,68,162,25.910684346898332,115,116,8.6,0,1,0,0,0,2,82,0,287,1,0,1,0,1,0,0
52,1,81,176,26.149276859504134,127,122,6.2,1,1,2,0,0,3,38,1,259,0,1,1,0,0,1,0
75,0,93,189,26.035105400184765,118,118,7.3,0,0,0,0,0,2,53,1,161,0,0,0,0,0,0,0
68,1,54,166,19.5964581216432,135,122,7.7,0,0,0,0,0,3,90,1,172,0,0,0,0,0,1,1
59,1,58,175,18.93877551020408,111,128,3.6,0,1,1,1,0,2,80,1,259,0,1,0,1,0,1,0
66,0,65,179,20.286507911738084,97,122,5.3,0,0,0,1,1,3,94,0,269,0,1,0,1,1,1,1
54,1,73,156,29.996712689020377,100,180,6.4,1,1,0,0,1,3,65,1,213,1,1,1,1,0,0,0
54,1,85,154,35.84078259402935,93,118,4.7,0,0,1,0,1,3,100,0,140,0,0,0,0,0,0,1
82,1,53,167,19.003908350962746,129,125,5.7,1,1,0,1,0,3,60,0,185,0,1,1,1,0,1,0
85,0,56,174,18.49649887699828,50,112,8.4,0,0,4,0,0,2,86,0,146,0,1,0,0,1,0,0
59,0,75,162,28.577960676726104,114,103,3.5,1,0,3,0,1,4,57,1,290,1,1,0,0,0,0,1
65,1,52,152,22.506925207756233,93,139,6.8,0,0,0,1,1,3,48,0,208,1,0,0,0,0,0,1
59,1,64,184,18.90359168241966,99,161,4.4,0,0,2,0,1,3,65,1,185,0,0,0,0,0,1,0
78,1,63,176,20.33832644628099,111,169,5.9,0,0,2,1,1,3,74,1,161,1,0,1,1,0,1,1
88,1,69,167,24.740937287102444,110,144,6.0,0,1,1,0,1,3,34,1,90,1,0,1,0,0,0,1
57,1,98,159,38.764289387286894,125,130,6.7,1,1,2,0,0,4,75,0,174,0,1,0,0,1,0,0
50,0,64,155,26.638917793964616,97,158,6.4,0,0,2,0,0,4,58,1,200,0,0,0,1,0,0,0
75,1,60,160,23.437499999999996,92,128,7.1,0,1,4,0,1,4,82,0,146,0,0,0,0,0,0,0
73,1,65,186,18.78829922534397,87,156,7.7,1,0,0,0,1,2,65,1,247,0,0,1,0,1,1,1
80,1,64,166,23.225431847873423,85,117,3.5,0,1,3,1,0,2,81,0,129,0,1,1,0,0,1,1
67,1,84,172,28.393726338561386,67,163,5.8,1,1,1,0,1,2,79,0,210,0,0,0,0,0,0,0
40,1,81,195,21.301775147928996,155,127,4.9,0,1,0,1,0,2,73,1,233,0,0,0,1,0,1,0
50,0,64,188,18.107741059302853,85,157,3.5,1,1,0,0,0,3,66,1,186,0,0,0,0,1,0,0
86,1,72,171,24.622960911049557,50,165,4.5,1,1,2,0,0,2,92,0,137,0,1,1,0,1,1,0
64,0,64,187,18.301924561754696,92,134,8.5,1,0,0,0,0,3,68,1,192,0,1,1,0,0,0,0
54,1,77,174,25.43268595587264,58,130,6.0,0,0,3,1,1,2,49,1,136,1,0,0,0,0,1,1
42,1,91,189,25.475210660395845,97,157,7.5,0,1,1,0,1,2,44,1,192,0,0,0,0,0,0,0
70,1,90,170,31.14186851211073,80,145,7.4,0,1,0,1,1,2,82,1,216,1,0,0,1,0,0,0
65,0,81,177,25.854639471416256,85,156,4.7,1,0,3,1,1,3,76,0,195,0,0,0,1,0,0,1
50,1,66,175,21.551020408163264,121,146,7.6,1,0,3,1,1,2,95,0,153,1,0,0,1,0,1,0
53,1,64,161,24.690405462752206,110,137,4.3,1,0,1,0,0,3,100,0,165,1,0,1,0,0,0,0
55,1,53,177,16.917233234383477,140,146,7.9,0,0,1,0,0,4,78,1,292,1,1,0,0,0,0,0
70,1,73,159,28.875440053795337,161,133,5.3,0,0,3,0,0,2,55,0,292,1,1,1,1,0,1,0
85,0,64,164,23.795359904818564,107,108,3.8,1,1,0,0,0,2,81,1,182,1,0,0,0,1,0,0
60,0,89,178,28.089887640449437,95,138,6.8,0,1,1,0,1,3,91,0,162,1,0,1,1,0,0,0
84,0,53,173,17.70857696548498,113,120,5.1,0,0,0,0,1,3,42,0,191,1,0,1,1,0,0,0
64,1,86,170,29.75778546712803,69,114,7.8,0,0,4,1,0,3,62,1,125,0,1,0,1,1,0,0
55,1,53,173,17.70857696548498,71,124,7.9,0,0,0,0,1,2,25,1,157,0,0,0,0,0,0,1
81,1,59,169,20.65754000210077,79,106,3.5,0,1,0,0,1,3,80,1,250,0,0,1,0,1,0,1
70,1,63,180,19.444444444444443,91,70,13.4,1,0,0,1,0,2,100,1,264,0,1,0,1,0,0,1
81,0,62,193,16.64474214072861,77,144,3.9,0,1,0,0,0,4,85,1,267,1,0,1,0,0,1,0
69,1,91,184,26.878544423440452,136,118,7.9,0,0,2,0,1,3,36,1,113,1,1,1,0,0,1,1
90,1,73,166,26.491508201480624,120,135,5.6,0,1,1,0,0,4,48,0,219,1,1,1,0,0,1,1
68,0,92,175,30.040816326530614,81,126,7.2,1,0,1,0,1,2,72,0,218,0,0,0,0,1,0,1
71,1,75,162,28.577960676726104,50,150,5.3,0,1,4,1,1,3,82,1,164,0,1,1,1,0,1,0
56,1,63,182,19.01944209636517,95,120,9.4,0,0,0,0,0,3,98,0,270,0,0,0,0,0,1,0
76,0,53,170,18.339100346020764,130,104,3.6,1,1,0,0,0,4,77,1,330,0,1,1,0,0,0,0
63,1,69,178,21.777553339224845,114,147,8.6,0,0,1,0,0,2,42,0,183,0,0,0,1,0,1,0
73,1,65,173,21.71806608974573,94,82,3.5,1,0,0,1,1,3,64,0,290,0,1,1,1,1,0,0
82,1,82,150,36.44444444444444,85,134,6.7,1,0,0,0,0,4,62,1,132,0,0,1,1,1,0,0
65,1,89,169,31.161373901474043,93,134,3.7,0,0,1,0,0,3,74,1,187,1,0,1,0,0,1,0
73,1,95,172,32.11195240670633,54,142,7.9,0,0,0,0,0,4,83,1,208,0,0,1,0,0,0,0
81,1,81,174,26.7538644470868,91,178,7.2,1,0,4,0,0,2,39,0,299,0,1,0,1,1,0,1
53,1,60,160,23.437499999999996,50,122,7.6,0,1,3,0,0,2,77,1,117,0,1,0,0,0,0,0
66,0,85,156,34.927679158448385,50,139,6.0,0,0,1,1,1,2,40,0,302,1,1,0,1,1,1,1
45,0,85,172,28.73174689021093,109,142,6.0,0,1,0,1,0,3,72,0,106,0,0,0,0,0,1,0
63,0,62,171,21.20310522895934,96,131,6.2,1,0,0,0,1,3,100,1,257,0,1,0,1,0,0,1
76,1,78,165,28.650137741046834,55,113,4.2,1,1,2,1,1,3,72,1,208,1,0,0,0,1,0,1
42,1,67,164,24.910767400356935,130,99,11.7,0,0,0,0,0,4,40,0,269,0,1,0,0,1,1,0
54,1,62,182,18.717546190073662,92,116,4.9,0,1,2,0,1,3,87,1,206,1,0,0,0,0,0,0
49,1,89,162,33.91251333638164,115,102,5.7,0,0,1,0,1,2,50,1,213,0,0,0,0,0,0,0
75,1,76,164,28.256989886972047,132,104,7.1,0,0,1,1,1,2,96,0,146,1,0,0,0,0,1,1
70,1,90,150,40.0,70,131,5.6,1,1,1,1,1,2,55,1,284,0,0,0,0,0,1,0
78,1,72,178,22.724403484408533,50,103,7.1,1,0,2,0,0,3,45,1,183,0,0,1,0,1,1,0
76,0,65,171,22.229061933586404,80,142,3.5,0,0,1,0,0,3,100,1,295,1,0,0,0,1,0,0
58,1,46,185,13.440467494521547,72,107,6.4,0,0,0,0,1,2,69,1,197,1,0,0,1,0,0,1
63,0,100,161,38.57875853555032,101,146,4.6,0,1,0,0,0,3,63,1,249,1,0,0,1,0,0,0
60,1,91,154,38.370720188902006,111,110,7.3,0,0,0,1,1,3,73,1,114,0,0,0,0,0,1,0
82,1,62,161,23.9188302920412,79,143,9.6,0,0,0,0,0,3,43,1,179,1,0,1,0,0,1,0
71,1,45,178,14.202752177755334,128,133,10.3,1,0,3,0,0,4,74,1,170,0,1,0,0,0,0,0
76,1,90,181,27.471688898385274,159,141,5.6,1,0,0,0,1,2,78,1,199,0,1,0,0,1,0,0
73,0,80,171,27.358845456721728,50,121,3.5,1,1,1,0,1,4,29,1,108,1,0,1,0,1,1,0
59,0,87,170,30.103806228373706,67,120,7.2,0,0,3,0,1,2,91,1,212,1,1,0,1,0,0,1
54,1,45,185,13.148283418553687,90,164,5.8,1,0,4,0,0,3,56,1,259,0,0,0,1,0,1,0
70,0,55,175,17.959183673469386,72,109,4.6,1,1,3,0,1,2,67,0,265,0,0,1,0,0,0,0
82,1,76,169,26.609712545078956,113,113,7.0,1,0,1,0,0,2,60,0,240,0,1,0,0,1,1,0
68,1,65,162,24.76756591982929,64,90,6.9,0,0,1,0,1,2,93,0,152,0,1,0,0,0,0,0
50,1,67,176,21.62964876033058,76,115,7.9,0,0,0,0,1,3,73,1,279,0,0,0,0,1,0,0
71,0,45,157,18.25631871475516,149,100,5.5,1,0,0,1,1,2,71,1,165,0,1,0,0,1,1,0
58,0,68,157,27.587326057852245,145,163,5.3,1,0,0,0,0,3,69,1,260,0,0,0,0,1,0,0
43,1,78,168,27.636054421768712,141,143,5.2,0,1,1,0,1,4,75,0,186,0,0,0,0,0,0,0
84,0,85,185,24.835646457268076,71,117,5.1,0,1,1,0,1,3,86,0,331,0,0,0,1,0,0,1
55,1,81,157,32.86137368655929,124,146,7.9,0,1,0,0,1,3,85,1,191,1,0,0,0,0,1,0
80,1,68,181,20.756387167668876,136,74,4.9,1,1,0,0,1,3,71,1,196,0,1,0,0,0,1,0
81,1,86,176,27.763429752066116,62,107,3.6,1,0,2,0,0,3,83,1,179,0,0,0,1,0,0,0
69,0,68,158,27.239224483255885,50,144,7.5,0,1,0,0,0,3,76,0,172,1,0,0,0,0,0,0
54,0,103,172,34.81611681990265,121,106,7.4,0,0,1,0,0,2,26,1,181,1,1,0,0,0,1,0
79,1,80,162,30.48315805517451,50,117,10.3,0,0,0,0,0,3,35,0,189,1,0,1,1,1,0,1
55,1,74,162,28.19692120103642,75,148,11.5,1,1,1,1,0,3,89,0,215,0,0,0,1,0,0,1
64,1,75,181,22.89307408198773,50,137,9.5,1,0,1,0,0,3,71,0,131,0,0,0,0,0,0,0
62,1,62,168,21.9671201814059,101,105,7.8,0,1,4,0,0,2,65,1,359,1,1,1,1,0,1,0
60,0,86,168,30.470521541950117,168,122,6.5,1,0,0,0,1,3,54,0,252,1,1,0,0,0,0,1
67,1,63,169,22.058051188683873,125,117,5.0,0,0,2,0,1,2,85,1,201,1,1,0,0,0,1,0
44,0,90,182,27.17063156623596,152,116,10.9,0,0,2,0,0,3,63,0,119,0,0,0,0,0,0,0
56,0,78,167,27.968016063681024,118,118,7.3,0,1,0,0,0,3,25,1,124,0,1,0,0,0,1,0
54,1,62,177,19.789970953429727,50,154,9.4,1,1,0,0,0,3,27,1,269,0,0,0,0,0,0,0
71,1,81,177,25.854639471416256,96,114,6.4,1,0,2,0,0,2,74,0,222,0,0,0,1,1,0,0
73,0,65,153,27.76709812465291,110,153,7.5,0,0,2,0,0,3,52,1,104,0,0,1,0,0,0,0
62,1,63,181,19.230182228869694,118,147,6.9,1,0,1,1,0,3,45,1,170,1,0,0,0,1,1,0
72,1,77,182,23.24598478444632,134,149,5.2,1,1,1,1,0,2,67,1,131,0,0,1,1,0,1,1
64,1,79,176,25.50361570247934,72,140,7.6,1,1,1,0,1,2,77,0,266,0,0,0,0,1,1,0
61,1,68,165,24.977043158861342,106,140,11.0,0,1,0,0,0,3,94,0,263,0,0,1,0,0,0,1
68,0,67,161,25.847768218818715,90,134,5.4,1,1,2,1,0,3,70,1,205,0,0,0,1,1,0,1
67,0,69,169,24.158817968558527,129,119,6.1,0,0,0,0,0,3,84,1,197,0,1,0,0,0,0,1
52,1,83,152,35.924515235457065,98,161,3.5,0,1,4,0,1,3,40,1,265,0,1,0,1,0,1,0
76,0,84,174,27.74474831549742,101,121,7.7,0,1,2,0,0,2,95,1,286,0,0,1,0,0,1,1
47,0,83,157,33.6727656294373,103,127,7.7,0,0,2,0,0,2,27,0,182,1,0,0,0,0,0,0
49,0,65,173,21.71806608974573,112,143,7.6,0,0,2,1,0,3,77,0,232,0,0,0,0,0,1,0
52,1,106,166,38.467121498040356,100,139,6.0,0,1,0,0,1,3,56,1,210,1,0,0,1,1,0,0
64,1,45,173,15.035584215977813,144,104,5.7,0,0,0,0,0,2,64,1,156,0,0,0,0,0,0,0
83,1,61,165,22.4058769513315,50,126,6.9,0,0,0,1,0,2,60,1,168,0,1,0,0,1,1,0
80,0,82,169,28.71047932495361,131,126,7.5,1,1,0,1,1,3,61,1,149,0,1,1,1,0,1,0
54,0,97,162,36.96082914189909,114,156,6.5,0,1,0,0,1,2,64,1,211,0,0,0,0,0,0,0
63,1,79,172,26.703623580313685,108,139,5.6,0,0,0,0,0,2,100,0,196,1,0,0,1,1,0,1
50,1,70,179,21.847008520333322,91,165,3.5,1,0,1,0,0,3,91,1,216,0,0,0,0,0,1,0
56,1,92,182,27.77442337881898,163,128,8.4,0,0,0,0,0,3,82,0,270,0,1,0,1,0,1,0
88,1,67,166,24.31412396574249,99,128,6.8,0,1,0,0,0,2,63,1,194,1,1,0,1,1,1,1
62,1,62,150,27.555555555555557,144,128,3.7,0,0,0,1,0,2,76,1,281,0,0,1,1,1,0,0
79,1,87,164,32.34681737061273,167,139,7.7,1,0,0,0,1,3,56,1,181,0,1,1,0,1,0,0
74,1,96,176,30.991735537190085,75,180,7.8,0,0,3,0,0,3,76,0,195,0,1,1,0,0,1,0
56,1,51,180,15.74074074074074,95,132,5.5,0,0,3,0,0,3,68,0,218,0,0,0,0,0,1,0
54,0,99,189,27.714789619551524,50,112,4.4,0,1,1,1,1,4,79,1,258,0,0,1,1,1,1,1
64,1,88,163,33.12130678610411,62,136,8.6,1,1,2,0,0,4,60,1,210,0,1,0,1,1,0,1
63,1,87,185,25.420014609203797,121,116,5.5,1,0,2,0,0,4,89,0,192,0,1,0,0,0,0,0
75,1,87,166,31.572071418202935,95,119,3.5,0,0,0,0,0,3,71,0,255,0,0,1,0,0,0,0
61,0,84,174,27.74474831549742,80,133,6.4,1,0,2,0,0,3,66,1,144,0,1,0,0,1,0,0
75,1,81,174,26.7538644470868,185,166,6.8,1,0,1,1,1,4,85,1,241,0,1,1,0,1,1,0
56,0,71,182,21.434609346697258,90,124,6.7,0,0,1,0,0,4,100,1,236,0,0,0,0,1,0,0
65,0,56,153,23.92242299970097,54,136,5.1,0,0,4,1,0,3,70,0,242,0,1,0,0,0,1,1
53,1,61,156,25.06574621959237,68,129,6.6,0,1,4,0,0,4,66,1,254,1,0,1,1,0,1,0
44,0,79,171,27.01685988851271,106,143,7.9,1,0,0,1,0,3,78,1,221,0,0,1,1,1,0,0
54,1,76,159,30.062101973814325,111,84,3.5,0,1,0,0,1,4,60,0,359,0,0,0,0,0,0,1
71,0,63,170,21.79930795847751,74,124,7.6,0,1,0,0,1,4,48,1,221,1,0,0,1,0,0,0
81,1,65,179,20.286507911738084,72,127,8.2,1,1,0,0,1,3,56,1,157,1,0,0,1,0,0,0
63,1,74,184,21.85727788279773,74,135,5.8,0,1,0,0,0,3,95,1,198,1,0,1,0,0,0,0
70,1,65,160,25.390624999999996,154,145,3.8,1,0,0,1,0,3,60,1,168,0,0,0,0,0,0,0
61,1,63,159,24.919900320398717,148,157,8.3,0,0,0,1,0,2,74,1,171,0,0,1,1,0,0,0
59,0,87,174,28.735632183908045,99,132,9.1,1,0,1,0,0,4,36,1,173,0,0,0,1,0,0,0
78,1,59,178,18.621386188612547,111,160,4.3,1,0,0,1,1,3,47,1,244,0,1,1,0,1,1,1
80,0,74,163,27.85200797922391,104,146,6.2,0,0,0,0,0,3,91,1,105,0,0,0,0,0,1,0
81,0,82,161,31.634581999151262,81,152,4.5,0,0,0,0,0,4,78,1,110,0,0,1,1,1,0,0
75,0,76,177,24.258674071946118,126,138,5.3,0,0,2,0,1,2,72,0,124,1,1,0,0,0,0,1
61,1,69,180,21.296296296296294,50,136,6.4,0,1,0,1,0,4,44,1,191,1,0,0,1,1,1,1
57,1,98,170,33.91003460207613,113,157,8.4,1,1,3,0,0,2,73,0,108,1,0,0,0,0,0,0
45,0,88,175,28.73469387755102,138,138,7.7,0,0,0,0,0,2,72,0,167,0,1,0,0,0,0,0
88,0,102,161,39.35033370626133,70,140,6.8,1,0,3,0,1,3,70,0,277,0,1,1,1,0,0,0
47,0,67,164,24.910767400356935,84,111,10.9,0,0,4,0,1,3,54,1,213,1,1,1,0,0,0,1
65,1,77,168,27.281746031746035,50,130,3.9,1,1,1,1,1,3,84,1,134,1,0,1,1,0,0,1
45,1,90,163,33.87406375851557,69,123,5.4,1,0,1,0,1,3,54,1,219,0,0,0,1,1,0,1
77,0,104,153,44.42735699944466,161,149,6.7,0,0,0,0,0,3,64,1,276,0,1,1,0,1,1,0
69,0,90,164,33.462224866151104,50,140,5.9,1,1,3,0,1,2,28,1,201,0,1,0,1,1,1,0
80,1,69,173,23.054562464499313,71,142,6.1,0,1,0,0,0,2,68,1,164,1,0,0,0,0,1,0
67,1,75,165,27.548209366391188,150,125,8.2,1,1,1,0,1,3,46,1,196,1,1,0,0,0,0,0
73,0,74,178,23.355636914530994,91,121,4.7,0,1,1,1,1,2,73,0,110,0,0,0,0,0,1,1
69,0,76,166,27.58020031934969,76,136,10.1,0,1,3,1,1,2,70,1,135,0,0,1,1,0,1,1
80,1,70,159,27.688778133776353,105,154,4.7,1,1,0,0,0,4,70,0,160,0,1,0,0,1,0,0
69,0,77,171,26.332888752094664,78,111,5.0,0,1,0,1,1,2,46,1,160,0,0,1,1,0,0,1
76,1,45,177,14.363688595231254,76,120,8.8,0,0,0,0,0,4,40,1,179,0,0,1,0,0,1,0
89,0,60,161,23.147255121330193,107,169,8.9,1,1,2,0,1,3,68,1,138,0,1,0,0,1,1,1
55,1,86,150,38.22222222222222,83,109,5.9,0,0,0,0,0,3,35,1,244,0,0,0,1,0,1,0
56,0,105,173,35.083029837281565,109,152,9.0,0,0,1,0,1,2,94,0,214,1,0,0,1,0,0,1
79,0,78,177,24.897060231734173,166,96,4.7,0,1,0,0,0,2,75,1,181,0,1,1,0,1,0,0
67,0,69,152,29.864958448753463,127,118,3.5,0,1,1,0,1,3,86,0,200,0,1,1,1,0,0,1
68,0,57,180,17.59259259259259,110,146,8.5,1,0,1,1,1,3,89,1,174,1,1,0,1,1,0,0
72,0,63,164,23.423557406305775,90,119,3.5,1,1,1,0,0,2,76,1,112,1,0,0,1,1,0,0
67,0,74,167,26.533758829646096,50,122,6.5,0,0,0,1,1,4,68,1,167,0,0,0,1,0,0,1
45,1,79,166,28.668892437218755,142,96,10.3,0,0,2,0,0,2,67,1,117,1,0,0,0,0,1,0
68,0,64,166,23.225431847873423,88,111,4.6,0,1,3,1,1,3,95,0,169,0,1,0,1,0,1,0
51,0,74,167,26.533758829646096,66,99,3.9,1,1,0,0,0,3,58,1,188,0,1,0,1,1,0,1
71,1,82,171,28.042816593139772,50,104,4.6,1,1,4,0,1,2,67,0,139,0,1,0,1,0,0,0
70,1,89,166,32.29786616344898,103,144,4.0,0,1,0,1,0,3,50,0,212,0,1,0,1,1,1,0
68,0,78,185,22.79035792549306,104,104,4.3,0,0,0,0,0,2,57,1,255,0,0,0,0,0,1,1
63,1,68,171,23.25501863821347,77,135,3.5,0,0,0,0,0,3,61,1,314,1,0,1,1,0,1,1
90,0,53,174,17.50561500858766,128,127,8.4,1,0,1,1,1,3,66,1,239,0,1,0,1,0,1,1
90,0,70,190,19.390581717451525,109,108,3.5,0,1,0,0,0,3,67,1,269,1,0,1,1,1,0,0
43,1,87,178,27.458654210326976,64,106,7.8,0,1,1,0,0,2,71,0,190,0,0,0,1,0,1,0
59,0,78,195,20.512820512820515,50,141,3.5,0,1,3,1,0,3,75,0,129,1,0,1,1,0,0,0
85,1,82,167,29.402273297715947,93,143,6.8,0,0,3,0,0,3,72,1,127,0,0,0,1,0,0,1
77,0,87,178,27.458654210326976,81,153,8.3,0,0,4,0,1,4,99,0,185,0,0,0,1,0,1,1
61,1,93,174,30.71739992072929,114,126,6.4,0,0,2,1,0,3,68,0,190,0,0,0,1,0,0,0
79,1,83,172,28.055705786911847,129,120,4.1,1,1,0,0,1,2,71,0,256,0,1,0,1,0,0,1
55,1,81,175,26.448979591836736,141,93,6.4,0,0,0,1,1,4,83,0,169,0,0,1,1,0,1,0
56,1,45,170,15.570934256055365,63,129,5.4,1,0,0,0,0,2,46,0,203,1,0,0,0,0,1,0
65,1,83,178,26.19618735008206,83,102,6.1,1,1,0,0,0,2,65,1,202,1,0,0,1,1,0,0
70,1,102,162,38.8660265203475,77,118,3.9,0,1,3,0,1,2,77,0,118,1,0,0,0,0,0,1
70,0,54,158,21.63114885435026,58,123,7.2,1,1,1,0,0,3,78,1,224,0,1,0,1,0,0,0
68,1,90,173,30.071168431955627,130,109,5.9,0,0,0,1,1,2,61,0,145,0,0,0,1,0,0,0
66,1,92,179,28.71321119815237,96,157,8.0,0,1,0,0,0,2,75,0,156,0,0,0,0,0,0,0
62,1,79,175,25.79591836734694,129,179,8.6,0,0,1,1,0,3,42,0,199,1,1,0,1,0,1,0
60,1,52,153,22.21367849972233,95,159,7.2,1,0,4,0,0,3,91,1,158,1,0,0,0,1,1,0
65,0,53,179,16.541306451109516,124,158,5.9,1,0,4,0,0,4,79,1,259,0,1,1,0,0,0,0
68,1,77,170,26.643598615916957,79,139,5.0,1,0,1,0,1,3,69,0,255,1,1,0,0,1,0,0
55,1,98,182,29.585798816568044,59,149,4.8,0,1,2,1,0,2,75,0,177,1,1,0,0,0,1,0
48,1,49,155,20.39542143600416,118,146,7.2,0,0,0,0,0,3,56,0,215,0,0,0,1,1,1,0
66,1,70,181,21.36686914318855,57,121,7.5,1,1,4,0,1,3,96,0,301,1,1,1,1,0,0,1
67,0,86,169,30.110990511536716,72,154,6.2,1,0,1,0,0,3,100,0,140,0,1,0,1,1,0,0
60,1,69,191,18.91395520956114,108,118,6.5,0,0,0,0,1,2,38,1,201,0,0,0,1,0,1,0
58,1,71,173,23.722810651876106,84,153,3.7,0,0,0,0,0,3,82,1,127,0,0,0,0,0,1,0
67,0,96,176,30.991735537190085,128,147,6.8,0,0,2,1,0,4,84,0,215,1,0,0,0,0,0,0
64,1,84,164,31.231409875074366,76,126,5.6,0,0,3,1,1,3,79,1,90,0,0,1,1,0,0,1
64,1,82,166,29.757584555087824,50,107,8.8,0,1,4,0,0,2,51,1,209,1,0,0,0,0,0,1
88,0,56,168,19.841269841269845,91,146,7.1,1,0,1,0,0,2,58,1,240,0,0,0,1,1,1,0
43,0,65,171,22.229061933586404,50,111,5.9,0,0,1,1,1,2,25,1,180,1,0,1,0,0,0,0
49,0,77,167,27.60945175517229,88,138,7.3,0,0,0,0,1,3,47,1,206,1,0,1,1,0,0,0
62,1,74,176,23.889462809917354,56,136,10.3,0,0,1,0,0,3,100,1,133,0,0,0,0,1,0,1
73,1,79,181,24.114038033027075,125,132,8.2,0,1,0,0,0,4,41,0,209,0,1,1,0,0,1,0
56,0,96,175,31.346938775510203,106,135,5.4,0,1,4,0,1,4,94,1,254,0,1,0,0,0,0,1
50,1,75,172,25.351541373715524,119,124,7.5,1,1,3,0,1,3,78,0,272,0,0,0,1,0,0,0
62,0,82,166,29.757584555087824,129,112,12.3,1,1,1,0,0,3,63,0,172,0,0,0,0,0,1,0
62,0,45,150,20.0,124,140,8.3,0,1,0,0,0,2,68,0,142,0,0,1,0,0,0,0
44,1,67,177,21.38593635289987,122,170,6.2,0,0,3,0,0,3,92,0,111,1,0,0,0,0,0,0
70,1,83,162,31.626276482243554,127,150,9.0,1,0,1,0,0,3,46,1,272,0,1,0,1,0,0,1
63,1,65,164,24.167162403331353,132,143,3.5,0,0,3,0,0,3,61,0,164,0,0,0,0,0,0,0
71,1,60,164,22.308149910767405,56,120,4.4,1,1,0,0,0,3,83,0,167,0,0,1,1,0,0,1
70,1,107,172,36.168199026500815,126,180,3.5,1,1,3,0,0,3,59,1,90,1,0,0,0,1,0,1
38,0,85,180,26.234567901234566,106,141,3.5,0,0,0,1,1,4,100,1,180,0,0,0,1,0,0,1
64,1,66,163,24.840980089578082,113,136,6.5,0,1,0,0,0,3,80,1,367,1,0,1,0,0,0,0
63,1,91,154,38.370720188902006,156,145,3.7,0,0,2,0,1,4,53,0,313,0,1,0,1,0,0,0
59,1,68,173,22.720438370810918,115,110,4.5,0,0,2,0,0,3,81,0,202,1,1,0,0,1,0,0
68,0,54,158,21.63114885435026,92,134,3.5,0,1,0,1,0,3,63,1,281,0,0,0,1,0,0,0
60,1,66,165,24.242424242424246,50,147,7.4,0,0,0,0,1,2,42,1,160,0,0,0,1,0,0,0
56,1,63,161,24.3046178773967,90,131,4.0,0,1,0,1,0,3,94,1,291,0,1,0,1,0,0,1
62,1,65,170,22.49134948096886,117,99,8.2,0,1,0,1,1,2,38,0,212,0,0,0,1,0,0,1
55,1,58,174,19.157088122605362,67,145,6.2,0,1,1,0,0,2,91,0,241,1,0,0,0,0,0,1
66,0,74,175,24.163265306122447,140,125,9.3,0,0,0,1,0,3,63,1,167,1,1,0,1,0,0,1
58,0,85,167,30.477966223242138,159,154,5.8,0,0,3,0,0,2,100,1,231,1,1,0,0,0,0,1
61,0,72,184,21.266540642722116,105,129,8.2,0,1,0,0,1,2,77,1,383,1,0,1,1,1,1,1
47,1,71,161,27.390918560240728,93,113,6.9,0,1,0,1,0,3,78,1,262,0,0,1,1,0,1,1
51,0,81,157,32.86137368655929,89,133,7.7,0,0,2,0,0,3,70,1,166,0,0,0,0,0,0,0
69,1,71,159,28.084332107116012,162,132,8.4,0,1,1,0,0,2,59,1,90,1,1,1,0,0,0,0
80,0,83,195,21.827744904667984,142,149,6.9,1,1,1,0,0,2,83,0,157,0,1,0,0,1,0,1
65,1,72,157,29.21010994360826,50,139,7.3,1,1,3,0,1,3,64,0,205,0,0,0,1,0,1,1
85,0,89,182,26.86873565994445,98,115,7.6,1,0,0,0,0,3,60,1,165,0,0,1,0,0,0,0
71,1,73,167,26.175194521137367,162,141,3.5,1,1,0,0,0,2,62,1,207,1,1,1,1,1,1,1
61,0,62,177,19.789970953429727,130,148,7.2,0,0,0,0,0,3,67,1,189,1,0,1,0,0,0,0
83,1,88,150,39.111111111111114,66,114,8.2,1,0,1,0,1,2,88,0,261,0,0,1,1,0,0,0
55,1,97,165,35.62901744719927,91,133,6.3,1,0,0,0,0,3,55,1,90,0,0,0,0,1,0,0
69,1,63,176,20.33832644628099,89,108,3.8,1,0,2,0,1,3,49,1,193,1,1,0,1,0,0,1
67,0,86,175,28.081632653061224,62,159,7.5,0,1,1,0,1,3,75,0,224,0,0,0,0,1,0,0
36,0,58,184,17.131379962192817,177,150,3.7,1,1,0,1,1,2,68,1,90,0,1,0,0,0,1,1
61,1,46,154,19.396188227357058,143,121,3.5,1,0,1,0,0,3,69,1,138,0,0,1,0,0,0,0
85,0,87,175,28.408163265306122,115,119,8.8,1,1,2,0,0,2,89,0,271,0,0,0,0,0,1,1
59,1,82,172,27.717685235262305,113,129,7.5,1,1,3,0,1,4,62,0,195,1,1,0,1,1,0,0
58,1,78,168,27.636054421768712,147,129,4.9,1,0,0,0,1,2,80,0,228,1,0,0,0,0,1,0
71,1,76,170,26.29757785467128,86,125,7.3,0,1,0,1,1,4,99,0,149,0,0,0,1,1,0,0
38,1,88,164,32.718619869125526,129,129,6.1,1,0,0,0,0,4,72,0,130,0,0,0,1,0,0,0
74,1,64,160,24.999999999999996,176,108,8.1,0,0,2,0,0,2,71,1,198,1,1,0,0,1,0,0
60,1,97,175,31.6734693877551,113,108,12.6,0,0,4,0,1,3,44,0,285,0,0,0,1,1,1,0
52,0,85,179,26.528510346119035,128,109,4.7,0,1,0,1,0,3,93,0,174,1,0,0,0,0,0,1
75,0,56,170,19.377162629757787,96,134,5.8,0,1,3,0,0,4,56,1,196,0,1,0,0,0,0,1
70,0,60,172,20.281233098972418,83,151,4.1,1,1,2,0,0,2,81,1,222,1,1,0,0,0,0,1
82,1,60,171,20.519134092541297,64,173,8.6,0,1,0,1,0,3,92,1,255,0,0,0,1,0,1,1
69,0,83,188,23.48347668628339,106,161,6.0,1,1,1,1,0,2,100,1,243,0,1,1,1,1,0,1
66,0,80,156,32.87310979618672,50,113,6.1,1,1,0,0,0,4,25,0,257,1,1,0,0,1,0,0
67,0,65,172,21.971335857220122,75,154,5.6,1,1,0,0,1,4,67,0,120,0,1,0,0,0,0,1
63,0,75,167,26.89232313815483,82,133,5.3,0,0,2,0,0,3,98,0,207,0,0,1,0,0,0,1
53,1,89,164,33.09042236763832,120,141,5.5,0,0,3,0,0,3,78,0,191,0,1,0,0,1,0,0
73,0,87,181,26.555965935105768,73,162,5.7,0,1,2,0,1,3,61,0,166,1,0,0,0,0,0,0
63,0,76,174,25.102391333069097,99,155,8.1,0,0,0,0,1,2,60,0,164,1,0,0,0,1,0,0
75,1,85,168,30.116213151927443,52,117,8.4,0,0,2,0,0,2,63,0,273,0,0,0,0,1,1,1
56,0,99,178,31.246054791061734,103,123,6.8,1,1,1,0,0,3,100,0,137,1,0,0,0,0,1,1
54,0,84,162,32.00731595793324,133,128,9.4,0,1,0,0,0,2,32,1,90,0,1,0,0,1,1,1
66,1,53,184,15.65453686200378,88,133,7.8,1,0,0,0,1,3,62,0,157,0,1,0,0,0,0,1
65,1,75,173,25.05930702662969,53,138,5.2,0,1,2,0,0,3,76,1,122,0,0,0,0,0,0,0
67,0,82,177,26.173832551310287,108,160,8.3,0,0,0,1,0,4,61,0,248,0,0,0,0,1,1,1
63,0,92,163,34.62682073092702,165,127,8.4,0,0,0,0,1,3,98,1,190,0,0,0,1,0,1,1
78,1,67,164,24.910767400356935,89,122,6.8,0,0,0,0,0,3,56,0,243,0,0,0,0,0,0,0
43,0,90,173,30.071168431955627,106,133,5.9,0,0,1,0,1,2,79,0,157,1,0,0,1,0,0,0
58,1,70,155,29.1363163371488,66,118,3.8,0,1,1,0,1,4,65,0,146,0,0,0,0,0,0,0
66,0,64,185,18.699780861943022,84,160,5.6,0,0,4,1,1,3,55,1,278,0,0,0,0,0,1,1
66,1,56,166,20.322252866889244,80,107,3.5,0,0,2,1,0,4,59,0,211,0,1,1,1,0,1,1
61,1,61,178,19.252619618735007,119,88,5.8,0,1,1,0,1,3,82,1,195,0,0,0,1,0,0,0
53,1,77,177,24.577867151840145,74,112,6.6,0,0,0,0,0,3,73,1,180,0,0,0,1,0,0,0
31,1,74,186,21.389756041160826,85,88,8.7,0,1,2,0,0,2,50,1,140,0,0,0,0,1,0,0
74,0,67,160,26.171874999999996,108,136,5.4,0,1,0,1,1,3,100,0,173,0,0,0,1,0,0,0
67,1,75,173,25.05930702662969,50,104,7.0,0,1,0,0,1,3,75,0,218,0,0,0,0,1,0,1
75,1,87,176,28.08626033057851,125,171,8.8,0,0,2,0,0,2,43,1,294,1,1,1,1,0,0,0
40,1,106,157,43.00377297253438,54,134,4.2,0,0,0,0,0,2,45,1,224,0,0,0,0,1,1,1
53,0,72,166,26.1286108288576,57,123,7.6,0,0,0,0,0,3,57,1,105,1,0,1,0,0,0,0
62,0,100,171,34.19855682090216,59,105,3.5,0,1,0,0,1,3,100,1,210,0,0,1,0,0,0,0
46,1,75,165,27.548209366391188,149,133,4.6,1,1,1,0,0,3,63,1,224,0,1,1,0,1,0,1
60,0,64,150,28.444444444444443,146,165,4.8,0,1,2,0,0,3,68,1,287,1,1,1,1,0,0,0
75,1,97,152,41.98407202216067,72,91,5.1,0,0,0,0,1,3,63,0,240,0,1,0,0,0,0,0
55,0,65,191,17.81749403799238,157,146,5.1,0,0,1,0,1,3,43,1,177,0,1,0,0,0,0,0
79,0,73,182,22.03840115928028,156,113,7.2,1,0,0,1,1,2,40,0,206,1,1,1,0,1,0,1
55,1,69,176,22.275309917355372,104,152,6.1,0,1,1,0,0,2,47,0,166,1,0,0,0,0,1,0
74,0,118,168,41.808390022675745,173,114,4.4,1,1,0,0,0,4,71,1,208,1,1,1,0,1,0,0
55,1,65,163,24.46460160337235,145,160,3.5,1,1,4,0,1,2,60,1,367,0,0,0,0,0,0,0
81,0,61,174,20.147971991015986,95,141,7.9,1,1,0,0,0,2,63,1,235,0,1,0,1,0,0,1
69,1,96,160,37.49999999999999,120,109,8.4,0,1,0,0,0,4,82,0,90,0,1,0,0,0,0,0
70,0,68,180,20.98765432098765,77,111,6.5,1,0,2,0,1,2,91,1,197,1,0,0,0,1,0,0
53,1,54,175,17.632653061224488,88,125,3.5,1,0,0,0,1,4,46,0,274,0,1,0,0,1,0,1
56,0,89,170,30.795847750865054,95,108,5.5,0,0,0,0,1,3,47,1,237,0,0,0,1,0,0,0
69,1,59,167,21.15529420201513,68,97,5.1,0,1,0,0,0,3,45,1,223,0,0,0,0,1,1,1
72,0,69,167,24.740937287102444,106,154,5.5,0,0,1,0,1,3,39,0,234,1,0,0,1,1,0,1
53,0,86,173,28.734672057202044,50,91,9.1,0,1,0,0,0,2,80,0,189,1,0,1,0,0,0,0
80,1,79,158,31.64556962025316,105,162,7.8,1,0,0,0,0,3,57,0,199,0,1,0,0,1,1,0
67,1,63,193,16.91320572364359,86,121,8.1,0,0,0,1,0,3,46,1,186,0,0,0,0,0,0,0
71,1,72,165,26.44628099173554,126,139,8.6,1,0,3,0,1,2,61,1,196,1,1,0,1,1,0,0
69,1,62,158,24.83576349943919,84,176,5.7,1,1,0,0,1,3,62,1,183,0,0,0,0,1,0,1
48,1,92,178,29.036737785633125,109,143,5.8,1,0,0,0,0,2,82,1,219,1,1,0,0,1,1,0
83,0,79,165,29.017447199265384,89,117,6.7,0,0,0,1,0,3,80,1,287,0,0,1,1,1,0,1
82,1,45,165,16.528925619834713,62,165,5.4,1,0,0,0,0,3,50,0,110,0,1,0,1,0,0,0
61,1,45,170,15.570934256055365,105,93,5.3,0,1,1,0,1,4,69,1,212,0,0,1,0,1,0,0
88,0,83,164,30.859607376561577,101,134,8.2,1,0,2,0,0,3,55,1,232,0,1,1,1,0,0,0
66,1,76,164,28.256989886972047,133,155,7.7,0,1,2,1,1,4,58,1,233,1,0,0,1,0,0,1
67,1,87,168,30.824829931972793,151,120,3.5,0,0,1,1,1,3,26,0,149,0,1,0,1,0,1,1
62,1,55,183,16.423303174176592,178,109,6.1,0,0,4,0,0,4,40,0,169,0,0,0,0,1,1,1
63,0,74,168,26.218820861678008,112,105,8.9,0,0,1,0,0,2,41,0,258,0,0,0,0,0,1,0
88,0,82,168,29.053287981859416,114,128,8.1,1,0,0,0,1,3,62,1,211,0,1,1,1,1,0,0
75,1,57,180,17.59259259259259,108,90,6.7,1,0,0,0,0,4,62,0,192,0,0,0,1,1,0,1
66,0,59,150,26.22222222222222,70,91,9.6,0,1,0,1,0,3,77,1,178,1,0,0,0,0,0,0
59,0,68,176,21.952479338842977,87,117,5.7,1,1,0,0,1,3,76,1,229,1,1,1,0,0,0,0
59,1,106,176,34.22004132231405,116,121,6.0,1,0,0,0,0,4,74,0,193,1,1,0,0,1,0,0
62,1,67,171,22.91303307000445,142,136,3.5,1,1,1,0,0,4,96,0,259,1,0,0,0,1,1,0
52,1,85,166,30.84627667295689,141,123,6.5,0,1,0,0,1,2,48,1,146,1,1,0,0,0,0,1
67,0,89,170,30.795847750865054,92,116,10.2,0,0,0,1,0,3,56,1,181,0,0,0,1,1,0,0
82,0,69,167,24.740937287102444,72,155,6.5,1,0,3,1,1,4,95,1,277,0,0,1,1,1,0,1
79,1,77,172,26.027582477014604,150,137,6.9,0,1,3,1,0,2,62,1,203,0,1,1,0,0,0,0
41,0,45,167,16.1353938828929,78,167,6.1,1,0,0,1,0,3,69,0,115,0,1,0,0,1,0,0
66,0,103,180,31.79012345679012,56,129,7.4,0,1,1,0,0,4,72,1,300,0,1,1,1,1,1,1
38,1,76,166,27.58020031934969,107,97,5.2,1,0,0,1,1,3,40,0,216,1,1,0,0,0,1,1
75,1,72,168,25.510204081632658,89,116,10.1,0,0,1,0,0,3,54,0,240,0,1,0,1,0,1,1
64,0,54,177,17.236426314277505,96,106,8.7,1,0,4,0,1,4,52,1,153,0,1,1,0,0,0,1
89,1,65,176,20.983987603305785,92,132,7.9,0,1,2,0,0,3,97,0,167,1,0,0,1,0,0,0
70,1,111,171,37.960398071201396,97,133,8.8,1,1,4,0,1,3,43,0,183,0,0,0,1,1,0,0
53,0,72,166,26.1286108288576,97,105,6.4,0,0,0,0,0,3,48,1,150,0,1,0,0,0,0,0
48,1,65,168,23.030045351473927,119,125,5.2,0,0,0,0,0,3,71,0,175,1,0,0,0,1,1,1
65,1,66,195,17.357001972386588,104,138,7.2,0,1,1,0,1,3,46,1,139,0,0,0,1,0,1,0
68,1,45,179,14.044505477357136,98,110,8.9,0,1,1,0,0,2,68,1,90,0,0,0,0,0,1,0
59,1,74,174,24.441802087462015,115,180,5.9,1,0,3,0,1,2,88,0,117,1,0,0,0,0,0,0
62,0,80,169,28.01022373166206,128,119,5.9,0,0,3,0,0,3,66,0,147,1,1,1,0,0,0,0
55,1,61,185,17.82322863403944,54,126,6.7,0,1,0,0,0,2,70,1,173,0,0,1,0,0,0,0
67,1,78,150,34.666666666666664,75,116,3.5,1,1,2,0,0,2,70,1,171,0,1,0,0,1,1,0
59,1,79,177,25.2162533116282,50,102,4.4,0,1,0,1,1,4,47,0,218,0,0,0,0,0,1,0
58,0,45,171,15.389350569405973,98,114,5.4,0,0,0,1,0,3,61,1,287,1,0,1,1,1,0,1
50,1,78,172,26.365603028664147,81,118,8.9,1,0,1,0,1,3,64,1,178,1,1,1,0,1,0,1
85,1,82,182,24.755464315903875,66,137,7.3,0,0,2,0,0,4,76,1,160,0,0,0,0,0,0,0
54,0,60,185,17.531044558071585,99,131,4.4,0,1,1,0,1,3,29,1,273,0,0,0,0,0,1,0
73,1,86,170,29.75778546712803,64,105,7.2,0,0,1,0,1,4,99,1,200,0,1,0,1,1,0,0
62,1,57,169,19.95728440880922,117,139,6.7,0,0,0,0,1,3,87,0,196,1,1,0,0,1,1,0
68,0,77,160,30.078124999999993,96,131,5.5,0,0,0,0,0,3,77,0,251,1,0,0,0,0,0,1
64,0,77,168,27.281746031746035,90,154,5.3,0,0,1,1,0,2,66,1,148,1,0,0,0,0,1,0
58,1,89,185,26.004382761139514,104,170,11.2,1,1,1,0,1,3,39,0,166,1,0,1,0,0,1,1
62,1,83,166,30.120481927710845,118,143,3.5,0,1,0,0,0,4,67,0,194,1,0,1,0,0,0,0
52,1,70,151,30.700407876847507,96,143,5.4,1,1,0,1,1,3,77,1,295,1,0,0,1,1,0,1
85,1,115,159,45.48870693406115,88,114,8.1,0,0,1,0,1,4,43,1,90,0,0,1,0,0,1,0
61,1,96,165,35.26170798898072,93,127,4.8,0,0,1,0,1,2,85,1,207,0,1,0,0,0,0,1
72,0,60,162,22.86236854138088,126,80,5.4,1,1,2,0,1,4,34,0,151,0,0,0,0,0,0,0
73,0,71,176,22.920971074380166,50,120,4.1,1,1,2,0,0,4,100,0,103,0,0,1,0,0,0,1
71,0,72,174,23.781212841854934,98,140,7.0,0,1,0,1,1,3,71,1,159,1,0,1,1,1,1,1
71,0,52,180,16.049382716049383,146,162,7.2,0,0,1,0,0,2,67,0,199,0,0,0,1,0,0,1
50,1,61,166,22.136739730004358,129,124,4.3,0,1,1,0,0,4,79,1,201,0,0,1,0,0,0,0
44,1,84,172,28.393726338561386,109,124,9.4,1,0,0,0,1,4,44,1,162,1,0,1,1,0,1,0
42,1,76,160,29.687499999999993,119,121,4.6,0,0,0,0,1,4,97,1,233,0,0,0,0,0,0,0
52,1,56,167,20.07960127648894,179,111,7.4,1,0,1,1,0,2,84,1,95,0,0,0,0,0,0,0
70,1,72,170,24.913494809688583,105,110,3.9,0,1,3,0,0,3,96,0,169,0,0,1,0,1,1,0
90,1,59,170,20.41522491349481,84,112,7.6,0,0,0,0,1,3,68,0,248,1,1,0,1,0,0,0
87,1,66,179,20.598608033457133,144,155,7.5,1,1,0,0,0,3,37,1,236,0,1,1,0,0,0,1
81,1,117,174,38.64447086801427,106,126,5.0,0,1,2,0,1,3,42,0,328,1,0,1,1,0,1,0
51,1,78,169,27.309968138370508,50,107,7.3,0,1,0,0,0,2,90,1,244,1,1,0,1,1,0,0
77,1,86,190,23.822714681440445,107,109,7.2,0,1,0,0,0,2,66,0,118,1,0,0,0,0,0,0
66,1,89,160,34.76562499999999,119,91,6.0,0,1,0,0,0,4,85,1,259,0,1,1,0,0,0,0
48,1,78,178,24.61810377477591,67,122,8.2,0,0,0,1,1,3,98,0,172,0,0,0,1,0,0,0
85,0,77,170,26.643598615916957,170,116,4.7,0,1,1,0,1,2,90,0,291,1,1,0,0,0,0,1
58,0,84,174,27.74474831549742,78,133,9.0,1,1,0,0,0,3,85,1,275,1,0,0,1,0,0,0
86,0,76,159,30.062101973814325,82,144,7.6,1,0,0,0,0,2,58,1,113,1,0,0,1,0,1,0
72,1,78,158,31.244992789617044,133,113,4.0,0,0,3,0,1,2,100,1,216,0,1,0,1,1,1,1
58,0,73,167,26.175194521137367,122,125,7.6,1,1,4,1,0,2,51,0,184,0,0,0,0,1,1,0
48,1,67,169,23.458562375266975,106,150,6.1,0,1,4,0,1,3,86,1,181,0,1,0,0,0,0,0
68,0,49,159,19.382144693643447,115,116,5.3,0,0,4,1,0,3,76,0,306,1,1,0,0,0,1,1
79,1,61,164,22.679952409280194,87,105,8.0,0,0,2,0,1,2,81,1,207,0,0,0,0,1,0,0
66,1,69,173,23.054562464499313,83,138,8.6,0,0,1,0,1,3,43,1,256,0,0,1,1,0,0,0
77,1,71,163,26.722872520606725,61,152,3.5,0,1,1,0,0,3,100,1,238,1,0,1,0,1,0,0
64,1,93,186,26.881720430107524,167,151,6.4,0,1,0,1,0,3,25,1,187,1,1,1,1,0,1,1
59,1,78,164,29.000594883997625,52,115,6.2,1,0,3,0,1,2,25,1,213,0,0,0,1,0,0,0
61,1,80,169,28.01022373166206,98,108,5.4,0,1,0,1,0,2,33,1,102,0,0,0,0,0,1,0
70,1,52,167,18.645344042454013,53,124,6.9,0,0,2,1,1,2,90,0,172,1,0,0,0,0,0,0
59,1,71,157,28.804413972169254,94,130,8.6,0,0,1,0,1,2,32,0,193,0,0,0,0,0,0,0
58,1,60,169,21.007667798746546,115,129,3.9,0,1,2,0,0,2,52,1,192,1,0,0,0,0,1,1
47,0,101,161,38.96454612090582,101,118,5.0,0,1,0,0,1,2,69,1,189,1,0,0,0,0,0,0
67,0,60,181,18.314459265590184,165,153,5.0,1,0,0,0,0,3,79,0,160,0,0,0,0,0,0,0
59,0,81,171,27.70083102493075,115,156,7.6,1,1,2,0,0,3,61,1,186,1,1,1,0,1,0,1
48,0,115,168,40.74546485260772,100,102,5.4,0,1,0,1,1,3,100,0,111,0,0,0,0,0,0,1
59,1,81,166,29.3946871824648,123,110,8.0,1,1,0,0,0,3,60,1,316,1,1,0,0,0,0,1
65,1,45,180,13.888888888888888,82,125,8.3,1,0,0,1,0,3,87,0,121,1,1,0,0,0,1,0
69,1,90,170,31.14186851211073,94,127,6.1,0,1,2,1,1,4,100,1,178,0,0,0,1,0,1,1
72,1,73,159,28.875440053795337,55,139,6.9,0,1,1,0,0,2,65,1,236,0,1,0,0,0,0,0
66,1,52,178,16.41206918318394,133,122,6.2,1,0,1,0,0,3,54,1,277,1,1,0,0,0,1,0
55,0,76,177,24.258674071946118,114,125,10.6,0,1,0,1,0,2,44,0,279,0,0,1,1,1,1,0
69,1,84,160,32.81249999999999,128,82,4.6,1,0,0,0,1,2,73,1,211,0,1,0,1,0,0,1
55,1,55,166,19.959355494266223,149,154,3.5,0,1,2,1,0,2,89,1,143,0,0,0,0,0,0,0
57,1,81,191,22.20333872426743,101,94,3.5,0,0,1,0,1,4,70,1,282,1,0,1,0,0,0,0
56,0,80,173,26.729927495071667,88,94,6.9,0,1,0,0,0,4,66,1,192,0,0,0,0,0,0,0
59,0,94,195,24.720578566732414,111,98,7.0,1,0,0,0,0,2,28,1,117,0,1,0,0,0,1,0
75,0,75,183,22.395413419331717,96,112,4.2,0,1,0,0,0,4,72,1,198,0,1,0,0,1,0,1
70,1,81,195,21.301775147928996,75,150,5.0,1,0,0,0,1,3,63,1,180,1,1,0,0,0,0,1
72,1,51,162,19.43301326017375,89,150,8.5,0,0,0,1,0,2,68,1,151,0,0,0,1,0,0,0
78,1,81,194,21.521947071952386,115,119,8.1,0,0,0,0,0,3,61,1,211,0,1,0,1,1,0,1
51,0,79,157,32.049981743681286,71,99,6.0,1,0,3,0,0,2,98,1,90,1,0,0,0,1,0,1
65,1,70,168,24.801587301587304,50,136,5.6,1,1,0,0,0,3,73,0,108,0,0,0,0,0,0,0
63,1,83,162,31.626276482243554,50,123,5.5,0,0,2,0,0,2,71,1,204,1,0,0,0,0,0,0
68,0,90,170,31.14186851211073,115,146,7.2,0,1,0,0,1,3,95,1,162,0,0,1,0,1,0,1
68,1,65,176,20.983987603305785,95,104,7.2,0,0,0,0,1,4,75,1,191,0,1,0,1,0,0,1
46,1,69,169,24.158817968558527,105,123,8.1,1,0,2,0,1,2,89,1,298,0,0,0,1,0,0,1
79,1,108,173,36.08540211834675,94,144,7.9,0,1,3,0,0,3,86,0,205,1,0,1,0,0,0,0
58,0,48,167,17.21108680841909,114,148,4.9,1,0,1,0,1,3,80,1,107,0,0,0,1,0,0,0
67,0,92,175,30.040816326530614,131,158,6.7,1,1,0,0,0,3,64,0,249,1,1,1,1,0,0,1
70,1,112,174,36.99299775399656,125,158,7.5,0,0,1,0,1,3,75,1,187,0,0,0,0,0,1,0
64,1,51,167,18.286779733945284,50,126,5.4,1,1,3,1,1,2,76,0,286,1,1,0,0,0,0,0
51,1,98,167,35.139302233855645,69,148,6.5,1,0,4,0,0,2,100,1,209,0,1,1,0,1,1,0
66,0,87,157,35.295549515193315,114,149,5.2,0,0,1,0,0,3,68,1,240,0,0,1,1,1,0,0
64,1,90,171,30.778701138811947,75,105,4.8,0,0,2,0,0,2,77,0,246,0,0,1,0,1,0,1
64,0,78,174,25.762980578676178,136,142,4.0,0,1,2,1,0,4,62,1,179,1,1,1,0,0,0,0
62,1,65,179,20.286507911738084,145,125,4.2,0,1,0,0,1,4,65,1,113,0,1,1,1,0,0,0
73,1,62,158,24.83576349943919,145,142,5.7,0,1,0,0,1,4,62,1,292,1,1,0,0,0,0,0
84,1,70,161,27.005130974885226,95,139,5.3,1,0,0,0,0,3,47,1,243,1,1,0,0,0,0,1
86,0,92,175,30.040816326530614,116,151,8.3,0,0,0,0,1,3,77,0,226,0,1,1,1,0,0,1
74,1,98,175,32.0,96,142,5.0,0,0,1,0,1,4,59,0,158,0,0,0,0,0,1,1
73,1,100,178,31.561671506122963,153,124,6.2,0,1,1,0,0,4,89,1,135,1,1,1,1,0,0,1
46,1,70,194,18.599213518971197,100,133,6.9,0,0,2,0,1,2,92,1,182,0,0,0,1,0,1,1
66,0,59,158,23.634033007530842,158,113,4.8,0,0,0,0,1,4,67,1,270,1,0,1,1,0,0,0
70,0,74,162,28.19692120103642,50,155,5.7,1,0,0,1,1,4,83,1,253,1,1,0,1,0,0,1
40,1,103,172,34.81611681990265,77,148,3.5,0,1,1,0,1,4,25,1,90,0,1,1,1,0,1,0
87,1,74,170,25.605536332179934,88,104,8.6,1,0,2,0,1,4,68,1,247,1,1,1,1,0,0,0
63,1,68,173,22.720438370810918,179,136,7.1,0,0,2,0,1,3,63,1,125,0,0,0,0,0,0,0
54,1,98,186,28.326974216672443,51,160,12.1,1,1,2,0,0,3,92,0,194,1,0,0,0,1,1,1
52,0,55,192,14.91970486111111,107,145,6.2,1,1,1,0,1,4,61,0,183,0,0,0,0,1,0,0
67,1,66,162,25.14860539551897,115,139,7.8,0,0,2,0,0,2,88,1,372,1,0,0,1,1,0,0
69,1,57,177,18.194005553959588,139,143,8.4,1,0,0,0,0,3,86,0,102,1,1,0,0,1,0,1
81,1,96,184,28.35538752362949,78,132,6.9,0,0,0,0,0,2,27,0,141,0,0,1,1,0,0,1
54,1,83,164,30.859607376561577,50,115,3.5,1,1,4,1,1,3,76,1,90,0,0,1,1,1,0,1
64,0,89,172,30.08382909680909,135,122,10.8,1,0,0,0,0,3,100,1,230,0,0,0,0,1,1,0
62,1,60,166,21.773842357381334,140,116,6.1,0,1,0,1,0,3,83,0,306,0,0,1,0,0,0,0
59,1,95,154,40.05734525215045,94,137,5.8,0,0,0,1,0,3,68,1,264,1,0,0,0,0,0,1
56,0,45,162,17.146776406035663,99,155,6.8,1,0,0,0,0,3,47,0,94,1,0,0,0,0,0,0
88,0,55,168,19.48696145124717,50,152,9.8,0,0,1,0,0,3,51,0,210,1,0,1,0,0,0,0
75,1,77,184,22.743383742911153,165,107,8.2,0,0,2,1,0,4,87,0,261,1,1,0,0,0,0,0
66,1,88,173,29.402920244578837,139,112,8.3,0,0,0,0,0,2,25,1,180,1,1,0,0,0,0,0
70,1,64,173,21.383941996057334,66,118,6.1,1,1,4,0,0,3,80,1,128,0,1,0,0,0,1,1
76,0,45,169,15.75575084905991,135,134,9.5,0,1,1,0,1,2,72,0,254,0,1,1,0,1,0,0
56,1,61,172,20.61925365062196,50,112,6.0,0,0,1,0,0,2,66,1,219,1,1,0,0,0,0,1
53,0,58,173,19.37919743392696,90,147,3.8,0,0,1,1,0,3,72,0,283,1,0,0,0,1,0,0
61,1,116,152,50.20775623268698,91,104,6.4,0,0,0,0,1,3,52,0,248,1,0,1,1,0,1,0
76,1,85,176,27.44059917355372,59,145,6.5,0,1,1,0,0,3,88,1,397,0,0,1,0,0,0,1
90,1,59,169,20.65754000210077,96,141,4.5,0,1,0,1,0,2,69,1,258,1,0,0,0,0,0,0
62,0,51,182,15.396691220867044,102,104,5.3,0,0,0,0,0,3,77,1,184,1,0,0,0,1,0,0
51,1,62,160,24.218749999999996,127,128,5.1,0,0,2,1,1,3,46,1,114,0,1,0,0,0,1,1
68,0,77,186,22.25690831309978,164,120,9.0,0,1,3,0,1,3,54,1,159,0,1,0,0,1,0,1
63,1,67,161,25.847768218818715,117,108,5.6,0,0,1,0,0,3,75,1,196,0,0,0,0,0,1,0
79,1,107,181,32.6607856903025,180,143,7.8,0,1,0,0,1,3,100,1,223,0,1,0,0,0,1,1
66,1,63,165,23.140495867768596,106,135,8.0,1,1,1,1,0,3,80,1,265,1,1,0,1,0,0,1
71,1,84,176,27.117768595041323,72,114,8.3,0,1,3,0,0,2,100,0,96,0,0,1,0,1,0,0
60,1,64,183,19.1107527844964,75,164,7.8,1,0,0,0,0,2,100,0,291,0,1,0,1,1,0,0
67,1,87,175,28.408163265306122,97,124,7.1,1,0,1,0,1,2,65,0,169,1,0,1,0,0,0,1
49,1,68,167,24.38237297859371,74,112,3.5,0,1,0,1,0,2,95,0,147,0,1,0,1,0,0,0
61,1,90,164,33.462224866151104,130,133,3.5,1,0,1,0,0,2,70,1,310,1,0,1,0,1,0,0
56,1,81,167,29.043708989207214,94,161,4.8,0,0,2,0,0,3,55,0,113,1,0,0,0,0,0,0
67,1,102,158,40.85883672488383,111,107,5.3,0,1,0,1,1,3,95,1,125,0,1,0,1,0,1,1
62,0,78,172,26.365603028664147,66,132,5.2,1,1,1,1,1,2,69,1,147,1,0,0,0,1,0,1
50,1,83,182,25.057360222195385,125,126,6.8,1,0,0,0,1,2,65,0,185,0,1,0,0,0,1,1
70,1,55,181,16.788254326791,78,136,6.8,1,0,1,0,0,3,91,1,278,0,0,0,0,0,0,0
69,1,52,182,15.698587127158554,140,111,3.5,0,0,1,0,0,4,59,1,270,1,0,0,0,0,1,0
76,1,85,177,27.13141179099237,78,138,8.2,0,0,0,0,0,3,60,1,274,1,1,1,0,0,0,0
62,0,73,151,32.01613964299811,76,136,7.1,0,0,2,0,0,4,84,1,197,0,1,0,0,1,1,1
58,1,86,166,31.20917404557991,68,146,5.9,1,1,0,1,1,2,83,0,192,1,0,0,0,1,1,1
55,1,67,175,21.877551020408163,54,138,6.5,1,0,1,1,0,4,77,1,215,1,0,0,0,1,0,0
69,1,78,165,28.650137741046834,146,148,8.9,0,1,1,0,1,3,83,1,226,0,0,0,1,0,0,1
69,0,63,166,22.8625344752504,146,138,6.7,0,0,2,0,1,2,97,0,210,1,0,1,0,1,1,0
58,0,82,172,27.717685235262305,128,149,7.6,1,1,2,1,1,3,56,1,247,0,0,1,0,1,0,0
62,1,61,170,21.107266435986162,88,145,3.8,1,0,0,0,1,3,87,1,229,0,0,0,1,1,0,1
68,1,76,176,24.535123966942148,50,139,6.3,0,1,0,1,1,3,85,0,211,1,0,0,1,0,0,1
64,1,66,162,25.14860539551897,130,141,5.6,1,0,0,0,1,3,100,1,165,0,0,0,0,0,1,0
65,1,94,150,41.77777777777778,66,136,5.4,1,1,1,1,1,2,98,0,257,0,0,0,1,1,0,1
81,0,64,159,25.315454293738377,72,116,6.1,1,1,0,0,0,2,63,1,167,0,0,1,0,0,1,1
49,0,66,183,19.70796380901191,100,132,7.0,0,1,0,0,0,2,78,1,207,1,0,0,0,1,0,0
61,0,70,171,23.938989774631512,127,119,6.9,1,0,0,0,0,4,76,1,146,1,0,1,0,0,0,0
83,0,88,167,31.553659148768332,123,140,7.2,0,1,0,0,0,2,100,1,151,0,0,1,0,0,0,1
68,0,74,183,22.096807907073963,129,84,3.5,0,0,0,0,1,3,88,0,101,0,0,0,1,1,0,1
54,1,72,155,29.968782518210194,50,123,7.2,0,1,1,0,1,2,65,1,155,1,0,0,1,0,0,0
68,1,69,180,21.296296296296294,94,105,7.6,0,0,0,0,1,4,67,1,190,0,0,0,1,0,1,0
68,1,78,174,25.762980578676178,115,129,4.2,0,0,0,1,1,3,61,1,178,0,0,0,1,0,1,1
76,1,66,178,20.830703194041156,50,111,7.7,0,1,0,0,1,4,62,1,260,0,0,1,0,0,0,0
74,1,63,174,20.808561236623067,97,164,8.6,1,1,1,0,1,3,100,0,168,1,1,0,0,0,0,0
56,0,72,178,22.724403484408533,100,106,6.8,1,0,2,0,0,3,69,1,216,0,0,0,0,1,0,1
66,1,66,175,21.551020408163264,57,121,6.0,0,1,0,0,0,2,99,1,213,1,0,0,0,1,1,0
71,0,67,173,22.386314277122523,109,160,6.5,0,1,4,0,1,2,77,0,187,0,1,0,0,1,0,0
55,0,45,174,14.863258026159334,125,153,4.5,0,1,3,0,1,4,50,1,184,0,0,0,1,0,0,0
65,1,94,158,37.6542220797949,88,152,5.7,1,1,0,0,0,2,50,1,221,0,0,0,0,0,1,0
45,0,75,162,28.577960676726104,152,97,7.1,0,1,1,0,1,3,60,1,133,0,1,1,0,0,0,0
66,1,74,195,19.46088099934254,128,125,9.3,0,0,3,1,0,2,91,1,250,0,0,0,1,0,1,0
67,0,62,162,23.624447492760247,82,110,8.1,0,1,2,0,0,3,77,1,163,0,1,0,0,0,1,0
59,0,68,159,26.897670187097027,119,138,3.5,0,1,3,1,0,4,34,1,226,1,1,0,1,1,0,0
75,1,58,165,21.30394857667585,50,144,4.5,1,0,2,1,1,2,58,0,198,1,1,0,0,0,0,0
77,0,61,163,22.95908765854944,157,154,5.4,0,1,1,0,1,2,71,0,284,1,1,0,0,0,0,1
53,1,71,159,28.084332107116012,117,131,7.4,0,1,1,1,0,3,73,1,216,0,0,0,1,0,0,0
78,0,76,176,24.535123966942148,112,117,6.6,1,1,0,1,1,2,39,1,299,0,1,1,1,0,0,1
65,1,82,167,29.402273297715947,73,116,12.2,1,0,0,0,0,4,52,0,214,1,0,0,0,0,1,0
55,1,86,157,34.889853543754306,57,130,7.8,0,0,1,1,0,2,67,0,228,0,0,0,0,0,1,0
80,1,92,163,34.62682073092702,132,138,7.4,1,1,0,1,1,3,47,1,143,1,1,0,1,1,0,1
66,1,84,158,33.64845377343374,116,144,7.6,1,1,0,0,1,3,46,0,236,0,0,1,0,0,0,0
52,1,73,165,26.813590449954088,111,135,6.9,0,0,1,1,0,2,63,1,248,0,0,1,0,0,1,0
56,0,81,177,25.854639471416256,123,106,8.9,0,1,0,0,0,3,89,0,134,0,1,0,1,0,0,0
66,1,72,169,25.209201358495854,81,132,6.0,0,0,1,1,0,4,72,1,125,0,0,0,0,0,0,1
70,0,60,174,19.817677368212443,95,137,4.3,1,1,1,0,0,3,54,1,316,1,1,0,0,1,0,1
77,0,105,173,35.083029837281565,102,82,7.4,1,1,0,0,0,2,73,0,210,1,0,0,1,0,0,0
69,1,89,169,31.161373901474043,69,134,8.6,1,1,1,1,0,2,58,1,221,1,1,0,1,0,1,1
50,0,82,172,27.717685235262305,116,129,6.8,1,0,2,0,0,4,79,0,276,1,0,0,0,0,0,0
58,1,77,175,25.142857142857142,91,144,5.8,1,0,1,1,1,4,52,0,197,1,1,1,0,0,1,0
90,0,85,159,33.62208773387128,93,114,11.7,1,1,3,0,0,3,56,1,152,0,0,1,0,1,0,0
88,0,79,181,24.114038033027075,106,128,4.1,0,0,3,0,0,2,70,1,172,1,1,0,0,1,0,0
68,1,76,183,22.694018931589476,103,123,6.5,1,1,0,0,0,2,83,1,254,0,0,0,0,1,0,1
74,0,90,162,34.293552812071326,101,132,7.9,0,1,0,0,0,3,86,0,112,1,0,0,1,0,0,1
70,0,75,176,24.212293388429753,50,112,6.3,0,0,0,1,1,2,82,1,200,1,1,1,0,0,0,1
81,1,93,170,32.17993079584775,91,146,6.7,0,0,1,0,0,2,100,1,170,0,1,0,0,0,0,1
73,0,77,166,27.94309769197271,99,100,5.9,1,1,0,0,0,3,76,1,231,0,1,0,0,1,1,1
67,1,53,189,14.837210604406373,63,138,7.7,0,0,2,0,0,4,77,0,245,0,0,1,0,0,0,1
81,1,82,165,30.119375573921033,75,180,6.9,0,1,3,1,0,3,67,0,279,0,0,0,1,0,0,1
70,1,66,165,24.242424242424246,163,125,7.2,0,0,1,0,0,2,54,1,208,1,1,0,0,0,1,0
60,0,60,170,20.761245674740486,120,153,5.2,0,1,0,0,0,3,69,1,240,0,0,0,1,0,1,0
74,1,65,166,23.588329220496444,95,121,7.5,0,1,4,1,0,2,69,0,131,1,0,0,0,0,0,0
73,1,52,156,21.367521367521366,69,160,3.5,0,1,0,0,1,2,66,1,154,0,0,1,0,0,0,1
59,0,86,164,31.975014872099948,97,126,7.7,0,0,0,0,0,4,65,0,278,0,1,0,1,1,0,1
80,0,81,178,25.5649539199596,173,132,11.8,0,1,0,0,1,3,98,1,136,0,1,1,0,0,0,1
72,0,78,171,26.674874320303687,87,132,7.5,0,0,1,0,1,3,47,1,337,1,1,1,0,0,1,0
64,1,57,172,19.2671714440238,94,105,6.4,1,0,0,1,0,2,57,1,171,1,0,0,0,1,0,0
70,1,82,180,25.30864197530864,50,141,7.7,0,0,0,1,0,2,55,1,202,1,0,1,0,0,1,0
79,0,105,173,35.083029837281565,64,128,6.6,0,0,3,0,0,3,91,1,228,0,1,1,1,0,1,0
66,0,77,159,30.457655947153988,92,126,9.9,0,0,1,0,0,3,93,1,142,0,0,0,0,0,0,0
61,1,66,175,21.551020408163264,108,90,9.0,0,1,0,1,1,3,66,0,227,0,1,0,1,0,1,0
54,0,57,170,19.723183391003463,175,163,6.1,0,0,0,1,0,3,55,1,260,0,1,0,1,0,1,0
38,1,63,168,22.321428571428577,84,175,4.6,1,0,1,0,1,4,66,0,165,0,0,1,0,0,0,0
57,1,101,174,33.35975690315762,95,78,6.9,0,0,0,0,1,2,100,1,155,1,1,0,0,0,1,0
58,0,68,157,27.587326057852245,112,132,6.9,1,0,1,0,1,3,32,1,268,0,0,0,0,1,0,0
87,1,50,165,18.36547291092746,93,133,7.3,0,0,3,0,0,2,70,0,141,0,1,1,0,1,0,0
45,1,79,166,28.668892437218755,116,165,8.7,1,0,0,0,1,4,64,1,158,0,0,0,1,0,1,0
62,1,68,185,19.86851716581446,139,115,10.2,1,0,0,0,1,2,54,1,259,0,0,0,1,0,0,0
47,0,59,165,21.6712580348944,161,158,5.8,1,0,1,1,0,2,79,1,244,1,1,0,0,1,1,1
59,1,84,176,27.117768595041323,50,113,3.8,1,1,2,0,0,3,67,0,269,1,1,0,1,0,0,0
90,1,69,165,25.344352617079892,56,128,4.4,1,1,0,1,1,3,51,1,138,0,1,1,1,0,1,1
43,1,77,167,27.60945175517229,87,150,5.1,0,0,0,0,0,3,100,1,140,0,0,0,0,0,0,0
61,0,76,174,25.102391333069097,110,140,8.6,0,0,0,1,0,2,49,1,220,0,0,0,0,0,0,0
45,1,97,162,36.96082914189909,80,130,3.5,1,0,0,1,1,3,70,0,231,0,0,0,0,0,0,1
68,1,81,156,33.28402366863905,87,136,6.8,0,0,0,0,1,3,71,1,211,0,0,1,1,1,0,1
76,1,82,163,30.863035868869737,114,152,4.1,0,1,1,0,0,2,80,0,264,1,0,1,0,1,0,0
45,1,60,173,20.04744562130375,50,127,6.1,0,1,2,0,1,3,63,0,200,0,0,0,0,0,0,1
75,1,50,170,17.301038062283737,60,137,5.5,1,1,1,0,0,2,56,0,207,0,0,0,0,1,0,0
81,1,113,184,33.37665406427221,132,155,3.5,0,1,1,0,1,2,92,1,275,0,0,1,0,1,0,1
76,1,85,182,25.661152034778407,75,131,7.7,0,0,1,0,1,3,55,1,150,0,1,1,0,0,0,0
68,1,59,173,19.713321527615356,159,120,4.6,0,1,1,1,0,2,30,0,218,0,1,0,0,0,0,1
48,1,91,171,31.120686707020965,108,144,7.0,1,1,1,0,1,4,66,0,221,0,0,0,1,1,0,0
85,1,75,173,25.05930702662969,158,154,10.2,0,0,0,0,0,3,93,1,162,0,0,1,0,1,0,1
61,0,70,165,25.71166207529844,146,154,4.6,0,0,1,0,0,3,76,1,200,0,1,0,0,0,0,1
58,1,65,173,21.71806608974573,88,143,7.7,0,0,0,0,0,3,53,0,198,1,0,1,1,0,0,0
74,1,78,153,33.320517749583495,50,161,5.0,0,1,1,0,1,2,79,0,162,1,0,1,1,0,0,1
62,1,95,171,32.488628979857054,115,133,3.5,1,1,1,0,1,4,66,1,121,0,0,0,0,1,1,0
55,0,90,176,29.054752066115704,90,120,9.7,0,0,3,0,1,4,69,0,149,0,0,0,0,0,0,1
60,1,107,176,34.54287190082645,94,102,6.9,0,1,0,1,0,4,50,1,200,1,1,0,0,0,1,0
63,1,71,184,20.97117202268431,88,110,7.3,1,1,4,1,0,3,79,1,172,0,1,1,1,0,0,1
81,0,75,161,28.93406890166274,54,139,3.7,0,0,1,0,0,3,75,0,116,0,0,1,0,0,0,0
67,1,89,188,25.18107741059303,117,139,5.1,0,1,3,1,0,3,53,1,300,1,0,0,0,0,1,1
78,1,85,195,22.353714661406972,74,159,5.6,1,1,0,1,1,2,91,1,204,1,1,0,1,0,1,1
59,1,108,179,33.70681314565713,70,143,6.4,0,0,3,0,0,3,72,0,196,0,0,0,1,1,0,1
54,0,109,187,31.170465269238463,91,138,8.2,1,0,2,0,0,3,94,1,111,0,1,0,0,0,0,0
77,1,70,174,23.120623596247853,137,118,7.5,0,1,0,0,1,4,49,1,259,1,0,1,1,0,0,0
61,1,45,159,17.799928800284796,95,153,5.6,0,0,4,1,1,3,90,0,293,0,0,1,0,0,1,0
63,1,45,154,18.974531961544947,64,178,4.9,0,0,0,0,0,2,70,1,219,0,1,0,0,1,0,0
77,0,81,150,36.0,104,123,5.7,0,0,1,1,0,3,73,1,179,1,1,1,1,1,0,0
54,1,69,176,22.275309917355372,144,115,6.1,0,1,2,1,1,2,100,1,197,1,0,0,1,0,0,0
69,1,86,177,27.450604870886398,128,116,5.6,0,0,0,1,1,3,73,0,179,1,0,0,1,0,1,0
63,0,66,177,21.06674327300584,50,162,6.1,1,1,0,0,1,3,67,1,164,0,0,0,0,1,0,0
69,0,99,175,32.326530612244895,107,145,8.8,0,1,1,0,0,3,74,1,182,0,0,1,0,0,0,0
73,1,55,169,19.257028815517668,143,131,5.4,0,1,1,0,1,4,86,1,231,0,0,0,1,0,0,0
89,1,67,155,27.887617065556707,104,141,4.8,1,0,2,0,0,3,61,1,222,1,1,1,1,1,0,0
43,0,67,152,28.999307479224377,50,97,7.2,0,1,1,0,1,3,47,1,346,0,0,0,0,0,0,1
58,1,82,166,29.757584555087824,50,164,5.0,1,1,4,0,1,2,55,1,274,1,0,0,0,0,1,0
66,0,67,154,28.25096980941137,68,144,6.1,0,1,1,0,1,3,67,0,90,1,0,0,0,0,0,1
62,1,69,150,30.666666666666668,51,146,3.9,0,0,1,0,0,3,59,1,248,1,0,0,1,0,0,1
58,1,93,170,32.17993079584775,57,121,6.7,0,1,0,0,1,4,62,1,364,0,0,1,0,0,0,1
42,0,91,171,31.120686707020965,50,105,6.0,0,1,1,0,0,3,81,1,264,1,0,0,0,0,1,0
57,1,80,167,28.685144680698485,92,134,4.7,1,0,1,0,0,2,78,0,157,1,0,0,0,0,0,0
68,1,59,171,20.177148524332274,81,140,5.4,0,0,4,0,1,2,40,1,253,0,0,0,0,0,0,0
75,1,81,154,34.15415753078091,94,133,5.9,1,1,1,0,1,2,73,1,182,1,0,0,1,0,1,0
63,0,87,177,27.769797950780426,119,148,10.2,0,0,0,0,1,2,98,0,135,0,0,0,0,0,0,0
69,1,73,177,23.301094832264035,55,112,5.5,0,0,1,0,1,4,67,1,208,0,1,1,0,0,0,1
65,0,63,166,22.8625344752504,156,112,10.2,0,0,0,0,0,2,57,1,282,0,1,0,1,0,0,0
69,0,67,150,29.77777777777778,131,114,7.1,0,0,0,0,0,3,100,1,272,0,1,0,0,0,0,0
50,1,79,162,30.102118579484827,50,107,4.2,0,0,0,1,1,2,74,1,187,1,0,0,1,1,1,0
71,0,95,174,31.37798916633637,111,121,6.9,0,1,0,0,1,2,68,1,168,0,1,1,0,0,0,0
58,1,61,161,23.533042706685695,80,123,7.1,0,1,2,0,1,3,83,1,291,1,1,0,0,0,0,1
58,1,81,192,21.97265625,105,133,8.8,1,1,0,1,0,2,60,1,275,0,0,0,1,1,0,0
64,0,90,176,29.054752066115704,113,147,5.9,1,1,0,0,1,4,61,1,178,1,1,0,0,0,0,0
62,0,81,174,26.7538644470868,81,137,8.6,0,0,2,0,1,2,68,0,159,1,0,0,0,0,1,0
57,1,89,175,29.06122448979592,90,101,8.4,1,0,0,0,0,3,92,1,205,0,0,0,0,1,0,0
78,1,66,159,26.106562240417702,77,146,4.2,0,0,2,0,0,4,97,0,156,0,0,0,1,0,1,0
68,1,72,170,24.913494809688583,109,107,4.3,0,0,1,0,0,3,65,1,292,0,0,1,0,0,1,0
58,0,54,150,24.0,93,88,3.5,1,1,3,0,0,2,48,1,186,1,0,0,0,1,0,1
59,1,65,150,28.88888888888889,111,146,8.3,1,1,0,0,0,2,65,1,305,1,0,0,0,0,1,1
65,1,62,167,22.230987127541326,89,150,3.9,0,0,0,1,0,4,64,0,139,0,0,0,1,0,0,1
60,1,60,168,21.258503401360546,50,157,8.8,0,1,0,0,0,3,55,1,137,0,0,1,0,0,0,1
54,1,84,179,26.216410224399986,94,135,9.2,0,0,1,0,0,2,82,0,204,0,0,1,1,0,0,0
65,1,50,158,20.028841531805796,120,159,10.8,1,1,3,0,0,3,99,1,209,0,0,0,1,0,0,1
64,1,55,169,19.257028815517668,134,97,7.8,0,1,2,0,0,2,95,1,198,0,0,0,0,0,0,1
63,0,86,164,31.975014872099948,50,122,8.0,0,0,1,0,0,3,68,0,151,1,0,0,1,0,0,1
81,1,71,153,30.33021487462087,99,148,6.4,0,1,0,0,1,4,51,0,186,1,1,1,0,1,0,1
64,0,58,166,21.04804761213529,138,129,3.5,0,0,0,0,0,3,90,1,170,0,0,1,0,0,0,1
53,1,82,160,32.03124999999999,80,140,4.2,1,1,3,0,0,3,57,0,101,0,0,1,0,1,0,0
70,1,71,162,27.053802773967377,143,139,5.4,0,1,1,0,0,2,38,1,168,0,1,0,0,1,0,1
50,1,78,165,28.650137741046834,50,147,7.7,0,0,0,0,0,3,97,0,181,0,0,0,0,0,1,0
80,0,77,191,21.106877552698666,66,168,5.6,1,0,0,1,1,4,53,1,109,0,0,0,0,0,1,1
62,0,71,177,22.66270867247598,56,139,5.4,0,1,0,0,0,3,88,0,253,1,0,0,0,0,0,1
56,1,62,179,19.350207546580943,101,142,10.0,1,0,0,0,0,3,61,0,301,0,0,0,0,1,1,0
61,0,70,174,23.120623596247853,86,111,5.0,0,1,4,0,0,3,45,1,202,0,1,0,1,0,0,0
69,1,79,170,27.33564013840831,140,121,4.1,1,1,2,0,0,2,54,1,119,0,1,0,0,1,0,1
38,0,81,179,25.280109859242845,133,133,8.4,0,0,1,0,0,3,25,1,186,0,0,0,0,1,1,0
63,1,79,167,28.326580372189753,83,126,8.5,0,1,4,0,0,2,44,1,191,1,0,0,1,0,1,0
70,1,69,154,29.094282341035587,124,106,8.6,0,1,0,1,1,2,83,0,213,0,0,0,0,0,0,1
80,0,80,168,28.344671201814062,69,150,5.3,0,0,0,0,0,3,63,0,308,0,0,0,0,0,0,0
47,1,52,169,18.20664542558034,129,119,5.4,0,1,0,0,0,2,71,1,135,0,1,0,0,0,0,0
41,1,81,192,21.97265625,50,129,9.5,1,0,0,1,0,2,85,1,219,0,1,0,0,1,0,0
62,1,87,179,27.15271058955713,192,104,5.8,0,1,1,0,0,3,96,0,248,0,0,0,0,0,0,0
69,1,45,165,16.528925619834713,119,143,6.9,1,1,2,0,0,3,92,0,245,0,1,0,1,0,0,0
57,1,90,168,31.88775510204082,160,125,9.6,0,1,1,1,1,4,90,0,266,1,0,1,0,0,1,1
64,0,98,165,35.99632690541782,126,141,5.1,0,1,0,0,1,2,46,1,199,1,0,0,1,0,0,1
67,1,82,162,31.24523700655387,72,75,5.2,0,0,0,0,0,3,40,1,198,1,0,0,1,0,0,0
74,1,45,175,14.693877551020408,50,114,5.9,1,0,0,1,0,4,33,1,210,1,1,0,1,0,1,1
75,1,76,150,33.77777777777778,73,147,7.2,0,1,0,0,0,3,73,1,200,1,0,0,1,0,0,1
52,1,63,169,22.058051188683873,123,128,4.2,0,0,0,0,0,3,90,1,153,1,0,0,0,0,0,0
56,1,75,161,28.93406890166274,50,172,4.1,0,1,0,1,0,2,72,1,212,1,0,0,0,1,1,1
47,0,80,152,34.62603878116344,168,136,5.6,0,1,1,0,0,4,74,0,230,0,1,0,0,0,1,0
80,0,85,151,37.27906670760054,93,147,7.9,0,1,2,0,0,3,100,1,167,0,0,1,0,1,0,0
55,0,78,173,26.061679307694877,180,143,7.4,1,1,0,0,0,3,79,0,228,1,0,0,1,0,0,0
61,1,71,186,20.522603769221874,78,116,5.8,0,1,1,0,0,3,61,1,155,0,0,0,0,0,0,1
58,1,96,156,39.44773175542406,120,124,7.6,0,0,0,0,1,3,29,0,180,1,0,0,0,1,0,0
77,0,62,178,19.568236333796236,119,143,4.1,1,0,0,1,0,4,95,0,190,1,1,0,1,1,1,0
53,1,55,166,19.959355494266223,50,138,6.6,1,0,4,0,0,3,65,1,264,0,0,1,1,0,0,0
83,0,70,166,25.402816083611555,114,95,6.5,1,1,0,0,0,4,81,1,218,1,0,1,0,0,0,0
47,1,69,173,23.054562464499313,119,150,9.1,1,0,3,0,1,3,32,1,249,1,1,0,0,1,1,0
44,1,62,166,22.49963710262738,125,133,7.3,1,1,0,0,0,3,83,1,214,0,0,0,0,0,0,0
56,0,83,173,27.732299776136855,144,91,3.5,1,0,3,0,0,2,67,1,230,0,1,1,0,0,0,0
89,0,67,180,20.679012345679013,50,117,4.0,0,0,0,0,1,4,29,1,185,0,0,0,0,1,0,1
42,1,85,171,29.06877329776684,118,143,7.3,0,1,4,0,1,4,45,1,201,0,1,0,0,0,0,1
69,1,50,170,17.301038062283737,57,117,3.5,0,1,2,0,0,2,51,1,260,0,1,0,0,0,0,0
64,1,63,179,19.66230766829999,64,118,6.4,0,0,1,1,0,2,54,0,110,0,0,0,0,0,1,0
65,1,90,166,32.660763536072004,61,144,5.4,1,0,2,0,0,3,45,0,200,1,0,1,0,1,0,0
86,0,66,180,20.37037037037037,107,116,6.4,1,0,2,1,0,2,65,1,210,1,1,0,1,0,1,0
57,0,63,186,18.210197710718,123,143,5.2,0,1,0,1,0,3,83,0,231,0,0,0,0,0,0,1
70,1,97,180,29.93827160493827,89,105,8.3,0,0,3,0,1,2,80,0,211,1,0,0,0,0,0,1
65,0,95,174,31.37798916633637,98,146,5.7,0,0,3,0,1,3,62,1,205,0,0,0,0,0,1,0
58,1,57,179,17.789706937985706,50,152,7.4,0,1,0,1,0,2,83,0,138,0,0,0,0,0,1,1
57,1,71,164,26.397977394408095,111,133,7.4,0,0,0,1,0,4,100,1,168,0,0,0,0,1,0,0
68,1,76,178,23.98687034465345,82,130,4.1,0,1,3,1,0,2,73,1,276,1,1,0,1,0,0,1
60,1,81,167,29.043708989207214,62,108,7.1,1,1,0,0,0,3,45,1,298,1,0,0,0,0,1,1
60,1,54,166,19.5964581216432,50,148,5.4,0,0,3,0,0,3,70,1,242,0,0,1,1,0,0,0
53,1,55,165,20.202020202020204,63,132,7.3,0,0,1,0,0,3,72,1,153,1,0,0,0,1,0,0
57,1,80,182,24.151672503320853,90,152,4.3,0,1,4,1,0,3,39,1,252,0,0,0,0,0,1,1
70,1,89,182,26.86873565994445,119,141,5.9,0,0,2,0,0,3,81,1,242,0,0,1,0,0,0,0
58,1,68,182,20.528921627822726,63,158,7.3,0,1,2,0,0,2,60,1,155,1,0,0,0,0,0,1
71,0,67,174,22.12973972783723,87,147,7.1,0,1,0,0,1,3,89,1,199,0,0,1,0,0,0,1
74,1,77,150,34.22222222222222,152,149,4.7,0,0,1,1,0,4,68,1,394,0,1,0,1,0,0,1
72,0,77,150,34.22222222222222,140,135,7.1,0,1,0,0,1,4,68,1,236,1,0,1,1,1,0,1
78,0,78,173,26.061679307694877,80,123,7.3,0,0,2,0,0,2,90,1,186,1,1,0,0,0,0,0
76,1,110,167,39.442073935960416,82,129,3.7,0,1,0,1,1,2,58,1,143,1,1,0,1,0,1,1
75,1,61,153,26.05835362467427,164,121,3.5,0,1,1,0,0,3,45,1,207,0,0,1,0,0,1,0
61,0,61,172,20.61925365062196,105,140,7.7,1,0,1,1,1,3,69,1,243,1,0,1,0,0,1,1
39,1,68,165,24.977043158861342,88,99,4.1,0,1,0,0,0,2,37,1,356,0,0,0,0,0,1,1
49,0,75,184,22.152646502835537,96,136,6.7,0,1,1,0,0,2,52,1,250,0,0,0,0,0,0,0
62,1,64,169,22.40817898532965,68,134,6.2,1,0,2,1,0,4,91,1,223,1,1,0,0,0,0,0
70,0,67,165,24.609733700642796,50,133,5.5,0,0,1,0,0,3,58,1,267,1,0,1,0,0,1,0
76,1,58,156,23.83300460223537,88,114,9.6,1,0,0,0,1,3,75,1,94,1,1,0,0,0,0,1
57,1,61,170,21.107266435986162,142,104,4.4,0,0,0,0,0,3,25,1,120,0,0,0,0,0,1,1
73,0,52,178,16.41206918318394,92,114,4.9,0,0,0,0,0,3,83,1,200,0,0,1,0,0,0,0
65,1,82,168,29.053287981859416,91,128,7.8,1,1,0,0,0,3,52,1,217,0,1,0,0,0,0,0
67,0,66,177,21.06674327300584,121,128,7.1,0,1,1,1,0,2,57,1,90,1,0,0,1,0,1,0
72,0,86,169,30.110990511536716,104,126,6.8,1,1,2,0,1,2,88,0,327,0,1,1,1,1,1,1
75,0,83,177,26.493025631204315,50,129,7.1,0,1,0,0,1,2,73,1,152,0,1,0,1,0,0,0
56,1,103,170,35.6401384083045,111,112,5.4,1,0,4,0,1,3,67,0,120,1,0,0,1,1,1,0
60,0,73,155,30.38501560874089,50,133,4.4,1,0,2,1,1,3,72,0,236,1,0,0,1,1,1,0
86,1,78,182,23.54788069073783,142,91,9.6,1,0,2,0,1,3,81,1,334,1,1,1,0,1,0,0
43,0,59,180,18.209876543209877,118,153,4.2,1,1,2,0,0,3,67,0,90,0,0,0,0,0,0,1
82,1,72,181,21.97735111870822,116,123,3.5,0,0,3,1,0,3,73,0,240,1,1,1,1,0,1,0
58,1,81,195,21.301775147928996,173,159,5.0,0,1,0,0,0,2,43,1,90,0,0,0,0,0,0,0
68,0,55,169,19.257028815517668,61,126,8.1,1,0,1,0,1,3,52,1,212,1,1,1,1,1,1,1
77,0,82,169,28.71047932495361,124,138,3.5,0,1,1,0,1,2,53,1,90,0,1,0,1,1,0,1
87,0,77,168,27.281746031746035,106,164,4.8,0,0,3,0,1,4,42,1,143,0,1,1,1,0,0,0
63,0,73,164,27.141582391433676,119,136,8.3,1,1,2,1,0,2,75,0,213,0,0,0,1,1,0,0
87,1,77,175,25.142857142857142,85,116,4.0,0,1,1,0,0,4,88,1,260,0,1,1,1,1,0,0
50,1,71,166,25.76571345623458,118,149,6.9,1,0,1,1,0,4,76,1,251,1,0,1,0,0,1,1
49,1,78,184,23.03875236294896,96,136,6.5,0,0,0,1,1,3,81,1,251,1,0,0,1,0,0,0
65,0,89,170,30.795847750865054,135,107,6.6,1,1,2,0,1,2,86,0,185,0,1,0,1,0,0,0
47,1,96,175,31.346938775510203,109,102,7.7,1,0,1,0,0,2,64,1,178,0,0,0,0,0,1,0
57,1,67,174,22.12973972783723,133,114,4.0,1,0,0,1,0,3,61,1,225,0,1,0,1,0,1,1
57,1,79,175,25.79591836734694,76,160,8.3,0,0,2,0,0,3,94,0,185,0,0,0,0,0,0,0
71,1,60,160,23.437499999999996,83,132,4.1,1,0,1,0,1,3,44,1,202,0,0,0,1,0,0,0
67,0,111,182,33.510445598357684,60,128,5.5,0,0,1,0,0,2,76,1,203,0,0,1,1,0,0,0
62,1,87,174,28.735632183908045,144,154,5.8,0,0,3,0,0,3,74,0,262,1,1,0,0,0,0,0
73,1,61,175,19.918367346938776,163,166,7.3,0,1,2,0,1,3,48,0,193,0,1,0,1,0,1,1
62,1,97,174,32.038578411943455,73,131,3.5,1,0,1,1,0,3,94,0,220,1,0,0,1,0,1,0
85,1,50,150,22.22222222222222,109,143,9.7,0,1,2,0,0,3,96,1,194,0,0,1,1,0,1,0
65,1,62,171,21.20310522895934,147,143,5.9,1,0,3,0,0,4,87,1,90,1,1,0,0,0,0,0
82,1,65,170,22.49134948096886,104,152,8.1,0,0,1,0,1,3,75,1,227,0,1,1,0,1,0,0
68,1,71,172,23.99945916711736,105,128,4.0,0,0,3,0,0,3,64,0,146,0,1,0,0,0,0,1
71,1,84,180,25.925925925925924,71,154,5.4,0,0,1,0,0,3,73,0,200,1,0,0,0,1,0,0
30,1,61,179,19.038107424861895,103,97,3.5,1,0,1,0,0,4,100,0,189,0,1,0,0,0,0,0
58,0,68,179,21.22280827689523,65,137,8.2,0,0,0,1,0,3,73,1,228,0,0,0,0,1,1,1
67,0,72,160,28.124999999999993,152,111,4.5,0,0,0,0,1,2,66,0,119,1,1,0,0,0,0,1
58,1,84,171,28.726787729557817,50,119,4.2,1,1,0,0,0,3,48,0,285,1,1,0,1,0,0,0
70,1,69,154,29.094282341035587,57,159,7.6,0,0,0,0,1,2,60,1,219,1,0,0,0,0,0,1
45,1,78,170,26.989619377162633,107,122,3.5,0,0,0,1,1,3,61,0,186,0,0,0,0,0,1,0
57,1,81,158,32.446723281525394,53,130,6.1,1,0,0,1,0,3,76,0,205,0,0,0,1,1,0,1
47,0,82,167,29.402273297715947,50,125,10.1,0,0,0,0,1,2,98,1,268,1,0,0,0,0,0,1
64,1,45,178,14.202752177755334,191,132,4.5,0,0,1,0,1,4,84,0,203,0,0,1,0,0,1,0
74,0,79,191,21.655108138483047,120,150,4.7,1,0,2,1,0,4,55,1,198,1,1,1,0,0,1,1
83,1,48,160,18.749999999999996,91,127,8.4,1,0,0,0,0,2,60,1,207,0,1,0,1,0,0,0
81,1,74,172,25.013520822065985,117,150,4.1,1,0,0,0,0,3,53,1,252,1,0,1,0,1,1,0
75,0,72,169,25.209201358495854,114,141,9.3,0,0,4,1,0,3,88,0,171,0,0,0,0,0,1,0
68,1,84,165,30.85399449035813,75,105,8.7,0,1,4,0,1,2,97,1,211,0,1,0,0,0,1,0
48,0,46,172,15.548945375878855,89,138,7.5,0,0,2,0,1,3,78,1,212,0,0,0,1,0,1,1
88,0,58,173,19.37919743392696,90,154,4.6,0,0,0,0,0,3,71,1,234,1,0,0,0,0,0,1
73,1,68,170,23.529411764705884,86,131,6.3,0,1,0,0,1,2,49,1,259,0,0,0,1,0,1,0
67,0,69,156,28.353057199211044,84,135,6.0,0,0,0,0,0,2,58,1,204,1,0,0,0,0,0,0
67,0,78,170,26.989619377162633,127,140,6.7,0,0,0,0,1,2,78,0,171,0,0,0,0,0,0,0
80,0,57,176,18.401342975206614,93,152,7.1,0,0,1,0,0,2,66,0,240,1,0,0,0,0,0,0
50,0,78,153,33.320517749583495,132,159,5.4,1,0,1,1,0,2,60,0,105,0,0,0,0,0,1,1
60,0,73,162,27.815881725346742,72,149,5.4,0,0,1,0,0,3,60,1,135,0,0,0,0,0,0,0
38,0,96,160,37.49999999999999,115,133,7.9,0,0,1,0,1,3,81,0,139,1,1,0,0,0,0,0
50,1,58,168,20.549886621315196,50,145,11.1,1,0,1,0,0,3,75,0,157,0,0,0,0,0,0,0
87,1,88,177,28.088991030674453,117,148,4.1,1,1,4,1,1,2,36,0,116,1,1,1,0,0,0,0
66,1,71,167,25.458065904119906,130,110,8.0,1,1,3,0,1,3,60,1,257,1,1,0,1,0,0,0
54,1,65,184,19.198960302457465,59,82,7.6,1,1,2,0,0,3,79,0,179,1,0,0,0,0,0,0
65,1,97,173,32.4100370877744,108,95,7.4,0,0,0,0,0,2,49,1,96,1,0,0,1,0,0,0
77,1,68,170,23.529411764705884,126,125,7.0,1,1,1,0,1,2,50,0,127,0,1,1,0,0,0,0
66,1,80,170,27.68166089965398,90,134,5.4,0,1,1,0,0,4,97,0,218,1,0,0,0,0,1,0
75,1,71,152,30.730609418282548,130,109,6.8,0,0,0,1,0,2,100,1,101,0,0,0,1,0,1,1
50,1,71,168,25.15589569160998,75,137,5.9,0,1,3,1,1,2,86,0,206,1,0,0,0,0,0,1
78,1,83,174,27.414453692693883,110,132,7.6,1,1,0,0,0,3,64,0,198,1,1,1,1,1,0,0
86,0,86,188,24.332277048438208,102,119,7.4,0,1,0,1,1,3,72,0,191,0,1,1,0,0,0,1
48,1,63,160,24.609374999999996,104,144,3.5,0,1,0,1,0,4,100,1,199,1,1,0,1,1,0,1
72,0,64,182,19.32133800265668,138,102,6.9,0,0,0,0,0,3,38,0,133,0,1,0,0,1,0,0
75,1,45,176,14.527376033057852,103,133,7.0,1,0,2,1,0,3,85,0,168,0,0,1,1,0,0,1
69,0,69,164,25.654372397382513,84,161,8.6,1,0,2,0,0,2,91,0,123,1,0,0,0,0,0,1
66,1,95,163,35.75595618954421,161,125,6.5,0,1,0,0,1,3,78,1,153,1,0,0,0,1,1,0
49,1,98,183,29.26334020126011,159,145,5.7,0,0,4,0,1,3,48,1,160,0,1,0,0,0,1,0
61,1,74,175,24.163265306122447,169,144,8.4,0,0,1,0,0,3,78,1,163,0,0,0,0,0,0,0
66,0,98,179,30.585811928466654,141,122,5.0,1,0,1,0,0,3,100,0,177,0,1,0,0,1,1,0
90,0,92,166,33.386558281318045,125,102,3.5,0,1,2,0,1,3,78,1,216,0,1,1,1,1,1,1
50,0,84,160,32.81249999999999,147,117,7.7,1,1,0,1,0,4,65,1,191,1,0,0,0,0,0,0
79,0,55,150,24.444444444444443,79,136,9.1,0,0,0,0,0,3,100,0,176,0,1,1,0,0,1,0
71,0,70,157,28.398718000730252,72,151,5.8,0,1,2,0,1,2,66,1,146,1,1,1,1,0,0,0
42,1,60,163,22.582709172343712,50,97,5.0,1,0,0,0,1,2,54,0,147,0,0,0,0,0,0,0
73,0,59,178,18.621386188612547,75,114,8.9,1,1,0,0,0,3,82,1,218,1,1,0,0,1,0,1
61,0,79,159,31.24876389383331,92,130,7.5,1,1,1,0,1,4,60,1,179,0,0,0,0,0,1,0
79,1,83,153,35.45644837455679,50,113,6.0,0,0,1,1,0,3,30,1,190,1,1,1,0,0,1,1
64,1,45,164,16.731112433075552,100,158,7.0,0,1,1,0,1,4,62,0,285,0,0,1,0,0,1,1
77,1,68,164,25.282569898869724,65,127,4.5,0,1,3,0,0,3,67,0,130,0,0,1,0,1,1,0
52,1,59,170,20.41522491349481,50,135,7.2,0,1,0,0,1,3,96,0,160,1,0,0,1,0,0,0
67,0,75,195,19.723865877712033,50,113,3.5,0,1,0,0,1,4,53,1,281,0,1,1,0,0,0,1
68,0,64,173,21.383941996057334,58,144,4.8,0,0,0,0,1,3,92,0,189,0,0,0,1,1,1,1
57,1,79,171,27.01685988851271,79,111,6.2,0,1,2,0,1,3,73,0,196,1,0,0,1,1,0,0
62,1,92,173,30.73941661933242,141,138,6.8,0,0,0,0,0,2,40,1,316,0,1,0,0,0,0,0
60,1,76,191,20.832762259806476,60,162,5.7,0,1,1,0,1,4,47,1,344,0,0,1,1,0,1,0
77,1,86,152,37.22299168975069,178,146,8.4,0,1,4,0,0,4,87,1,274,1,1,1,0,0,0,1
62,0,94,182,28.378215191402003,124,133,6.9,1,1,0,0,1,3,59,1,173,0,0,0,0,0,0,0
65,1,77,178,24.302487059714682,98,114,5.5,1,1,1,1,1,4,58,0,218,0,0,0,0,0,1,0
78,0,54,155,22.476586888657646,71,115,6.1,1,1,0,0,1,3,60,0,109,0,0,1,1,1,1,0
71,1,57,163,21.453573713726524,86,138,7.8,0,1,1,0,0,3,88,1,206,1,0,0,1,1,0,1
67,1,73,160,28.515624999999993,66,132,7.3,1,1,0,1,0,3,62,1,218,0,0,0,1,0,0,0
53,1,102,155,42.45577523413111,89,148,5.9,1,0,2,1,1,3,70,1,185,1,0,0,0,0,0,0
64,1,47,164,17.474717430101133,80,129,9.4,0,0,0,0,0,3,73,0,202,0,1,0,1,0,0,0
71,1,81,156,33.28402366863905,123,140,4.6,1,0,1,0,0,4,37,0,304,0,0,0,1,1,1,0
85,1,78,175,25.46938775510204,52,132,9.5,0,0,1,0,0,2,86,1,182,1,0,0,0,1,0,0
37,1,83,184,24.515595463137995,109,142,3.6,0,1,0,1,1,3,63,1,209,0,1,0,1,0,0,0
60,0,73,162,27.815881725346742,94,123,4.0,0,0,0,0,0,3,100,1,209,0,0,1,0,0,0,0
58,0,75,158,30.043262297708697,86,100,4.2,0,1,0,0,0,4,75,1,239,0,1,0,1,0,1,0
55,1,74,181,22.587833094227893,50,149,8.9,1,0,0,1,0,2,76,0,197,0,0,0,0,0,0,0
44,1,58,158,23.233456176894723,81,127,5.3,0,0,3,0,1,3,71,0,188,0,1,0,1,0,1,0
76,1,45,154,18.974531961544947,98,157,5.9,0,0,0,1,0,2,36,0,259,0,0,1,1,0,0,1
73,1,104,163,39.14336256539576,113,132,3.7,0,0,2,0,1,3,66,0,185,0,0,0,0,1,0,0
72,0,71,177,22.66270867247598,116,130,5.5,0,1,0,1,1,3,66,1,175,0,0,1,0,1,1,1
62,1,58,172,19.60519199567334,130,156,6.0,1,0,2,1,1,4,58,1,213,0,0,0,1,1,1,0
58,1,91,180,28.086419753086417,96,117,7.7,0,1,0,0,0,3,69,1,197,1,0,0,0,0,0,1
53,0,67,159,26.502116213757365,97,121,7.2,0,1,1,1,1,4,55,0,193,1,0,0,1,0,0,1
69,1,79,179,24.65590961580475,92,138,5.2,0,1,0,1,1,2,65,0,246,0,1,0,0,0,1,1
54,1,82,167,29.402273297715947,119,113,3.8,0,0,2,1,1,3,72,1,161,0,0,0,0,1,0,0
73,0,64,151,28.068944344546292,98,165,6.0,1,1,1,1,0,2,81,0,147,0,1,0,0,0,1,1
52,1,84,183,25.082863029651524,127,123,10.1,1,1,0,0,1,3,73,0,228,0,1,0,1,1,0,1
83,1,71,170,24.56747404844291,132,126,7.1,1,0,2,0,0,2,73,0,239,0,1,1,0,0,0,0
63,0,88,184,25.99243856332703,129,157,4.3,0,0,2,1,1,2,94,1,206,0,0,0,1,0,0,1
59,1,90,182,27.17063156623596,85,131,3.5,1,0,2,1,0,2,82,0,133,1,0,0,0,0,1,1
58,0,85,180,26.234567901234566,50,113,4.5,0,1,1,0,0,2,57,1,335,0,0,0,0,0,0,0
79,0,45,195,11.834319526627219,105,149,5.9,1,1,0,0,0,3,62,1,227,0,0,0,0,1,0,0
69,0,80,158,32.046146450889275,107,147,8.9,1,0,3,0,0,3,32,0,225,0,1,1,0,0,1,0
89,1,90,191,24.67037636029714,50,107,3.5,1,1,1,0,1,3,95,1,131,1,0,1,1,1,0,1
78,0,71,167,25.458065904119906,150,116,7.1,1,0,3,0,0,4,62,0,174,0,1,0,0,1,1,1
54,1,51,179,15.917106207671422,116,110,4.6,1,0,0,0,1,3,52,1,231,0,0,0,0,1,1,0
63,1,71,171,24.280975342840534,150,70,7.9,1,1,1,0,1,2,59,1,236,0,0,0,1,1,1,0
66,0,58,179,18.101807059704754,105,172,7.0,1,1,3,0,0,3,83,0,170,1,1,1,0,0,0,1
67,1,75,169,26.25958474843318,108,101,10.8,0,0,4,1,0,3,73,0,314,0,0,0,1,0,1,0
81,0,68,185,19.86851716581446,113,113,6.8,1,0,0,0,0,4,43,1,229,0,0,1,0,1,0,1
61,1,79,178,24.933720489837143,83,139,9.7,0,0,1,0,0,3,40,1,164,1,0,0,0,0,1,0
54,0,45,158,18.02595737862522,59,136,4.8,1,0,0,1,0,3,97,0,159,1,0,0,0,1,0,1
72,1,93,174,30.71739992072929,55,143,5.9,0,1,4,1,0,3,54,1,151,0,0,1,1,0,1,0
71,1,85,176,27.44059917355372,179,135,3.5,0,0,0,0,1,3,62,1,136,0,1,1,0,0,0,0
57,0,57,177,18.194005553959588,93,160,6.8,0,1,0,0,0,4,80,1,197,1,0,0,1,1,0,0
43,1,77,160,30.078124999999993,58,118,6.0,1,1,0,1,0,3,45,0,218,1,1,0,1,0,0,1
89,1,87,167,31.1950948402596,162,165,7.3,1,1,0,0,1,2,55,1,292,1,1,1,1,1,1,0
81,1,66,173,22.052190183434128,145,121,6.2,0,1,0,0,1,3,51,1,244,0,1,1,0,1,0,1
54,0,73,168,25.86451247165533,139,104,9.3,0,1,0,0,0,2,91,0,270,0,0,0,0,0,1,0
63,1,45,190,12.465373961218837,50,122,6.0,0,1,0,1,1,2,72,0,169,0,0,0,0,0,0,0
64,0,45,168,15.94387755102041,146,140,7.6,0,1,0,0,0,4,69,0,221,0,0,0,0,1,0,1
72,1,55,160,21.484374999999996,50,155,9.8,1,0,0,0,0,3,53,1,200,1,0,0,0,1,0,0
61,1,66,168,23.384353741496604,94,143,10.0,0,1,0,0,0,3,100,1,130,0,0,0,1,1,0,1
60,1,99,154,41.74397031539889,93,106,7.3,0,1,0,0,1,2,55,1,238,1,0,0,1,1,0,0
63,0,74,170,25.605536332179934,118,112,6.8,0,0,1,0,1,4,43,0,266,0,0,0,0,0,1,0
53,1,45,160,17.578124999999996,105,118,7.3,1,0,3,1,0,2,59,1,166,0,1,0,1,0,1,1
76,1,77,161,29.705644072373747,81,135,9.8,0,0,0,1,0,3,58,1,271,1,0,0,0,0,1,1
72,0,80,176,25.826446280991735,159,150,6.7,1,1,2,1,0,2,65,1,227,1,1,0,0,1,0,0
53,0,62,151,27.19178983377922,159,133,6.8,1,0,0,0,1,3,87,1,186,0,0,1,0,1,0,0
69,0,75,166,27.21730294672667,112,97,4.8,1,1,3,1,1,3,100,1,239,0,0,0,0,0,0,1
57,1,91,182,27.47252747252747,95,157,4.9,1,0,0,0,1,4,99,1,290,0,0,1,1,0,1,0
66,1,69,159,27.29322416043669,152,117,7.6,1,1,0,0,0,3,29,1,313,0,0,1,1,0,0,0
41,1,67,169,23.458562375266975,136,155,4.7,0,1,0,0,1,4,71,1,211,0,1,1,0,0,0,0
62,0,64,189,17.91663167324543,55,123,7.1,0,0,0,0,0,2,74,1,266,0,1,0,1,1,0,0
80,1,81,182,24.453568409612362,177,125,5.9,0,1,3,0,0,2,68,0,296,1,1,0,0,1,1,1
52,0,67,165,24.609733700642796,66,136,5.2,1,1,0,0,1,4,76,0,203,0,0,0,0,1,0,0
60,1,75,161,28.93406890166274,84,148,4.8,1,1,0,1,0,2,94,0,231,0,0,0,0,0,1,0
80,1,61,176,19.692665289256198,50,173,11.3,0,1,0,0,1,3,67,0,95,1,1,0,1,0,0,1
85,1,66,166,23.95122659311947,81,121,7.6,1,1,0,0,1,2,52,1,156,0,0,1,0,1,1,0
74,0,103,187,29.45465984157396,141,126,3.8,0,0,2,0,1,2,70,1,201,1,1,0,1,0,0,0
83,1,62,175,20.244897959183675,101,112,11.5,0,0,0,0,1,2,25,0,107,0,1,0,0,0,1,1
79,1,97,152,41.98407202216067,107,113,6.8,0,0,0,0,0,3,91,1,166,1,1,0,1,0,0,1
44,1,58,155,24.141519250780433,71,126,5.1,1,1,0,0,1,3,60,1,276,1,1,1,1,0,0,0
71,1,98,159,38.764289387286894,124,150,6.1,0,0,3,0,1,3,87,0,199,0,0,0,1,1,1,1
67,0,72,161,27.776706145596233,50,118,9.7,0,0,2,1,1,2,70,0,279,0,0,1,0,0,1,0
52,1,80,169,28.01022373166206,88,149,5.1,0,0,1,0,1,3,68,1,237,0,0,1,0,0,0,1
44,1,61,175,19.918367346938776,94,122,5.7,0,0,0,0,1,3,83,1,116,1,0,0,1,0,0,1
74,1,78,157,31.64428577224228,88,152,7.6,0,1,0,1,1,3,85,0,153,0,0,0,1,1,1,1
63,0,80,156,32.87310979618672,108,80,6.0,0,1,1,0,0,2,56,1,200,0,0,0,1,0,0,0
66,0,75,159,29.666548000474663,50,117,9.2,0,1,1,0,1,3,63,0,227,0,0,0,0,1,0,0
72,0,53,165,19.467401285583104,131,150,5.0,0,1,0,0,0,2,70,1,219,0,1,0,1,1,1,0
