age,sex,weight,height,bmi,creatinine,hemoglobin,glucose,diabetes,hypertension,ckd_stage,copd,smoking,asa_class,peripheral_artery_disease,anticoagulants,emergency,surgery_duration,critical_limb_ischemia,aki,delirium,respiratory,infection,thrombosis,amputation
50,1,90,183,26.874496103198062,59,122,4.0,1,1,2,0,1,3,1,1,0,92,1,0,0,1,0,0,1
54,1,94,169,32.91201288470292,51,85,5.5,0,0,1,0,0,3,0,0,0,226,0,0,1,1,0,0,0
66,1,63,179,19.66230766829999,76,149,4.7,0,0,1,0,1,3,1,1,0,142,0,0,0,1,0,0,0
36,1,97,167,34.78073792534691,158,137,13.5,0,0,0,0,0,3,1,0,0,132,0,0,0,0,0,0,0
81,0,89,158,35.65133792661432,50,129,7.0,0,0,0,0,0,4,1,0,0,172,0,0,1,0,0,0,0
63,1,66,186,19.07734998265695,120,132,3.7,1,1,0,1,0,3,1,0,0,286,0,1,0,1,0,1,1
51,1,93,188,26.312811226799457,116,174,4.3,1,1,0,0,1,3,1,0,0,174,0,0,1,0,1,1,0
53,1,56,165,20.569329660238754,73,150,6.7,0,0,1,0,1,2,1,0,1,158,1,0,0,1,0,1,1
57,1,67,179,20.91070815517618,122,112,3.8,0,1,0,0,0,2,1,0,0,153,0,0,0,0,0,0,0
65,0,58,168,20.549886621315196,122,132,10.2,1,0,0,0,0,2,1,1,1,232,1,0,0,0,0,0,0
66,1,60,191,16.44691757353143,98,153,8.1,1,1,0,0,1,3,1,0,0,176,1,0,1,1,1,1,0
62,1,87,155,36.21227887617065,94,153,7.1,0,0,1,0,0,2,0,1,0,193,1,0,0,1,0,0,0
55,1,74,168,26.218820861678008,91,99,4.4,0,0,1,1,0,3,0,1,0,165,0,0,0,1,0,0,0
64,1,58,155,24.141519250780433,70,119,3.9,0,0,0,1,0,2,0,0,0,176,0,0,0,0,0,0,0
40,0,66,154,27.82931354359926,105,107,7.2,1,1,0,1,0,2,1,0,0,136,0,0,0,0,0,1,0
50,0,65,168,23.030045351473927,82,142,6.8,0,0,2,1,0,3,1,1,1,158,1,0,0,0,0,0,1
56,0,78,165,28.650137741046834,105,111,3.9,0,1,0,0,0,4,1,0,1,115,0,0,1,0,0,0,0
48,1,109,159,43.11538309402317,78,161,6.4,0,0,2,1,1,3,1,0,0,124,1,1,0,1,1,0,1
62,1,78,178,24.61810377477591,76,155,6.4,1,0,1,0,1,4,0,1,0,174,0,0,0,1,0,0,0
48,1,79,182,23.849776597029344,80,125,8.0,0,0,0,0,1,4,0,1,0,114,0,0,0,0,0,0,0
85,1,98,175,32.0,144,104,10.7,1,1,3,1,0,2,1,1,0,156,0,1,0,1,1,1,0
47,0,66,151,28.946098855313362,51,114,3.5,0,0,0,0,0,3,0,0,0,131,1,0,0,0,0,0,0
83,1,94,173,31.40766480670921,162,139,8.1,1,0,1,0,0,2,1,1,0,93,1,1,1,1,0,0,1
40,1,68,173,22.720438370810918,126,147,5.1,0,0,1,0,0,4,0,0,0,161,1,0,0,0,0,0,0
89,0,69,161,26.61934338952972,50,129,7.3,0,1,0,0,1,2,0,0,0,188,0,1,0,0,1,1,0
72,1,70,173,23.38868655818771,79,78,6.8,0,0,1,0,1,3,0,0,0,84,1,0,1,0,0,0,0
74,0,73,164,27.141582391433676,50,143,7.5,1,0,1,0,1,4,1,0,0,180,0,1,0,0,0,0,0
48,1,72,161,27.776706145596233,122,89,4.0,0,1,3,1,1,4,0,1,0,94,0,0,1,1,0,0,0
61,1,80,158,32.046146450889275,144,87,8.4,0,1,2,1,0,2,0,0,0,217,0,0,0,1,0,0,1
61,0,68,178,21.461936624163616,108,149,6.6,0,1,1,0,1,2,1,0,1,178,0,0,0,0,1,0,0
63,1,76,182,22.944088878154812,142,106,9.3,0,1,3,0,0,4,1,0,1,84,0,0,0,1,0,0,0
80,1,50,168,17.71541950113379,106,135,9.7,0,0,0,0,1,2,1,0,0,192,1,0,1,1,0,0,0
73,1,86,179,26.840610467838083,133,131,7.0,0,0,3,0,0,4,0,0,1,119,0,0,0,0,1,1,1
63,0,91,185,26.588750913075234,110,113,8.5,1,0,2,0,1,4,1,1,0,101,0,0,0,0,0,0,0
76,0,78,171,26.674874320303687,100,134,8.3,0,1,1,0,1,2,1,1,1,186,0,0,0,1,1,0,0
79,1,86,169,30.110990511536716,127,118,9.2,0,0,0,0,0,2,1,1,0,210,1,1,0,0,1,0,1
58,1,62,174,20.478266613819528,94,130,9.0,0,0,1,1,0,2,0,0,0,173,0,1,0,0,0,0,1
57,1,97,161,37.42139577948381,150,122,4.2,0,0,3,1,1,2,0,0,0,131,0,0,0,1,0,0,0
90,1,77,175,25.142857142857142,88,119,7.1,0,1,1,1,1,3,0,1,0,158,0,0,0,1,0,1,0
62,0,50,171,17.09927841045108,119,116,3.7,0,0,2,0,1,3,1,1,0,120,0,0,0,0,0,0,0
57,1,93,156,38.21499013806706,75,112,5.5,0,0,0,1,1,3,0,1,0,141,1,0,1,1,0,0,0
63,0,85,157,34.484157572315304,50,147,5.5,1,0,0,0,1,3,1,1,0,170,0,0,1,0,1,0,0
77,0,103,160,40.23437499999999,112,120,7.7,0,0,0,0,1,2,1,1,0,78,0,0,0,1,0,0,1
73,1,99,175,32.326530612244895,50,107,6.0,1,1,1,0,0,2,1,1,0,172,1,0,0,0,0,0,0
63,0,95,166,34.47525039918711,175,121,6.2,0,1,0,0,0,3,1,1,0,79,1,0,1,0,1,1,0
72,1,82,169,28.71047932495361,87,119,8.5,1,0,3,0,1,4,0,1,1,86,0,1,0,0,0,1,0
68,1,85,183,25.381468541909282,97,122,8.3,1,1,0,1,0,3,1,1,1,182,1,0,0,1,0,0,1
63,0,58,174,19.157088122605362,89,144,7.1,0,1,1,0,0,4,0,0,0,107,1,0,1,0,1,1,0
61,0,70,163,26.346494034400994,104,117,8.0,1,1,0,0,0,2,1,1,0,100,0,1,0,0,0,0,0
66,1,119,160,46.48437499999999,111,122,7.8,0,1,3,0,1,4,1,1,1,135,0,0,0,1,0,0,0
60,1,49,173,16.372080590731397,70,142,10.4,0,1,2,0,0,3,0,0,0,120,1,1,0,1,0,0,0
65,0,79,160,30.859374999999993,50,138,6.1,1,0,0,1,1,4,1,1,0,161,1,0,0,1,0,0,1
64,1,74,182,22.34029706557179,61,116,5.0,0,0,1,0,1,4,0,1,0,158,1,0,1,1,0,0,1
47,1,87,172,29.40778799351001,83,149,6.9,0,0,2,0,0,3,1,0,1,100,0,0,0,0,0,1,0
58,1,77,171,26.332888752094664,109,148,4.6,1,0,0,0,0,3,1,0,0,64,1,0,1,0,1,0,0
61,1,93,160,36.32812499999999,106,146,5.8,1,1,1,1,1,3,1,1,1,139,0,0,0,0,0,0,0
87,0,75,176,24.212293388429753,126,136,7.4,1,1,0,0,0,3,1,0,0,205,1,0,0,1,1,1,0
63,1,86,181,26.25072494734593,50,126,5.5,0,0,0,0,0,3,1,1,0,146,0,1,0,0,0,0,0
68,1,80,168,28.344671201814062,68,108,6.0,0,1,1,0,1,3,0,1,1,132,1,0,1,0,0,0,0
90,1,70,179,21.847008520333322,84,102,6.0,1,0,4,1,0,3,0,1,0,236,1,0,1,1,0,1,1
46,1,68,165,24.977043158861342,153,128,5.6,0,1,4,0,0,2,1,1,0,187,1,1,0,1,0,0,0
46,1,94,169,32.91201288470292,195,130,4.3,1,1,3,1,1,2,1,1,0,63,0,1,0,0,0,0,0
55,0,84,190,23.26869806094183,52,124,8.5,1,0,0,0,0,3,1,0,1,136,0,0,0,0,0,1,0
61,1,89,166,32.29786616344898,138,127,9.2,0,0,3,0,1,3,1,0,0,161,0,0,0,1,0,1,0
62,1,93,175,30.367346938775512,103,157,8.4,1,0,2,0,0,2,1,1,0,96,0,0,0,0,0,1,0
58,1,67,166,24.31412396574249,119,162,8.4,0,1,1,0,0,3,1,1,0,135,1,0,1,0,0,0,0
50,0,70,172,23.661438615467823,53,107,5.7,0,1,0,0,1,3,1,0,1,151,0,0,0,0,1,0,0
76,0,69,176,22.275309917355372,147,135,6.9,0,1,2,1,0,3,1,1,0,138,0,0,1,1,0,0,0
59,1,90,160,35.15624999999999,50,131,4.9,0,1,0,0,0,4,0,0,0,89,0,0,1,0,0,0,0
79,1,76,162,28.959000152415786,53,143,6.2,1,0,1,1,1,4,1,0,0,223,0,1,1,1,1,0,0
52,0,77,175,25.142857142857142,90,164,6.4,1,1,1,0,1,3,0,0,0,163,1,0,0,0,1,1,0
88,0,59,171,20.177148524332274,79,173,3.7,0,1,1,1,0,3,1,0,0,107,0,1,1,0,0,0,0
45,0,87,181,26.555965935105768,100,144,6.8,0,1,3,0,0,4,0,1,0,193,0,0,0,0,1,0,0
64,0,87,172,29.40778799351001,76,130,5.4,1,1,0,0,0,3,1,1,0,145,0,0,0,0,0,1,0
53,1,83,188,23.48347668628339,87,122,7.0,0,0,1,1,1,2,1,1,0,199,0,0,0,1,0,0,0
65,1,77,176,24.857954545454547,93,179,6.0,1,1,2,0,0,4,1,0,0,144,0,0,0,1,1,0,0
53,1,90,188,25.46401086464464,92,114,7.2,0,0,2,0,0,4,1,1,0,76,1,1,0,1,0,0,1
39,1,74,186,21.389756041160826,105,146,7.9,1,0,1,0,0,2,1,1,1,96,1,0,0,0,1,0,1
55,1,96,163,36.13233467574994,131,124,4.0,0,0,0,0,0,3,1,0,1,207,1,1,0,0,0,1,1
84,1,85,184,25.10633270321361,73,103,5.9,0,0,0,0,0,2,1,0,1,201,0,0,0,0,1,1,0
52,1,56,179,17.477606816266658,147,164,5.2,0,0,2,0,0,2,1,1,1,83,0,0,0,1,0,0,1
71,0,72,178,22.724403484408533,101,95,8.9,1,1,0,0,0,3,1,1,1,219,0,1,1,0,0,0,0
65,0,79,181,24.114038033027075,144,87,9.9,0,0,1,0,1,3,0,0,1,201,0,1,1,0,0,0,0
59,1,64,166,23.225431847873423,88,144,6.6,0,0,0,0,0,3,1,1,1,118,1,0,0,0,0,0,0
89,1,91,173,30.405292525644022,69,123,7.3,0,1,1,0,1,3,1,0,0,146,0,0,0,1,0,1,0
61,1,45,165,16.528925619834713,102,138,3.6,0,1,0,0,0,2,0,1,0,60,0,0,0,0,0,0,0
67,1,87,193,23.35633171360305,189,129,7.1,0,0,0,0,1,3,1,1,0,114,0,1,1,0,0,1,0
66,1,85,162,32.38835543362292,52,142,6.0,0,0,2,0,0,4,0,0,1,139,0,1,0,0,0,0,0
83,1,45,157,18.25631871475516,123,124,9.2,1,0,2,0,1,3,1,0,0,165,0,0,0,0,0,1,1
47,0,76,161,29.319856487018246,106,148,6.0,0,1,0,0,0,3,1,1,0,144,1,0,0,1,1,0,1
90,1,68,169,23.80869017191275,114,148,4.9,0,0,0,1,0,3,1,0,1,156,1,0,1,0,0,1,0
83,1,96,169,33.61226847799447,57,160,3.8,0,0,1,0,1,3,0,0,1,101,1,0,1,0,0,1,0
69,0,62,178,19.568236333796236,115,155,6.9,0,1,1,0,0,3,0,1,0,166,0,0,0,0,0,0,0
72,1,86,170,29.75778546712803,110,127,5.4,1,0,2,1,1,2,1,0,0,234,0,0,1,1,0,1,0
62,0,89,165,32.690541781450875,50,143,8.9,0,1,0,0,0,4,1,0,1,171,0,0,1,0,0,0,0
66,0,69,174,22.79032897344431,104,138,7.8,0,1,0,0,0,2,1,0,1,151,0,0,0,0,1,0,0
70,0,94,181,28.692652849424622,91,138,6.3,1,0,0,0,0,3,1,0,0,112,1,1,0,0,0,1,0
54,1,68,172,22.985397512168742,87,103,7.8,0,0,0,1,0,3,1,0,1,132,0,0,1,1,0,0,0
83,1,94,178,29.667971215755585,98,145,10.0,0,0,0,0,0,3,0,1,0,84,0,0,0,1,0,1,0
67,1,114,170,39.446366782006926,138,142,4.2,1,0,3,0,0,4,0,0,0,77,1,0,0,0,0,0,0
66,0,88,167,31.553659148768332,116,166,5.2,0,0,0,0,1,2,1,1,0,146,0,1,0,0,0,0,0
54,1,84,176,27.117768595041323,63,153,10.4,0,1,0,0,0,4,0,1,0,177,1,0,0,1,0,1,0
79,1,67,172,22.647376960519203,117,132,5.0,1,0,1,0,1,3,1,0,1,107,0,0,0,0,1,1,0
64,0,102,180,31.48148148148148,98,127,7.8,0,0,3,0,0,3,1,1,0,209,1,0,1,0,0,0,0
58,1,88,185,25.712198685171657,78,109,8.9,0,0,4,0,1,2,1,1,0,121,0,0,0,1,0,0,0
51,1,68,168,24.092970521541954,56,166,6.5,1,0,1,0,0,3,1,0,0,145,0,0,0,0,0,0,1
63,1,97,176,31.31456611570248,128,108,7.9,1,0,0,1,0,2,0,1,0,197,1,1,0,1,1,0,1
50,1,76,180,23.456790123456788,80,92,5.9,0,0,0,0,0,4,1,0,0,134,1,0,1,0,0,1,1
69,0,85,174,28.075042938300964,131,147,10.1,0,0,0,0,1,3,1,0,0,181,1,0,0,0,0,0,0
74,1,68,175,22.20408163265306,62,131,5.6,0,1,0,0,0,3,1,1,1,178,1,0,0,0,1,1,0
60,1,60,171,20.519134092541297,169,135,4.6,0,0,2,0,0,4,0,1,0,116,0,1,0,0,0,0,0
67,1,61,172,20.61925365062196,192,133,8.3,0,0,4,0,1,3,1,1,0,117,1,1,1,0,0,0,1
79,1,69,175,22.53061224489796,118,108,7.9,0,0,0,0,0,2,1,0,0,211,0,1,1,0,0,0,1
62,1,82,163,30.863035868869737,145,137,6.8,1,1,0,0,0,2,1,1,0,215,0,0,0,1,0,1,1
63,1,70,153,29.903028749626213,84,123,6.6,0,0,3,1,1,4,1,1,0,181,0,0,0,1,0,0,0
65,0,63,169,22.058051188683873,80,120,5.5,0,1,2,1,0,4,1,0,0,106,0,1,0,1,0,0,0
59,1,60,168,21.258503401360546,141,158,5.0,0,0,3,0,0,4,0,1,1,193,0,1,1,1,0,0,0
60,1,93,186,26.881720430107524,105,145,5.3,0,0,3,0,0,2,0,1,1,136,1,0,0,0,0,0,0
55,0,73,172,24.675500270416443,51,83,7.1,0,0,0,0,1,2,0,0,0,86,0,0,0,0,0,0,0
70,1,45,175,14.693877551020408,102,134,6.1,0,0,1,0,0,2,0,1,0,118,0,0,1,0,0,0,1
64,1,74,165,27.180899908172638,57,151,3.5,1,1,2,0,0,4,1,1,0,138,1,1,0,0,0,1,0
72,0,68,164,25.282569898869724,93,105,5.7,1,1,1,0,1,2,0,1,0,204,1,0,1,1,1,1,1
77,1,78,161,30.091431657729252,136,112,6.1,1,1,0,0,0,3,0,1,1,109,1,0,0,0,0,0,0
52,0,66,157,26.775934114974238,151,150,7.5,0,1,2,0,0,2,0,1,0,101,0,0,0,1,0,0,0
54,1,94,177,30.00414951003862,109,120,7.1,0,1,2,0,0,4,1,1,1,125,0,1,0,0,1,0,1
73,1,72,173,24.0569347455645,146,90,10.0,0,1,0,1,0,3,1,1,1,143,1,0,0,0,0,0,0
61,1,71,184,20.97117202268431,83,153,4.5,0,1,0,0,0,3,1,0,0,183,0,1,0,0,0,1,0
65,1,70,175,22.857142857142858,159,126,7.6,1,0,0,0,1,3,0,1,0,178,0,0,0,0,0,0,0
66,1,82,172,27.717685235262305,74,137,7.8,0,1,2,0,0,3,1,0,0,60,0,0,0,0,1,0,0
53,0,80,150,35.55555555555556,71,129,7.1,0,0,0,0,1,3,1,0,0,132,1,0,0,0,1,0,0
71,1,69,189,19.31636852271773,83,152,5.9,1,0,1,0,0,2,1,1,0,156,0,0,1,0,0,0,0
67,0,75,170,25.95155709342561,73,108,5.1,0,1,0,1,0,3,1,0,0,106,0,0,1,0,0,0,0
52,1,71,150,31.555555555555557,118,143,6.4,0,1,1,0,1,2,1,1,0,110,1,0,0,0,0,0,0
63,0,87,172,29.40778799351001,143,156,3.5,0,0,0,1,0,3,1,0,0,181,1,0,1,1,0,0,0
63,1,55,161,21.218317194552675,100,103,4.7,1,0,0,0,0,3,0,0,0,184,1,0,0,0,1,0,0
73,1,69,161,26.61934338952972,110,115,4.6,1,0,3,0,1,3,1,1,0,141,1,0,1,0,1,0,1
79,1,72,172,24.337479718766904,51,162,7.5,0,0,0,1,0,3,1,0,0,170,0,0,0,0,0,1,0
64,1,95,164,35.32123735871506,103,151,7.8,1,0,0,0,1,2,0,1,0,173,0,0,0,1,0,0,0
44,0,92,180,28.39506172839506,161,113,4.4,1,0,0,1,1,3,1,1,0,95,1,0,0,1,0,0,0
73,1,80,168,28.344671201814062,149,105,3.9,1,1,1,0,0,3,1,1,1,95,1,1,0,0,0,0,1
90,0,60,173,20.04744562130375,61,135,3.6,1,0,0,0,1,2,0,1,0,130,1,0,0,1,0,0,1
73,0,75,175,24.489795918367346,84,136,8.5,0,0,2,1,0,2,1,1,0,115,0,0,0,0,0,1,0
61,1,103,172,34.81611681990265,219,128,8.3,0,0,0,0,1,2,1,1,1,120,0,0,0,1,0,0,0
69,1,72,172,24.337479718766904,114,176,7.8,0,1,2,0,1,3,1,0,1,145,1,1,0,0,0,1,0
74,0,76,171,25.990903183885642,153,142,9.5,0,1,0,0,0,2,0,1,0,145,1,0,1,1,0,0,0
66,0,77,184,22.743383742911153,155,113,10.1,1,1,1,0,0,3,1,0,0,60,1,1,1,0,0,1,1
80,1,62,178,19.568236333796236,60,151,4.5,0,1,3,1,1,3,1,1,1,154,0,1,1,1,0,0,0
51,1,62,163,23.335466144755166,125,131,5.7,0,0,0,0,1,4,1,1,0,137,0,0,0,0,0,1,0
60,0,62,158,24.83576349943919,106,116,8.1,0,0,4,0,1,4,0,1,1,161,0,0,0,0,0,0,0
70,0,70,162,26.672763298277697,160,148,3.5,0,0,1,0,1,2,1,1,0,117,1,1,0,0,0,0,0
73,1,81,174,26.7538644470868,168,159,6.0,0,1,2,0,0,3,1,0,0,118,0,0,0,0,1,1,0
58,0,77,158,30.844415958980928,70,134,8.4,0,0,1,0,0,2,1,1,0,130,0,0,0,0,0,0,0
59,1,82,163,30.863035868869737,220,110,5.8,0,1,0,1,1,2,0,1,1,203,1,1,0,1,1,0,0
57,0,107,156,43.96778435239973,105,132,8.0,0,0,0,1,0,2,1,0,1,129,1,0,0,0,1,0,0
56,0,113,179,35.26731375425236,122,110,3.5,0,0,0,0,1,3,1,0,0,205,1,0,0,0,0,0,0
71,0,76,176,24.535123966942148,50,134,7.1,0,1,1,0,1,2,1,1,0,198,0,0,0,1,0,0,0
64,1,88,178,27.77427092538821,135,145,5.6,1,0,1,0,1,3,1,0,1,133,1,1,0,0,0,1,1
80,0,84,165,30.85399449035813,50,90,6.0,1,1,4,0,0,4,1,0,0,124,0,0,0,0,0,0,1
51,1,91,152,39.387119113573405,94,144,4.6,0,0,3,0,1,3,1,1,0,126,1,0,0,1,0,0,0
63,1,90,161,34.72088268199529,80,122,9.7,1,1,2,1,0,3,0,0,0,142,1,0,1,0,1,1,0
73,0,67,156,27.531229454306374,116,118,6.6,0,0,0,0,0,3,0,1,1,122,0,0,0,0,0,0,0
69,0,104,156,42.73504273504273,106,103,6.8,1,1,0,0,1,3,1,0,0,186,0,1,0,0,1,0,1
51,0,97,181,29.60837581270413,120,108,10.6,1,0,0,1,1,3,1,0,0,117,1,0,0,0,0,0,0
78,0,89,167,31.912223457277065,143,165,4.7,0,0,1,0,0,3,1,1,0,193,0,0,0,0,1,1,0
66,0,85,172,28.73174689021093,64,146,6.8,1,0,0,0,1,3,1,0,0,103,0,0,1,0,0,1,0
88,0,80,181,24.41927902078691,92,155,5.1,0,0,0,0,0,3,0,0,0,66,1,0,1,0,0,0,0
63,0,78,159,30.853209920493647,70,112,5.0,1,0,1,0,1,2,0,1,1,60,0,0,0,0,1,0,1
78,0,86,176,27.763429752066116,67,165,7.1,0,0,0,0,1,3,1,1,1,122,1,1,1,0,1,1,1
60,1,78,155,32.46618106139438,167,128,5.9,0,0,2,0,0,3,0,0,0,109,0,1,0,0,0,0,0
62,0,80,172,27.041644131963228,55,114,10.5,1,1,1,0,0,4,1,1,0,107,1,0,0,0,0,0,0
70,0,75,180,23.148148148148145,71,108,10.1,0,1,0,0,0,2,0,0,0,199,0,0,0,1,0,0,0
44,0,72,158,28.841531805800347,176,109,6.2,0,0,4,1,0,3,1,0,1,113,0,1,1,0,0,0,0
40,0,103,178,32.50852165130665,95,115,3.5,0,1,1,0,0,3,1,0,0,60,0,0,1,1,0,0,0
56,1,78,172,26.365603028664147,97,112,5.9,0,0,0,0,0,4,0,0,1,178,1,0,0,0,0,0,0
49,0,70,165,25.71166207529844,114,148,8.6,1,0,0,0,0,2,1,0,0,216,0,1,0,0,0,0,0
37,1,79,157,32.049981743681286,57,180,4.7,1,0,4,1,1,2,1,1,1,172,0,1,0,1,0,1,0
73,1,58,172,19.60519199567334,67,125,9.7,0,1,3,0,0,2,1,1,0,116,0,0,1,1,0,1,0
55,1,90,174,29.72651605231867,78,125,7.7,1,1,0,0,1,2,1,0,1,158,0,1,0,1,0,0,0
60,1,77,166,27.94309769197271,136,92,4.2,0,1,3,0,1,4,1,0,0,109,0,0,0,0,0,0,0
66,1,71,160,27.734374999999993,123,111,5.2,1,0,1,0,1,3,1,1,0,101,0,0,0,0,1,1,1
71,1,70,177,22.34351559258195,77,97,5.5,0,0,0,0,0,3,1,0,0,140,1,0,0,0,0,1,0
68,1,53,181,16.17777235127133,95,146,4.9,0,0,2,1,0,4,0,0,0,147,0,1,0,1,0,0,0
67,0,104,179,32.45841265878094,127,168,4.2,0,1,0,0,1,2,1,0,1,139,0,1,0,0,0,1,0
70,1,79,185,23.08254200146092,50,108,5.3,0,1,0,0,0,4,1,1,0,233,0,1,0,0,0,1,0
59,0,104,163,39.14336256539576,110,125,5.7,0,1,0,0,0,3,1,0,0,152,0,0,0,1,0,0,0
56,0,73,155,30.38501560874089,126,125,9.1,1,1,1,0,1,2,1,1,0,197,0,1,0,0,0,0,0
37,1,83,174,27.414453692693883,67,143,7.4,0,1,2,1,1,3,1,1,1,261,0,0,0,0,0,0,0
72,0,88,165,32.323232323232325,122,132,7.5,0,1,1,0,0,4,1,1,1,126,0,0,0,0,0,0,0
56,1,84,179,26.216410224399986,100,172,7.2,0,1,0,0,1,3,1,1,1,157,0,0,0,0,0,0,0
88,1,70,159,27.688778133776353,163,115,4.9,1,1,2,1,0,4,0,0,0,190,1,1,1,1,1,0,0
73,1,50,160,19.531249999999996,81,147,8.8,0,0,0,1,0,4,1,1,1,156,0,0,0,0,1,1,0
76,0,110,170,38.062283737024224,120,118,5.6,1,1,4,0,0,3,1,1,0,136,1,1,0,1,1,1,0
73,0,66,171,22.571047501795427,50,97,5.8,0,1,1,0,0,2,1,0,1,267,1,1,1,0,1,1,0
71,0,115,176,37.12551652892562,102,158,7.3,0,0,0,1,0,2,1,1,0,209,0,0,0,1,0,0,0
70,1,67,169,23.458562375266975,128,167,11.5,0,1,1,0,0,3,1,1,1,60,0,1,0,0,0,0,0
71,1,97,150,43.111111111111114,81,138,5.4,0,1,1,0,1,3,1,1,0,217,0,1,0,0,0,1,0
67,1,85,195,22.353714661406972,139,117,3.5,0,0,0,0,0,2,1,0,0,230,0,1,0,0,0,0,1
57,1,86,170,29.75778546712803,132,107,7.1,0,1,0,0,0,4,0,1,0,209,0,1,0,0,0,0,0
50,1,67,195,17.61998685075608,105,141,7.9,0,0,4,0,1,4,0,0,0,187,0,0,0,0,1,0,1
70,1,70,168,24.801587301587304,90,87,5.6,0,0,0,0,1,3,1,0,0,227,1,1,0,1,0,0,0
80,1,71,159,28.084332107116012,50,147,5.3,1,0,0,0,1,3,1,0,1,194,0,1,1,0,0,0,0
63,1,79,166,28.668892437218755,77,121,4.0,0,0,1,0,0,3,0,0,0,178,1,0,0,0,0,0,1
66,0,73,181,22.282592106468055,138,121,7.2,0,1,0,0,1,2,0,0,0,156,0,1,0,0,0,0,0
49,1,68,176,21.952479338842977,90,108,10.4,0,0,0,0,0,2,1,0,0,96,1,0,0,0,0,1,0
59,1,62,173,20.715693808680545,115,101,9.9,0,1,0,0,1,3,1,1,0,81,0,0,0,0,0,1,0
50,1,64,169,22.40817898532965,83,128,7.1,0,0,2,0,0,3,1,0,1,188,1,0,0,0,0,0,1
51,0,83,171,28.384802161348794,50,133,5.7,1,0,0,0,1,3,1,1,0,187,0,0,0,1,0,1,0
66,1,64,168,22.67573696145125,126,128,7.3,1,0,1,0,1,3,0,0,0,147,1,0,0,0,1,1,0
64,0,58,181,17.70397729007051,57,151,5.9,0,1,0,1,0,3,1,0,0,107,0,0,0,1,1,0,0
74,1,77,179,24.031709372366656,90,131,5.2,1,1,1,0,1,2,1,0,0,93,1,0,0,1,0,1,1
74,1,45,160,17.578124999999996,112,144,6.8,0,0,1,1,0,3,1,0,0,131,0,0,1,0,1,0,0
54,1,74,155,30.80124869927159,76,100,9.1,1,1,0,0,0,3,1,1,0,185,0,0,0,0,0,0,0
41,0,76,157,30.832893829364274,154,121,6.1,0,0,0,1,1,2,1,0,1,261,0,1,0,1,1,0,0
53,1,83,166,30.120481927710845,169,159,6.1,0,1,1,1,0,2,1,0,1,148,1,0,0,0,0,1,1
56,0,80,172,27.041644131963228,71,149,6.0,1,1,2,1,1,2,1,0,1,164,1,0,0,0,0,0,0
71,0,55,169,19.257028815517668,73,136,8.1,0,0,0,0,0,2,1,0,0,206,0,0,0,0,1,0,0
72,1,72,176,23.243801652892564,84,122,8.2,0,1,1,0,0,2,1,0,1,146,0,0,0,0,1,1,0
64,1,84,169,29.410734918245165,140,111,4.3,1,1,3,0,1,2,0,0,0,168,0,0,0,0,0,0,0
73,0,81,185,23.66691015339664,117,119,6.1,1,1,0,0,0,2,1,1,0,191,0,0,1,0,1,0,0
90,0,63,175,20.571428571428573,126,142,8.7,1,1,4,0,0,3,0,1,0,205,1,1,1,0,1,0,0
63,1,81,170,28.027681660899656,146,90,5.8,0,0,2,0,1,2,1,0,1,152,0,0,0,1,0,1,0
62,1,88,154,37.10575139146568,68,165,9.3,0,0,0,0,1,3,1,1,0,125,0,1,0,1,0,1,0
54,0,60,173,20.04744562130375,117,154,7.9,1,1,0,0,1,4,1,0,0,160,0,0,0,0,0,0,1
68,0,45,174,14.863258026159334,101,154,10.0,0,0,0,0,0,3,0,1,0,65,0,0,0,0,0,1,0
78,0,101,162,38.48498704465782,115,142,5.9,0,1,0,0,1,3,1,1,0,164,0,0,0,1,0,0,0
59,1,79,158,31.64556962025316,140,132,7.9,0,0,1,1,1,2,0,0,1,193,0,0,0,0,0,0,0
60,1,68,180,20.98765432098765,94,137,8.0,1,1,0,1,1,3,1,0,1,234,0,0,1,0,1,1,0
58,1,67,160,26.171874999999996,75,122,8.7,0,0,0,0,0,3,1,0,1,196,1,1,0,0,0,1,1
51,1,77,171,26.332888752094664,63,172,7.2,0,0,4,0,1,4,1,0,0,60,1,1,0,0,0,1,0
66,1,90,170,31.14186851211073,161,127,8.7,0,0,0,0,0,3,1,0,0,219,0,1,0,1,0,0,0
67,1,52,174,17.17532038578412,98,120,5.2,0,1,2,0,0,3,0,1,0,223,0,0,0,1,1,0,0
64,1,68,160,26.562499999999996,52,124,6.4,0,0,1,1,0,3,0,1,0,103,1,0,0,1,0,0,0
87,1,99,168,35.0765306122449,148,115,3.5,0,0,0,0,1,3,1,1,0,129,0,0,1,0,0,1,0
69,0,87,160,33.98437499999999,50,146,6.0,0,0,2,1,0,3,1,0,0,221,0,0,1,0,1,1,0
51,0,86,170,29.75778546712803,50,119,4.8,0,1,0,0,0,3,1,1,0,152,1,0,1,0,0,1,0
72,0,81,175,26.448979591836736,88,127,7.2,0,0,2,0,0,3,0,1,0,120,0,0,1,0,0,1,0
60,1,79,178,24.933720489837143,80,156,8.5,0,0,3,1,0,3,0,1,0,112,1,1,1,0,0,0,1
61,1,67,184,19.78969754253308,110,151,7.6,1,0,0,0,0,2,0,1,0,281,1,0,1,1,0,1,0
62,1,66,167,23.66524436157625,50,109,8.1,0,0,0,1,1,3,1,1,0,189,0,0,0,0,0,1,0
61,1,87,167,31.1950948402596,111,153,6.7,0,0,0,0,1,3,1,1,1,136,0,0,0,0,0,0,0
68,1,66,182,19.925129815239703,144,101,6.2,0,0,3,0,0,4,0,1,1,221,0,1,0,1,0,0,1
90,1,79,175,25.79591836734694,65,99,4.2,0,0,2,1,0,2,1,1,0,145,1,0,1,0,0,1,0
60,1,77,182,23.24598478444632,86,123,3.5,0,0,0,0,1,2,1,0,1,210,1,0,0,1,0,0,0
66,0,107,189,29.954368578707204,71,135,3.5,1,0,0,0,1,4,1,0,0,179,0,0,0,0,0,0,0
67,0,72,161,27.776706145596233,111,125,5.2,0,0,0,0,1,2,1,1,0,133,0,0,0,0,0,0,1
58,0,92,178,29.036737785633125,62,138,8.3,1,1,0,0,0,3,1,0,1,174,0,0,0,0,1,0,0
60,0,85,164,31.603212373587155,57,122,4.0,1,1,0,0,1,2,0,0,0,176,0,0,0,0,0,0,0
76,0,73,185,21.32943754565376,94,88,4.9,1,0,0,0,1,4,1,0,0,190,0,1,1,1,0,1,0
58,0,56,158,22.432302515622492,111,126,5.6,0,1,0,0,0,2,0,1,1,231,0,0,0,1,0,0,1
54,1,74,179,23.095409007209515,105,99,9.1,0,0,2,0,1,2,1,1,0,260,0,0,0,0,1,1,0
86,1,88,164,32.718619869125526,84,130,6.4,1,0,0,0,0,3,1,0,1,170,0,1,1,1,0,0,0
50,1,56,175,18.285714285714285,123,104,6.8,1,1,1,1,1,2,0,0,1,60,0,0,0,0,0,0,1
75,0,87,182,26.26494384736143,108,140,7.3,1,0,0,0,1,3,1,1,1,193,1,0,0,0,0,1,0
62,0,95,163,35.75595618954421,59,157,9.3,1,0,0,0,0,3,1,0,0,136,1,0,0,1,0,0,0
50,1,76,155,31.63371488033298,50,95,6.7,0,1,0,1,1,3,1,0,1,65,0,0,0,0,0,1,0
60,0,88,167,31.553659148768332,118,89,3.5,0,0,0,0,1,4,0,1,1,184,0,0,0,0,1,0,0
62,1,77,166,27.94309769197271,91,123,6.8,0,0,1,0,1,3,0,0,0,171,1,0,1,0,0,1,0
45,1,83,157,33.6727656294373,61,152,9.4,0,1,2,1,1,2,1,0,1,109,0,1,0,1,0,0,0
70,1,97,150,43.111111111111114,156,133,7.8,0,1,0,1,0,2,0,1,0,90,0,1,0,1,0,0,0
68,1,51,182,15.396691220867044,156,121,6.9,1,0,0,0,0,3,0,0,1,219,0,1,0,0,1,0,0
60,1,63,184,18.608223062381853,144,108,7.2,0,0,2,1,0,3,1,0,0,175,1,0,0,1,0,0,0
70,1,93,163,35.00319921713275,107,144,3.5,0,0,0,0,0,4,1,1,0,110,0,0,0,0,0,0,0
67,1,96,167,34.42217361683818,50,160,3.5,0,1,3,0,0,2,1,0,0,183,0,0,0,1,1,0,0
80,1,53,178,16.72768589824517,141,92,8.3,1,0,4,0,0,2,1,0,0,128,0,1,0,1,0,0,0
52,1,98,178,30.930438076000502,67,135,9.1,0,1,3,1,0,3,0,0,1,177,0,0,0,0,0,0,0
61,1,45,187,12.868540707483769,80,180,5.2,0,0,0,0,0,2,1,0,0,165,0,0,0,0,1,0,0
77,1,84,176,27.117768595041323,131,117,6.9,1,1,0,0,0,2,1,1,0,60,0,0,0,0,1,1,0
71,1,78,159,30.853209920493647,171,126,7.7,0,1,2,0,0,4,1,1,0,155,0,0,0,0,0,1,0
37,1,64,177,20.428357113217785,153,129,9.8,0,0,0,1,0,3,1,1,1,141,1,0,0,1,0,0,1
44,0,64,163,24.088223117166624,106,121,6.3,1,1,0,0,1,2,1,1,0,112,1,1,0,0,1,1,1
65,0,65,169,22.758306781975424,125,151,8.0,0,0,0,0,1,3,1,0,1,86,1,0,1,1,0,1,1
84,0,71,181,21.672110130948383,61,166,10.5,1,1,1,1,0,2,0,0,0,139,1,0,0,1,0,0,1
59,1,104,160,40.62499999999999,50,95,5.9,0,1,3,1,1,2,0,0,0,132,0,0,0,0,0,0,0
72,1,87,169,30.461118308182492,137,111,6.6,0,1,1,0,1,2,1,1,0,182,0,0,0,1,0,0,0
65,1,96,157,38.946813258144346,111,154,4.3,0,1,1,0,0,3,1,0,1,142,0,0,0,0,0,0,0
71,1,70,160,27.343749999999996,50,142,4.4,0,0,2,0,1,3,1,1,0,154,0,1,0,0,0,0,0
77,0,78,164,29.000594883997625,98,138,8.3,0,0,2,1,1,2,1,1,1,166,1,0,0,1,0,1,0
76,1,58,186,16.76494392415308,121,143,8.9,1,1,3,0,0,2,0,0,1,126,1,1,0,1,0,0,1
75,1,70,170,24.221453287197235,131,131,8.8,1,0,0,0,0,3,1,1,0,100,0,0,1,1,0,0,0
57,0,66,195,17.357001972386588,121,139,4.4,1,0,4,1,1,3,1,0,0,260,0,0,0,1,0,0,0
63,1,82,179,25.592209980961893,87,123,6.1,0,0,0,1,0,4,0,0,0,146,0,0,1,0,0,0,0
71,1,64,179,19.97440779001904,70,125,7.5,1,1,0,0,0,2,1,1,1,139,1,1,0,0,1,0,1
70,1,62,159,24.524346347059055,104,128,3.5,0,1,1,1,1,3,0,1,0,220,0,0,0,0,0,0,1
72,0,80,168,28.344671201814062,128,121,7.4,1,0,0,0,1,2,1,1,1,244,1,1,1,1,0,1,0
43,1,74,158,29.642685467072578,131,139,10.3,1,0,0,0,0,2,0,1,0,222,0,0,0,0,1,0,0
79,1,64,166,23.225431847873423,155,135,8.8,0,0,4,0,1,3,1,1,0,130,1,0,1,0,0,0,1
44,0,62,165,22.77318640955005,101,92,3.5,0,0,0,1,1,3,1,0,0,167,0,0,0,0,1,0,0
55,1,64,169,22.40817898532965,61,125,7.3,0,1,4,1,0,3,1,1,0,179,1,0,0,0,0,0,0
67,1,87,178,27.458654210326976,138,130,6.9,0,0,1,1,0,2,0,1,0,261,0,0,0,1,0,0,0
64,0,81,167,29.043708989207214,102,160,7.0,0,0,4,0,1,4,1,0,1,171,0,1,0,1,0,0,0
82,1,63,178,19.883853048857468,55,124,6.7,1,0,3,0,0,2,1,1,1,173,0,0,1,1,0,0,1
50,0,64,155,26.638917793964616,121,131,5.8,0,0,1,1,0,2,1,0,0,99,1,1,1,0,0,0,1
60,1,57,174,18.826793499801823,149,128,3.5,0,0,1,0,0,3,1,1,0,87,1,1,0,0,1,0,0
41,1,69,165,25.344352617079892,113,156,7.1,0,1,4,0,1,4,1,0,0,217,0,0,1,0,0,0,1
66,1,76,172,25.689561925365066,149,106,7.8,1,1,1,0,0,4,1,0,1,167,0,0,0,0,1,1,0
62,0,61,178,19.252619618735007,83,114,5.4,0,0,0,1,0,2,1,0,1,172,1,1,0,0,0,0,0
50,0,107,155,44.5369406867846,74,112,9.0,0,0,4,0,1,2,1,0,1,203,0,0,0,1,1,1,0
80,1,84,184,24.8109640831758,129,130,3.5,0,0,0,0,0,3,0,1,1,192,0,0,0,0,0,0,0
77,0,74,168,26.218820861678008,87,100,3.5,0,1,0,0,0,3,1,1,0,186,0,0,1,0,0,0,0
65,1,76,188,21.50294250792214,142,159,6.7,1,1,2,1,0,3,0,1,1,181,1,0,0,0,0,1,1
78,1,54,170,18.68512110726644,105,138,5.1,0,0,0,0,0,2,0,0,0,156,1,0,0,1,0,1,0
63,1,57,183,17.020514198692105,142,141,8.4,1,0,0,0,0,2,1,1,1,160,0,1,0,1,0,1,0
73,0,94,170,32.52595155709343,122,172,5.6,1,0,1,1,0,2,1,1,0,195,1,1,0,0,1,1,0
75,1,99,172,33.46403461330449,68,123,9.2,0,0,0,0,1,4,1,0,1,103,0,0,1,1,0,0,0
52,0,45,171,15.389350569405973,50,147,5.1,1,0,1,1,0,3,1,0,0,97,1,0,0,0,0,0,1
70,1,82,167,29.402273297715947,127,141,6.8,0,1,1,0,1,4,1,0,1,154,1,1,0,0,0,0,0
67,0,95,167,34.06360930832945,119,160,3.5,1,1,1,0,1,3,1,1,0,157,1,0,0,1,0,1,1
52,1,69,172,23.323418063818284,64,143,6.4,0,1,3,1,1,3,1,1,0,186,0,0,0,1,0,0,0
49,1,97,175,31.6734693877551,127,119,6.6,0,1,2,0,0,2,1,0,1,138,1,0,0,0,0,1,0
70,0,86,172,29.069767441860467,148,138,8.9,0,0,1,0,0,4,1,1,0,111,0,1,0,0,0,1,0
61,1,81,175,26.448979591836736,75,117,3.5,0,1,1,1,1,4,1,0,0,180,1,0,0,1,0,1,0
47,1,71,154,29.93759487265981,50,120,5.9,0,1,2,0,0,2,0,1,0,217,0,0,0,0,1,0,0
71,1,76,179,23.719609250647608,133,129,9.4,1,0,0,0,1,2,0,0,0,168,1,1,0,0,0,0,1
76,1,68,162,25.910684346898332,144,126,9.7,0,1,1,0,0,2,1,0,0,77,1,0,1,0,0,0,0
50,0,79,153,33.74770387457816,74,112,4.8,0,0,1,1,0,4,0,1,1,163,0,0,1,0,0,0,0
64,1,78,188,22.068809416025353,127,84,5.1,0,1,1,1,1,2,0,1,0,60,1,0,0,0,1,0,0
83,0,68,184,20.085066162570886,111,135,3.5,1,0,4,0,1,2,0,0,1,147,1,1,0,0,1,0,1
54,0,45,169,15.75575084905991,96,137,3.5,1,0,0,0,1,4,1,1,0,60,1,0,0,0,1,0,0
85,1,72,180,22.22222222222222,120,137,5.7,1,0,0,0,0,3,0,0,0,128,0,1,1,0,0,0,0
61,0,59,166,21.410944984758313,82,168,5.2,0,0,3,0,1,4,0,0,0,175,0,0,0,0,0,0,0
64,1,58,165,21.30394857667585,61,99,10.6,1,1,3,0,0,3,1,1,1,135,0,1,0,0,1,0,0
48,1,64,164,23.795359904818564,114,161,7.2,0,0,2,0,1,3,1,1,0,207,1,0,0,1,0,0,0
48,1,87,163,32.74492829989838,109,179,6.1,0,1,1,0,0,4,1,1,0,160,1,0,0,0,0,0,1
57,1,58,167,20.796729893506402,50,165,7.8,0,1,1,0,1,3,0,0,0,93,1,0,0,0,0,1,1
75,1,61,162,23.243408017070564,58,123,8.6,1,1,0,0,1,3,1,1,1,195,1,1,0,0,0,1,1
90,1,85,150,37.77777777777778,76,139,8.9,0,1,1,0,0,3,1,1,1,184,0,0,1,1,0,0,0
90,1,63,168,22.321428571428577,118,114,7.0,1,1,1,1,0,4,1,1,1,213,0,0,0,0,0,0,0
63,0,58,160,22.656249999999996,50,116,6.5,0,0,0,0,1,4,0,1,1,185,0,0,0,1,0,0,0
60,1,87,172,29.40778799351001,88,164,6.8,0,1,3,1,1,2,1,1,0,173,1,0,0,1,0,1,0
53,0,73,167,26.175194521137367,167,143,6.4,1,0,1,0,0,2,1,0,0,100,0,1,0,0,0,1,0
78,0,75,176,24.212293388429753,102,145,5.4,1,0,3,0,1,3,0,0,0,190,1,1,1,1,1,1,0
56,1,71,170,24.56747404844291,104,107,8.6,1,0,0,0,1,2,1,1,1,142,1,1,1,0,0,1,0
62,0,81,157,32.86137368655929,97,100,6.1,0,1,0,0,0,3,1,0,0,190,1,0,0,1,0,0,1
70,1,85,157,34.484157572315304,134,151,4.5,0,0,0,1,1,3,1,0,0,261,1,1,1,1,0,0,0
70,1,73,157,29.61580591504726,101,138,6.5,0,0,1,1,0,2,0,1,0,210,0,0,0,0,0,1,0
57,1,52,161,20.060954438486167,92,124,7.9,0,1,1,0,0,4,0,1,1,164,1,0,0,0,0,1,1
63,1,79,162,30.102118579484827,105,164,3.6,0,0,3,0,0,4,1,0,0,153,1,0,0,1,0,0,0
57,0,69,179,21.534908398614277,146,141,6.0,0,0,0,0,1,4,1,1,0,129,0,0,0,0,0,1,0
55,0,87,171,29.75274443418488,114,112,4.9,0,0,1,1,0,2,1,1,0,60,1,0,0,0,0,0,0
52,0,61,151,26.753212578395683,102,91,10.9,1,0,2,0,0,2,1,1,0,152,1,0,0,0,0,1,1
47,1,70,161,27.005130974885226,141,141,6.7,1,1,0,0,1,3,1,1,1,124,0,1,1,0,1,1,0
69,0,52,169,18.20664542558034,81,120,9.6,0,0,3,1,0,3,0,0,1,166,0,1,1,0,0,0,1
62,1,86,159,34.01764170721095,50,127,7.0,1,1,0,1,0,2,1,1,0,124,0,0,0,0,0,0,0
51,0,93,170,32.17993079584775,115,125,7.2,0,1,1,0,0,2,0,0,1,161,0,0,1,0,0,0,1
50,0,67,161,25.847768218818715,115,158,6.4,0,0,1,0,0,3,1,1,0,212,0,0,0,0,0,1,0
50,1,72,168,25.510204081632658,78,146,6.1,1,0,0,1,1,3,1,1,0,157,0,1,0,1,0,1,0
57,1,62,164,23.051754907792983,90,128,6.4,0,1,0,1,1,3,1,1,0,95,0,0,0,0,0,1,0
78,1,64,171,21.887076365377382,144,127,5.2,0,0,1,0,1,3,1,0,0,108,1,0,1,1,0,0,0
56,1,85,184,25.10633270321361,115,135,6.5,0,1,0,1,1,3,0,0,1,184,0,0,0,1,0,0,0
71,1,67,178,21.146319909102385,151,156,3.5,1,0,0,0,0,3,0,1,0,187,1,1,0,1,0,1,1
83,1,82,159,32.4354258138523,109,131,6.8,0,1,1,0,0,3,1,1,0,106,1,0,1,1,0,1,0
67,0,74,195,19.46088099934254,94,118,4.1,1,0,1,0,0,3,1,1,0,148,1,0,0,0,1,0,1
55,1,86,181,26.25072494734593,124,105,6.7,0,1,2,1,0,2,0,1,0,195,0,0,0,1,0,0,1
63,1,69,163,25.970115548195267,112,128,7.1,0,1,0,0,1,4,1,0,0,236,1,0,0,1,0,1,1
64,1,91,161,35.10667026735079,115,106,9.3,0,0,0,1,1,3,1,0,0,158,1,0,0,1,0,0,0
85,0,103,173,34.414781649904775,91,136,7.1,1,0,2,0,0,3,1,1,0,140,1,0,1,0,0,1,0
44,0,49,177,15.640460914807365,79,139,6.0,0,1,1,0,0,3,1,0,0,131,1,0,1,0,0,0,0
78,1,73,187,20.875632703251448,81,153,5.2,0,1,2,0,1,2,0,0,0,157,0,0,1,0,0,0,0
44,1,73,175,23.836734693877553,118,125,7.9,0,1,0,0,1,2,1,1,0,219,0,0,0,1,0,1,0
74,1,64,163,24.088223117166624,122,150,6.3,0,0,3,0,1,2,1,0,0,157,0,1,0,0,1,0,0
60,1,81,164,30.116002379535995,50,162,5.0,1,1,0,1,0,3,0,1,0,174,0,0,0,1,0,1,0
86,1,91,176,29.3775826446281,74,131,6.8,0,1,0,0,1,4,1,1,0,78,0,0,1,1,1,1,0
73,0,45,156,18.49112426035503,50,174,3.5,0,0,1,0,1,3,0,1,1,229,0,0,1,0,0,0,0
71,1,45,184,13.291587901701323,82,158,6.7,0,1,4,1,1,3,1,0,1,216,1,0,0,0,0,0,0
53,1,99,164,36.808447352766215,78,120,4.9,0,0,0,0,1,3,1,0,1,135,1,0,0,0,0,0,0
86,1,71,179,22.15910864205237,105,180,5.8,0,1,2,0,0,4,1,0,0,144,1,1,1,0,0,0,0
90,1,76,181,23.198315069747565,106,128,10.5,0,1,0,0,1,3,0,0,1,208,1,1,0,1,0,0,1
89,0,58,195,15.253122945430638,174,157,5.5,0,0,0,0,0,3,0,1,0,297,1,1,1,1,0,0,0
52,0,75,166,27.21730294672667,113,142,8.1,0,0,0,0,0,2,0,0,1,65,0,1,0,0,0,0,0
62,1,95,167,34.06360930832945,122,136,8.6,0,1,1,0,1,2,0,1,0,124,1,0,0,1,1,0,1
50,0,82,166,29.757584555087824,50,156,8.2,1,1,0,0,0,3,0,1,0,130,1,0,1,0,1,0,0
57,0,77,171,26.332888752094664,88,133,7.2,0,0,0,0,0,2,0,0,0,202,1,0,0,0,0,0,0
68,0,48,163,18.06616733787497,62,128,4.3,1,0,0,0,0,4,0,0,0,167,1,0,0,0,0,0,1
73,1,86,182,25.963047941069917,120,129,5.2,0,0,1,0,1,3,1,1,0,124,1,0,0,0,0,0,1
71,0,75,180,23.148148148148145,101,107,4.2,1,0,0,0,1,3,0,1,1,79,0,0,1,1,1,0,1
44,1,65,167,23.306680053067517,88,151,5.8,0,1,0,0,0,3,0,1,0,200,0,0,0,1,0,0,0
64,1,84,162,32.00731595793324,133,116,5.8,0,1,0,0,0,3,1,0,0,139,1,0,0,0,1,0,0
71,1,62,165,22.77318640955005,90,134,4.7,0,1,0,0,1,3,0,0,0,92,0,0,0,0,0,0,0
76,1,83,165,30.48668503213958,146,130,7.6,0,0,2,0,1,3,0,1,0,115,1,0,1,1,1,0,0
70,1,93,174,30.71739992072929,146,142,5.5,1,0,0,1,1,2,1,0,0,128,1,1,0,1,1,0,0
70,0,77,171,26.332888752094664,77,129,5.8,0,0,1,1,0,3,1,1,0,135,1,0,1,0,0,0,0
62,1,68,178,21.461936624163616,138,124,3.5,0,0,0,0,1,4,0,0,0,97,1,0,1,0,0,0,1
68,0,66,184,19.494328922495274,103,138,6.6,0,1,2,0,0,2,0,1,1,98,1,0,1,0,0,0,1
90,0,80,172,27.041644131963228,86,136,6.3,0,0,2,0,1,3,1,1,1,268,1,0,1,1,0,0,0
79,0,68,175,22.20408163265306,113,108,5.3,0,0,0,0,0,2,0,0,0,166,1,0,0,0,0,0,0
69,0,110,194,29.227335529811885,50,127,7.3,0,1,0,0,1,2,1,0,0,129,0,1,0,1,1,0,0
73,1,53,175,17.306122448979593,81,155,6.7,1,1,0,1,1,3,0,1,1,168,0,0,1,0,0,0,0
65,0,73,165,26.813590449954088,114,179,7.7,1,0,1,0,1,3,1,0,0,158,0,0,0,0,0,0,0
65,0,79,169,27.660095935016283,89,95,7.8,0,0,0,0,1,3,1,0,0,104,1,0,1,0,0,1,0
76,0,77,153,32.89333162458883,137,146,7.9,0,0,0,0,1,4,1,1,0,60,0,0,0,1,0,0,0
57,1,66,175,21.551020408163264,86,132,9.8,0,0,1,0,0,2,0,1,1,123,0,0,0,0,0,0,0
63,1,93,164,34.577632361689474,104,118,6.8,0,0,0,0,0,3,1,1,0,140,0,0,1,0,0,1,0
48,1,85,161,32.79194475521777,95,121,4.6,0,1,1,0,0,3,1,1,1,144,0,0,0,0,0,0,0
74,1,86,161,33.17773234057328,50,111,5.6,0,1,0,1,1,4,1,1,0,60,1,0,1,1,0,1,0
77,0,64,181,19.53542321662953,113,102,5.7,0,0,4,1,0,2,1,0,0,274,1,1,0,1,0,0,0
72,0,68,167,24.38237297859371,111,137,4.7,1,1,0,0,1,2,0,0,1,270,0,1,1,0,0,0,1
62,1,82,177,26.173832551310287,50,165,3.5,0,0,0,0,0,4,1,1,1,172,1,0,1,0,0,1,0
64,0,58,173,19.37919743392696,50,137,7.0,0,1,1,1,1,3,0,0,0,151,0,0,1,0,0,0,0
66,1,84,172,28.393726338561386,84,133,6.6,1,1,0,1,1,4,0,0,0,121,1,0,0,1,1,0,1
78,0,73,166,26.491508201480624,143,117,10.3,1,0,2,1,1,3,1,0,1,178,1,1,1,1,0,0,1
77,0,90,174,29.72651605231867,195,111,10.2,0,0,2,0,0,3,0,1,0,144,0,1,0,0,1,0,0
47,1,68,165,24.977043158861342,50,130,7.9,1,1,0,0,0,3,1,0,1,212,1,1,0,0,0,1,0
54,1,102,171,34.88252795732021,156,109,7.6,1,1,2,0,1,4,0,0,0,195,1,0,0,0,1,0,0
70,1,81,181,24.724520008546747,140,152,4.8,1,0,2,1,1,2,1,1,0,107,0,1,0,1,0,0,1
48,0,82,183,24.48565200513601,79,118,6.9,1,0,0,0,1,2,1,0,0,115,0,0,0,0,1,0,1
76,1,64,165,23.507805325987146,165,113,6.3,1,0,3,1,0,3,1,0,0,198,0,1,0,1,1,1,0
61,1,78,173,26.061679307694877,116,175,6.8,0,0,3,0,0,2,1,1,0,184,1,0,0,0,1,0,0
73,1,66,175,21.551020408163264,92,155,5.0,0,0,0,0,0,3,1,1,0,94,1,0,0,0,0,1,1
65,1,51,172,17.239048134126556,50,106,7.3,0,1,2,0,0,4,1,1,1,127,1,0,1,1,0,1,1
63,1,72,177,22.981901752370007,103,112,3.8,0,0,3,0,0,4,1,0,0,142,1,0,0,0,0,0,0
51,1,92,177,29.365763350250564,101,126,12.6,0,0,2,0,1,2,1,0,1,148,0,0,0,0,0,0,0
58,1,74,188,20.937075599818925,178,126,9.4,1,0,0,0,0,3,0,0,0,146,0,0,0,0,0,0,0
63,0,70,191,19.188070502453332,66,120,9.2,1,0,0,0,1,3,1,1,1,194,1,0,0,0,0,0,0
63,0,70,168,24.801587301587304,68,156,3.9,0,1,4,1,1,2,1,1,0,157,0,0,0,1,0,0,0
73,1,108,186,31.217481789802285,82,134,3.5,1,1,1,0,0,3,0,1,0,154,1,1,0,1,1,0,1
57,1,84,174,27.74474831549742,192,129,7.0,0,0,1,1,0,4,0,0,0,112,0,1,0,0,0,0,1
64,1,51,168,18.069727891156464,59,117,5.9,0,0,3,0,0,2,1,0,0,158,0,0,1,0,0,0,0
83,0,66,176,21.306818181818183,145,108,10.2,1,1,0,0,0,3,1,1,0,148,1,1,0,0,1,1,1
74,0,68,167,24.38237297859371,50,117,7.8,0,1,0,0,0,2,1,1,1,126,1,0,0,1,0,0,0
66,0,64,169,22.40817898532965,115,112,6.4,0,0,1,1,0,4,1,0,0,92,0,1,0,1,0,0,0
47,0,75,159,29.666548000474663,103,104,9.5,1,0,0,0,0,2,0,1,0,213,0,0,0,0,0,1,0
48,0,66,170,22.837370242214536,75,151,6.9,0,1,1,0,0,3,0,1,1,238,1,0,1,1,0,0,0
72,1,67,179,20.91070815517618,125,148,7.0,0,0,3,0,1,3,1,1,0,162,0,0,1,1,0,0,1
73,0,77,177,24.577867151840145,71,122,8.6,1,0,0,0,0,3,0,0,0,221,1,1,1,1,0,0,0
41,0,51,173,17.04032877810819,50,156,5.1,1,0,2,0,0,2,1,1,0,161,0,0,1,0,0,0,0
73,1,45,187,12.868540707483769,89,141,8.5,0,0,4,0,0,3,0,1,0,80,0,0,1,1,0,1,0
58,1,93,191,25.492722238973712,67,108,7.6,0,1,3,0,0,3,0,1,0,165,0,0,0,0,0,0,0
60,1,87,174,28.735632183908045,109,100,4.7,0,1,1,0,0,3,0,1,0,133,1,0,0,0,0,0,0
75,1,80,185,23.37472607742878,89,136,10.4,0,0,3,0,0,3,0,1,0,173,1,0,0,0,0,0,0
73,0,79,173,26.395803401383272,154,139,5.6,1,1,2,0,1,2,0,0,0,228,0,1,1,0,1,0,0
63,1,72,170,24.913494809688583,88,104,3.5,1,0,2,1,0,3,1,1,0,124,0,1,0,0,0,0,0
73,0,120,179,37.452014606285694,109,119,4.9,0,1,0,0,0,3,0,0,1,169,1,0,1,0,0,0,0
60,0,77,169,26.959840341724732,59,147,4.4,1,1,1,0,1,3,1,1,0,193,0,0,0,1,0,0,0
55,1,114,150,50.666666666666664,85,161,6.9,0,1,0,0,0,3,1,0,0,217,1,1,0,1,0,0,0
80,1,105,167,37.64925239341676,68,131,9.7,1,0,0,0,0,2,1,0,0,199,0,0,1,0,0,0,0
80,1,81,154,34.15415753078091,141,131,7.0,0,1,1,0,1,3,0,0,1,94,0,0,0,0,0,0,1
57,0,71,166,25.76571345623458,73,120,9.7,0,0,0,0,0,2,1,1,0,94,0,0,0,0,0,1,0
58,0,75,164,27.885187388459254,77,159,8.6,0,1,1,0,1,3,1,0,0,188,0,0,0,0,0,0,0
75,1,68,164,25.282569898869724,110,141,3.5,1,1,4,1,1,2,0,0,0,130,0,0,0,0,1,1,1
56,0,81,159,32.03987184051263,75,113,8.3,0,1,0,0,0,2,1,0,0,100,1,0,0,0,1,0,1
74,1,85,158,34.049030604069856,149,145,5.3,1,0,3,0,0,2,0,0,0,209,1,1,0,0,0,1,0
52,0,56,163,21.077195227520797,168,115,7.5,1,1,0,0,0,3,1,1,0,131,0,0,0,0,0,0,0
61,1,114,166,41.370300479024536,68,110,6.4,0,0,1,1,0,4,1,1,0,231,0,0,0,0,0,1,0
76,1,63,167,22.589551436050055,129,121,12.1,1,1,0,1,1,3,1,1,1,127,0,0,0,1,0,0,0
53,1,45,172,15.210924824229314,70,112,7.4,0,1,0,0,0,3,0,0,0,112,0,0,1,0,0,0,0
57,0,73,177,23.301094832264035,87,111,7.7,0,0,2,1,1,2,1,1,1,146,0,0,0,1,0,0,0
69,0,57,159,22.54657648036074,124,102,8.7,1,0,1,0,1,3,0,1,0,187,0,1,0,0,1,0,0
43,1,74,161,28.54828131630724,104,116,3.5,0,0,1,1,1,3,1,1,0,164,0,0,0,0,0,1,0
65,0,76,186,21.967857555786793,105,119,8.7,1,0,4,0,1,4,1,1,1,244,1,0,0,0,0,0,1
78,1,81,177,25.854639471416256,138,102,6.1,0,1,0,0,1,3,1,1,0,158,0,1,1,0,0,0,1
75,0,90,162,34.293552812071326,138,140,5.1,0,1,0,0,0,3,1,0,0,141,1,0,0,1,1,0,1
64,1,59,157,23.93606231490121,101,94,8.1,1,1,1,0,1,3,1,1,1,225,1,1,1,1,0,1,1
65,1,69,165,25.344352617079892,77,122,3.5,0,1,0,1,0,3,1,0,1,179,1,0,0,0,0,0,0
82,1,85,167,30.477966223242138,100,143,8.4,1,1,1,0,0,4,1,1,1,129,0,0,1,0,0,0,0
81,1,65,176,20.983987603305785,64,152,6.2,0,0,3,0,0,3,1,1,1,161,0,1,1,0,0,1,1
63,0,46,150,20.444444444444443,127,118,6.3,0,0,1,0,1,2,1,1,0,160,0,1,0,0,0,1,0
57,0,84,160,32.81249999999999,93,150,3.5,0,1,1,0,1,2,1,1,0,139,0,0,1,0,0,0,0
75,1,66,187,18.873859704309528,61,122,8.3,0,0,2,0,0,3,0,0,0,159,0,0,0,0,0,0,0
78,0,65,170,22.49134948096886,146,175,7.0,1,1,0,0,0,3,1,0,0,85,0,1,1,0,1,0,0
81,0,76,170,26.29757785467128,99,100,5.6,0,1,1,1,0,3,0,0,0,132,0,0,1,1,0,0,0
72,0,75,164,27.885187388459254,73,109,4.6,0,1,0,0,0,3,1,0,0,171,1,0,1,1,0,0,0
60,0,89,177,28.40818411056848,140,133,8.1,1,0,0,1,0,4,1,0,0,123,0,0,0,0,1,1,0
44,1,56,151,24.560326301478007,144,104,7.2,1,0,1,0,0,3,1,1,0,105,0,0,0,0,1,0,1
88,0,108,165,39.66942148760331,50,115,6.5,1,1,2,0,0,3,1,0,0,147,0,1,1,0,1,0,0
84,1,53,150,23.555555555555557,138,139,4.5,0,0,0,0,1,2,0,1,0,126,1,0,1,0,0,0,1
55,0,69,169,24.158817968558527,105,133,7.1,1,1,2,1,1,4,1,0,1,83,1,0,1,0,1,1,0
67,0,61,165,22.4058769513315,133,129,7.0,0,1,1,0,0,3,0,0,1,85,0,0,0,0,1,1,0
62,0,75,153,32.038959374599514,97,129,9.1,0,1,3,0,1,3,0,1,0,170,1,0,1,1,0,0,0
65,1,75,180,23.148148148148145,113,80,4.1,0,0,0,0,0,2,1,1,0,154,0,0,0,0,0,0,0
60,0,77,176,24.857954545454547,89,132,5.1,0,1,2,1,1,4,0,0,0,165,0,0,0,0,0,0,0
73,0,78,180,24.074074074074073,134,117,10.4,1,1,2,0,0,4,0,0,0,135,0,0,1,1,0,0,0
51,0,94,154,39.63568898633834,76,122,6.9,1,1,1,0,1,3,1,0,0,74,1,1,1,0,0,1,0
60,1,77,159,30.457655947153988,135,98,7.0,1,1,1,0,1,3,0,1,0,106,1,0,1,1,1,0,0
75,0,95,182,28.680111097693512,106,143,8.4,0,1,0,0,1,3,0,0,0,133,0,0,0,0,0,0,0
41,1,48,178,15.149602322939023,126,141,10.1,0,0,1,0,1,4,1,0,0,171,1,1,0,0,0,0,0
68,1,45,184,13.291587901701323,64,106,4.2,0,1,0,0,0,3,1,1,0,62,0,0,0,0,0,0,1
58,0,76,167,27.250887446663558,114,133,10.9,0,0,3,0,0,2,0,1,0,60,0,0,1,0,0,0,0
84,0,79,168,27.99036281179139,118,162,6.4,0,1,0,0,1,3,1,1,0,222,0,0,1,0,0,0,0
68,1,66,176,21.306818181818183,164,132,7.0,1,1,0,0,1,3,1,1,0,179,1,0,0,0,0,0,0
55,0,74,156,30.407626561472714,124,89,6.6,1,1,3,0,0,3,1,0,0,106,0,1,1,0,0,0,0
82,0,91,171,31.120686707020965,79,118,9.5,0,0,1,0,0,3,1,1,1,138,1,0,1,0,0,0,0
65,1,85,195,22.353714661406972,77,132,8.4,0,0,0,0,1,4,1,1,1,128,0,0,0,0,0,0,0
66,1,70,166,25.402816083611555,126,172,6.2,0,1,0,0,1,4,1,0,0,164,0,0,0,0,0,0,0
75,0,77,153,32.89333162458883,81,105,4.2,0,0,2,1,0,3,1,1,1,124,0,0,0,1,0,0,0
57,1,86,174,28.405337561104506,81,127,6.0,0,1,0,1,0,3,1,0,0,92,0,0,1,0,0,0,0
82,0,56,160,21.874999999999996,69,108,3.8,0,1,0,0,0,3,1,0,0,174,1,0,1,0,1,0,0
71,1,62,168,21.9671201814059,104,147,8.3,1,1,1,0,1,2,1,0,1,240,1,0,1,0,0,0,1
57,1,88,180,27.160493827160494,107,122,5.1,0,0,0,0,0,3,1,1,0,176,0,0,0,0,0,0,0
59,1,49,175,16.0,88,75,6.3,0,0,0,0,0,3,1,0,0,153,1,0,0,0,0,0,0
49,1,58,165,21.30394857667585,159,122,8.8,0,0,0,0,0,3,1,0,0,139,0,1,0,0,0,0,0
68,1,56,178,17.67453604342886,119,127,8.1,1,0,0,0,1,3,1,1,1,110,0,0,0,0,1,1,0
62,1,88,153,37.5923789995301,161,137,7.3,0,0,1,0,0,2,0,1,1,129,1,1,0,0,0,1,0
68,0,58,171,19.835162956123252,104,133,4.9,0,0,1,0,0,4,1,0,0,169,1,0,0,0,0,0,0
44,0,86,166,31.20917404557991,74,143,7.5,0,1,1,0,1,2,1,1,0,209,0,0,0,1,1,0,0
58,1,69,150,30.666666666666668,65,127,4.9,0,1,1,1,1,3,0,1,0,211,0,1,0,1,1,0,0
53,0,101,157,40.97529311533936,95,131,7.5,1,0,1,1,1,4,0,1,1,158,0,0,0,0,0,1,0
70,1,76,169,26.609712545078956,126,130,3.9,0,0,1,1,0,3,1,1,1,159,0,0,0,0,0,1,0
57,0,91,177,29.046570270356536,89,121,8.9,0,1,1,0,0,4,1,1,1,152,1,1,0,1,1,0,0
70,1,81,170,28.027681660899656,129,141,6.9,1,1,0,0,0,2,1,0,1,178,1,1,0,0,0,1,0
58,1,68,167,24.38237297859371,149,146,6.5,0,0,3,1,0,2,1,0,0,152,1,0,0,0,0,0,0
84,1,74,178,23.355636914530994,71,129,7.3,0,1,1,0,0,2,1,1,0,153,0,0,0,0,0,0,0
65,1,75,172,25.351541373715524,61,120,6.3,0,0,3,0,0,4,1,1,1,106,0,1,0,0,1,1,0
75,1,68,179,21.22280827689523,133,108,6.6,1,0,0,0,1,2,1,0,0,105,0,1,0,0,0,0,0
63,1,88,175,28.73469387755102,109,137,9.1,1,1,0,1,1,3,1,1,0,115,0,1,0,1,1,1,0
76,0,112,162,42.676421277244316,111,109,8.6,1,1,4,0,0,3,1,0,0,161,0,1,1,0,1,0,0
55,0,76,176,24.535123966942148,124,133,7.9,0,1,2,1,0,4,1,1,0,134,0,0,1,0,0,0,0
64,1,85,179,26.528510346119035,50,132,7.0,1,0,1,0,1,2,1,0,0,279,0,0,1,1,0,0,0
59,1,82,184,24.22022684310019,115,151,5.9,0,0,2,0,0,2,1,1,1,169,1,0,0,0,0,0,0
87,1,45,164,16.731112433075552,106,157,8.6,1,0,0,1,0,3,0,1,0,228,1,1,0,1,0,1,1
50,1,82,166,29.757584555087824,116,70,4.7,0,0,2,0,0,3,1,1,0,224,1,0,0,0,1,1,0
89,0,81,178,25.5649539199596,66,125,10.1,0,0,0,0,0,3,1,1,0,171,1,0,1,0,0,1,1
48,1,56,178,17.67453604342886,102,87,7.9,1,0,4,0,1,3,0,0,1,147,1,0,0,0,0,0,1
73,0,48,164,17.846519928613922,83,153,8.9,0,1,1,0,1,4,1,0,0,105,0,0,0,0,0,0,0
57,1,81,163,30.48665738266401,136,129,7.4,0,0,0,0,0,2,1,1,1,119,0,0,0,0,0,1,0
68,0,99,165,36.36363636363637,96,153,6.3,0,0,2,0,1,2,1,1,0,192,0,0,0,0,1,1,0
62,0,69,170,23.87543252595156,78,135,8.4,1,1,3,1,0,2,1,0,0,163,1,1,0,1,1,0,1
55,1,70,161,27.005130974885226,65,102,3.7,1,1,2,0,0,2,1,1,0,117,1,0,0,0,1,0,1
65,1,109,174,36.00211388558594,130,110,5.3,1,0,1,1,1,4,1,1,0,139,1,1,0,1,1,1,1
59,0,88,152,38.08864265927978,134,127,6.1,0,0,3,1,1,3,1,1,0,166,1,0,0,0,0,0,0
71,1,56,161,21.60410477990818,167,141,3.7,1,0,1,1,0,2,1,0,0,151,1,0,0,0,0,0,0
52,0,64,171,21.887076365377382,88,131,7.8,0,0,2,0,0,3,1,1,0,138,0,0,1,0,0,0,0
70,1,107,160,41.79687499999999,64,133,9.0,0,0,1,0,0,3,1,1,0,147,0,0,0,0,0,0,0
75,0,65,165,23.875114784205696,95,122,3.5,0,1,2,0,0,3,0,1,0,60,1,0,1,0,0,0,1
63,1,67,168,23.738662131519277,75,152,5.7,1,1,4,0,0,2,1,0,0,150,1,0,0,0,0,0,0
49,1,85,191,23.299799895836188,77,132,6.2,0,1,0,0,0,3,1,0,0,97,1,1,0,0,0,1,0
85,0,71,156,29.17488494411571,116,130,7.1,1,0,2,0,1,4,0,0,0,168,1,0,1,0,0,0,0
70,1,81,172,27.379664683612766,138,135,8.2,1,0,0,1,1,3,1,0,0,156,0,1,0,0,0,0,1
56,1,79,159,31.24876389383331,114,121,5.9,0,1,1,0,0,3,1,0,0,187,0,0,0,0,0,0,0
70,1,72,159,28.479886080455675,103,122,8.4,1,1,0,0,0,4,1,0,0,187,0,0,0,1,1,0,0
44,0,93,161,35.878245438061796,128,139,6.7,0,1,3,0,1,2,1,0,0,235,0,0,0,0,1,0,0
79,1,55,168,19.48696145124717,92,145,5.3,0,0,0,0,1,2,0,1,0,60,0,0,0,0,0,1,0
90,0,76,184,22.448015122873343,150,147,7.0,0,0,0,0,0,3,1,1,1,143,1,0,1,0,0,1,1
74,0,66,181,20.1459051921492,204,126,4.0,0,0,4,0,1,3,0,0,0,60,1,1,1,0,1,0,0
52,1,99,165,36.36363636363637,77,132,6.0,0,1,0,1,1,4,1,1,1,174,0,0,0,1,0,0,0
41,0,72,167,25.816630212628635,142,117,6.1,0,1,1,0,0,3,1,0,1,141,0,1,0,0,0,0,0
81,1,103,175,33.63265306122449,142,145,5.3,0,0,3,0,1,2,1,1,1,126,1,1,1,1,0,1,1
63,1,68,170,23.529411764705884,118,111,11.6,0,1,0,0,0,3,1,1,0,163,1,0,0,0,0,0,0
60,1,76,163,28.604764951635367,145,134,9.1,0,1,0,0,0,3,1,1,1,97,0,1,1,0,0,0,1
78,0,91,176,29.3775826446281,112,147,6.9,0,0,3,0,0,4,0,0,1,242,0,1,1,0,1,0,0
57,1,60,186,17.343045438779047,122,132,7.4,0,1,1,1,0,4,1,0,0,137,0,0,0,1,0,1,0
74,0,97,180,29.93827160493827,102,136,7.5,1,0,0,1,1,3,1,1,1,153,0,0,0,0,1,0,0
65,1,75,183,22.395413419331717,104,124,7.7,0,0,0,0,1,3,1,1,1,143,1,0,0,0,1,0,0
67,1,81,168,28.69897959183674,122,92,9.6,0,0,2,0,0,3,1,0,0,196,1,1,0,1,0,0,0
84,1,83,159,32.83097978719196,114,116,8.4,0,1,1,1,0,3,1,0,0,89,1,0,0,1,0,0,1
59,1,73,150,32.44444444444444,63,130,3.5,0,1,2,1,1,3,1,0,0,191,1,0,0,0,0,0,0
58,0,62,150,27.555555555555557,117,116,8.2,1,0,1,0,0,2,1,0,0,124,0,0,0,0,0,0,0
62,0,76,167,27.250887446663558,91,139,4.8,1,1,2,0,0,3,0,0,0,124,0,1,0,0,1,0,0
50,0,45,175,14.693877551020408,80,100,5.4,0,1,2,0,0,4,1,0,0,193,0,1,0,0,1,1,0
76,0,55,178,17.35891932836763,133,91,8.5,1,1,0,0,0,3,0,1,0,136,0,1,1,0,1,0,0
74,0,72,172,24.337479718766904,67,143,3.5,0,0,3,1,1,2,1,1,0,180,0,1,0,0,0,0,0
64,1,98,162,37.34186861758877,90,123,9.9,0,1,1,0,0,3,1,1,0,181,0,0,0,1,1,1,1
53,0,97,176,31.31456611570248,62,136,8.1,0,0,0,0,0,4,0,0,1,132,1,0,0,0,0,1,0
32,1,89,158,35.65133792661432,85,119,7.2,0,0,0,0,0,3,1,1,0,161,0,0,0,0,0,1,0
54,1,51,158,20.429418362441915,183,141,8.2,1,1,2,0,0,2,1,1,0,125,0,0,0,0,0,0,0
62,0,79,176,25.50361570247934,73,157,8.8,0,1,0,0,1,2,0,0,0,149,0,0,0,0,0,0,1
42,1,62,157,25.153150229218223,94,158,6.9,0,1,0,0,0,3,1,1,1,173,0,0,0,0,0,0,0
90,1,73,162,27.815881725346742,148,117,8.0,0,0,1,0,0,3,0,1,0,102,0,1,0,0,1,0,0
69,1,89,160,34.76562499999999,115,121,4.5,1,1,2,0,0,4,1,0,1,172,0,1,0,1,0,0,0
71,1,84,171,28.726787729557817,95,133,8.1,1,1,0,0,0,3,1,0,0,165,0,0,0,0,0,1,0
63,1,94,175,30.693877551020407,75,167,7.7,1,0,0,1,0,2,1,0,0,75,1,0,0,1,1,0,0
73,0,53,176,17.110020661157026,123,106,9.4,0,0,2,1,1,3,1,1,0,112,0,0,1,0,0,0,0
61,1,59,164,21.936347412254616,88,107,6.8,1,0,3,0,1,2,1,1,0,115,1,0,0,1,0,1,0
63,1,97,168,34.367913832199555,176,147,7.1,0,0,0,0,1,2,1,0,0,127,0,1,0,0,0,0,0
81,0,97,177,30.961728749720702,90,116,4.7,0,1,1,0,0,3,0,1,0,102,0,0,0,0,1,0,0
78,1,74,164,27.513384889946465,159,143,6.5,0,0,1,1,1,2,1,0,0,196,1,1,1,1,1,0,0
64,1,74,160,28.906249999999993,130,118,7.7,1,0,1,0,1,2,0,0,0,203,0,0,0,1,0,0,0
89,0,92,163,34.62682073092702,130,137,7.9,0,0,0,0,0,3,0,1,1,110,0,0,1,0,0,0,0
64,0,82,163,30.863035868869737,94,119,9.9,0,1,2,0,1,3,0,1,1,92,0,0,1,0,0,0,0
58,0,84,170,29.065743944636683,83,109,7.4,1,0,0,1,0,3,0,0,0,149,0,1,1,0,1,1,0
66,1,61,169,21.35779559539232,90,132,6.3,0,1,0,1,1,3,0,0,1,216,0,1,0,1,0,0,0
68,0,92,168,32.596371882086174,136,105,7.6,0,1,3,0,1,3,1,0,0,257,1,1,0,1,0,1,0
50,0,72,161,27.776706145596233,118,139,5.4,0,1,0,0,0,3,0,0,0,116,0,0,1,0,0,0,0
70,0,54,160,21.093749999999996,50,125,9.2,1,1,0,1,1,2,0,0,0,60,0,1,0,1,0,1,0
90,1,63,176,20.33832644628099,54,102,5.1,1,1,0,1,1,2,0,0,0,75,1,0,1,1,0,0,1
76,1,66,173,22.052190183434128,95,135,5.7,1,1,0,1,1,3,1,1,0,60,0,0,0,1,1,0,0
72,1,97,165,35.62901744719927,118,135,4.3,1,1,2,1,0,2,1,0,0,170,1,0,1,1,0,0,0
70,1,64,169,22.40817898532965,91,82,6.7,0,0,0,0,0,3,1,1,0,154,1,0,0,0,0,0,1
53,1,80,182,24.151672503320853,82,128,7.8,0,1,2,1,0,3,1,0,0,160,1,0,0,0,0,1,0
53,1,45,169,15.75575084905991,65,130,9.8,0,0,0,0,1,3,1,0,0,206,0,1,1,1,0,0,0
66,1,89,169,31.161373901474043,131,131,6.4,0,1,0,1,0,3,0,1,1,231,0,0,0,1,0,0,0
59,1,63,185,18.407596785975162,103,93,6.1,1,1,0,0,1,3,1,0,0,192,0,1,0,0,0,0,0
47,0,80,180,24.691358024691358,158,137,3.5,0,0,4,0,1,2,1,1,1,186,1,1,0,0,0,0,0
60,0,80,163,30.11027889645828,54,140,6.9,1,1,3,0,0,2,1,0,0,76,0,0,0,0,1,0,1
70,1,84,180,25.925925925925924,124,111,6.6,0,1,0,1,0,3,1,0,1,124,0,1,1,0,0,0,0
71,0,79,168,27.99036281179139,119,102,6.5,0,1,0,0,0,2,0,1,1,219,1,1,1,0,0,0,1
55,1,103,159,40.742059253985204,129,110,9.5,0,0,0,1,0,3,1,0,1,122,1,1,1,0,0,1,0
64,1,78,183,23.291229956104985,128,132,7.6,0,0,0,0,1,3,1,1,1,205,0,0,0,0,0,0,0
69,0,108,162,41.152263374485585,82,105,5.7,1,1,0,0,0,2,1,1,1,156,0,0,0,0,0,1,1
49,1,84,164,31.231409875074366,93,102,4.7,1,0,2,1,0,3,1,1,0,189,0,0,0,1,1,0,0
55,0,79,166,28.668892437218755,105,171,4.2,0,1,0,0,0,2,0,1,1,106,0,0,0,0,0,0,0
64,0,88,190,24.37673130193906,64,129,5.6,1,1,1,1,0,3,1,1,0,188,1,0,0,0,0,1,0
54,1,77,160,30.078124999999993,136,123,7.2,1,0,0,0,1,4,1,0,1,118,0,0,0,0,1,0,0
61,0,81,163,30.48665738266401,50,116,3.5,1,1,1,0,0,4,0,1,1,161,1,0,0,0,1,0,0
90,1,80,166,29.03178980984178,59,121,6.2,0,1,1,1,0,4,0,0,1,148,0,0,0,0,0,0,0
46,1,78,175,25.46938775510204,50,166,8.1,0,0,2,1,1,3,1,0,1,209,0,0,1,1,0,0,0
82,0,106,169,37.11354644445223,138,146,4.4,0,1,3,0,1,2,1,1,0,191,0,1,1,0,0,0,1
69,0,109,163,41.02525499642441,107,177,6.1,0,0,3,0,0,3,1,0,1,61,0,1,0,0,0,0,0
50,1,79,176,25.50361570247934,81,137,4.5,0,0,2,0,1,2,0,0,0,109,0,0,0,0,0,0,0
73,1,93,183,27.77031263997133,103,110,3.5,1,1,1,1,1,2,1,0,0,118,0,0,1,1,0,0,0
65,1,93,153,39.728309624503396,109,135,4.9,0,1,0,0,0,2,0,1,0,184,1,0,0,0,0,0,0
79,1,91,163,34.25044224472129,56,140,4.4,0,0,3,0,1,3,0,0,0,125,0,1,0,0,1,0,0
72,0,83,175,27.102040816326532,105,142,8.1,1,0,1,0,0,2,1,1,1,95,0,1,0,1,0,0,1
67,0,84,157,34.0784616008763,148,121,7.5,0,0,1,0,1,4,0,1,0,81,0,0,0,0,0,0,0
61,1,83,168,29.40759637188209,154,166,4.4,1,1,0,0,1,3,1,0,0,186,1,1,0,0,1,0,0
79,1,64,182,19.32133800265668,129,104,9.1,0,0,1,0,1,2,0,1,1,60,0,0,0,0,1,0,0
60,1,74,176,23.889462809917354,109,136,8.0,1,1,4,0,0,3,1,1,0,202,0,0,0,0,1,1,0
48,0,57,175,18.612244897959183,132,124,6.0,0,0,0,0,1,3,0,1,0,85,0,0,0,0,0,0,0
42,1,83,177,26.493025631204315,124,114,7.2,1,1,2,1,0,4,1,0,0,127,0,1,0,1,1,0,0
50,1,81,173,27.064051588760066,60,134,4.6,0,1,0,0,0,2,1,1,0,91,0,0,0,0,0,0,0
74,1,85,166,30.84627667295689,68,155,3.5,0,0,1,0,0,3,1,0,0,104,1,0,0,1,0,0,0
60,1,63,179,19.66230766829999,122,138,6.7,0,0,0,0,0,3,0,1,1,138,0,1,0,0,0,0,0
55,0,89,165,32.690541781450875,76,135,3.8,1,0,1,1,1,3,1,0,0,143,0,1,0,0,1,0,0
59,1,82,168,29.053287981859416,64,89,6.0,0,1,1,0,1,3,1,0,0,72,1,0,0,0,0,0,0
74,1,108,153,46.1361014994233,145,148,7.3,1,1,0,0,0,3,1,0,0,129,0,1,1,0,1,0,0
72,1,87,165,31.95592286501378,102,121,3.5,1,1,0,0,0,3,1,0,0,155,0,0,0,0,0,0,0
66,1,66,170,22.837370242214536,97,140,6.9,1,0,0,0,0,2,1,0,0,173,0,1,0,0,0,0,0
57,1,54,170,18.68512110726644,57,148,8.2,1,1,1,0,1,4,0,1,0,60,1,0,1,0,0,0,0
60,1,78,179,24.343809494085704,84,133,3.5,0,0,4,0,1,2,1,1,1,126,1,0,0,1,0,0,1
63,1,59,165,21.6712580348944,87,89,7.9,1,1,0,0,0,3,0,1,0,60,1,1,0,0,0,0,0
54,1,63,166,22.8625344752504,68,158,10.3,1,1,1,0,0,3,0,0,1,124,0,0,0,0,0,0,1
63,0,60,164,22.308149910767405,57,166,6.0,0,1,0,0,0,3,0,0,0,128,0,1,0,0,0,0,0
53,0,66,172,22.30935640886966,161,146,8.0,1,0,0,0,0,2,1,1,0,181,1,0,0,1,0,0,0
69,1,96,185,28.04967129291453,149,115,4.5,0,1,0,0,0,3,1,0,0,198,0,1,0,0,0,1,0
70,0,60,150,26.666666666666668,96,154,8.3,1,1,1,1,0,3,0,1,0,98,1,0,0,1,0,1,1
78,0,68,165,24.977043158861342,53,124,7.5,1,0,2,0,0,3,0,0,0,164,1,0,1,1,0,0,0
68,1,53,166,19.233560749020178,50,128,6.9,1,1,1,0,0,3,1,1,0,182,0,0,0,0,0,0,1
67,0,49,150,21.77777777777778,84,153,6.8,0,0,0,0,1,2,1,0,1,112,1,1,0,0,0,0,0
54,0,70,168,24.801587301587304,50,142,7.3,0,1,0,0,1,4,0,1,0,188,0,0,1,0,1,1,0
64,1,78,166,28.305995064595734,84,82,6.4,0,1,0,1,1,4,0,1,0,156,1,0,1,1,0,0,0
52,0,57,165,20.936639118457304,50,134,4.6,0,1,3,0,0,4,0,1,1,136,0,1,1,0,0,0,0
44,1,52,158,20.82999519307803,96,153,6.2,0,0,0,0,1,3,0,1,0,157,1,0,0,0,0,0,0
61,1,46,169,16.105878645705683,106,102,6.4,1,0,0,0,1,4,0,1,0,70,0,0,0,1,0,0,0
58,1,77,158,30.844415958980928,93,149,4.2,1,1,0,0,0,3,0,1,0,157,0,0,0,0,0,0,0
72,0,89,161,34.33509509663978,176,96,6.3,0,1,1,0,0,3,1,1,1,107,0,0,0,0,0,0,1
53,0,53,168,18.77834467120182,92,125,6.4,0,1,0,0,1,3,1,0,0,151,0,0,0,0,0,0,0
90,1,65,180,20.061728395061728,160,140,5.5,0,0,0,0,1,3,0,0,1,129,1,1,1,0,1,0,0
59,1,91,174,30.056810675122207,110,124,7.2,0,1,2,1,1,2,0,1,0,164,0,0,0,1,0,0,0
64,0,71,176,22.920971074380166,170,153,7.7,0,1,2,1,0,4,1,0,0,209,1,0,0,1,0,0,0
58,1,73,189,20.43615800229557,50,101,5.2,0,1,0,0,0,3,0,1,0,156,1,0,0,1,0,1,1
74,1,80,174,26.42356982428326,62,146,6.8,0,0,1,0,0,3,1,0,0,200,0,1,0,1,0,0,0
62,0,68,159,26.897670187097027,89,131,8.3,0,0,0,0,0,3,1,1,0,98,0,0,1,0,0,0,0
53,0,63,164,23.423557406305775,156,112,4.5,0,0,1,0,0,2,1,0,1,221,1,0,0,0,0,1,0
42,0,79,161,30.477219243084754,91,138,3.5,0,1,3,0,0,4,0,0,1,99,0,0,1,1,0,0,0
71,1,54,168,19.13265306122449,76,128,4.6,1,1,0,0,0,3,1,1,0,87,0,0,0,0,0,1,0
72,0,50,165,18.36547291092746,121,159,7.6,1,0,2,0,0,4,1,0,0,136,1,0,0,0,0,0,1
69,1,64,160,24.999999999999996,131,141,5.6,0,0,2,0,1,3,1,0,0,127,1,0,1,0,0,1,0
62,1,85,179,26.528510346119035,73,138,4.0,0,1,3,0,0,3,0,0,1,70,1,0,0,1,0,0,0
61,0,92,179,28.71321119815237,75,116,9.0,0,0,1,0,1,3,0,0,0,93,1,0,0,1,0,0,0
74,0,67,171,22.91303307000445,159,132,4.1,0,0,0,0,0,3,1,1,0,60,1,1,1,0,0,0,0
63,0,87,159,34.41319568055061,143,118,6.2,1,0,0,0,0,2,0,1,1,82,1,0,1,0,0,0,0
78,0,95,171,32.488628979857054,153,128,8.0,1,0,1,1,0,4,1,1,0,117,0,0,0,1,1,0,0
63,1,75,163,28.228386465429637,132,154,7.8,0,0,0,0,1,2,0,1,0,224,1,0,0,0,1,0,0
63,0,84,182,25.359256128486894,70,124,7.3,1,1,0,0,0,4,1,1,1,185,0,0,0,0,1,0,1
69,1,102,158,40.85883672488383,98,101,5.2,0,0,2,0,0,3,0,0,0,166,1,0,0,1,0,0,1
81,1,64,176,20.66115702479339,62,139,7.6,1,0,1,0,1,3,1,1,0,258,0,0,1,0,0,0,0
79,1,71,176,22.920971074380166,134,145,6.5,0,1,0,1,0,2,1,0,0,60,0,0,0,1,0,0,0
64,1,99,178,31.246054791061734,80,161,7.3,0,1,1,1,1,3,0,0,0,146,0,0,0,0,1,0,0
60,0,60,171,20.519134092541297,50,147,9.2,0,0,1,1,1,3,1,0,0,251,1,0,0,0,0,0,0
50,1,77,166,27.94309769197271,103,124,4.1,0,0,2,1,1,2,1,0,0,124,1,0,0,1,0,1,0
73,0,65,193,17.450132889473544,139,135,7.3,1,0,0,0,1,3,1,0,0,108,1,1,1,0,0,1,0
43,0,95,161,36.64982060877281,51,137,6.8,1,0,0,1,0,2,0,0,1,190,1,0,0,1,1,0,0
85,0,57,177,18.194005553959588,95,138,8.4,1,0,3,0,0,3,1,1,1,122,0,0,1,0,0,1,0
75,1,73,170,25.25951557093426,80,80,10.1,0,1,0,0,0,3,1,0,1,212,0,1,0,0,0,0,1
56,1,59,173,19.713321527615356,134,118,10.0,1,0,1,0,1,4,1,0,0,191,1,1,0,0,0,1,0
79,0,53,173,17.70857696548498,50,139,8.2,0,0,0,0,1,4,1,1,0,140,0,0,1,1,0,0,0
71,1,46,159,18.19548277362446,139,151,5.3,1,0,0,0,1,3,1,0,0,199,1,0,0,1,1,1,0
70,1,72,156,29.585798816568044,75,117,5.7,0,1,3,0,1,4,1,1,0,138,0,0,0,0,0,1,0
61,1,82,157,33.26706965799829,94,121,7.9,1,0,0,0,0,3,0,0,0,156,0,1,0,0,0,0,0
71,1,75,165,27.548209366391188,130,125,3.9,0,0,1,1,0,2,1,0,1,179,0,0,0,1,0,1,0
47,1,78,172,26.365603028664147,151,127,6.0,0,0,0,0,0,4,0,1,0,130,1,0,0,1,0,0,0
65,1,68,163,25.59373706198954,101,147,5.0,1,1,0,0,0,3,1,0,0,225,0,0,0,1,0,0,1
56,0,89,155,37.04474505723204,74,115,4.1,1,1,0,0,1,3,0,1,0,153,0,0,0,0,0,0,0
61,0,85,179,26.528510346119035,81,147,7.0,0,0,1,1,0,3,1,0,0,164,0,0,1,0,0,0,0
56,0,76,154,32.04587620172036,140,158,8.1,1,0,1,0,1,2,0,1,1,84,0,1,0,0,0,0,0
57,1,78,174,25.762980578676178,69,122,7.7,0,0,0,0,1,2,0,1,0,117,0,0,0,1,0,0,0
80,0,68,162,25.910684346898332,111,121,6.7,1,0,4,0,1,2,1,1,0,158,1,0,0,0,0,0,1
47,1,104,182,31.397174254317108,100,133,5.8,0,1,0,0,1,3,1,0,1,193,1,0,0,0,1,0,1
69,1,87,164,32.34681737061273,126,118,5.5,0,0,2,1,1,3,1,1,0,220,0,0,0,1,0,1,0
51,1,73,152,31.596260387811633,101,128,8.2,0,0,0,0,1,3,1,1,1,96,1,0,0,0,0,0,0
80,1,72,169,25.209201358495854,84,100,5.5,0,0,2,0,0,2,1,1,0,108,1,0,0,0,0,0,1
70,0,69,161,26.61934338952972,82,147,5.4,0,1,1,0,1,3,1,0,0,88,1,1,1,0,0,1,0
48,0,70,178,22.093170054286073,81,163,7.3,0,1,2,1,0,3,1,0,0,174,0,0,0,0,0,0,0
69,1,78,173,26.061679307694877,51,116,4.5,0,1,2,1,0,3,0,1,0,220,1,0,0,0,0,1,0
56,1,49,163,18.442545824080696,117,97,6.7,0,1,1,0,1,2,0,0,0,142,1,1,0,0,0,0,0
67,1,71,159,28.084332107116012,107,148,5.4,0,1,0,0,0,3,1,0,0,152,0,0,1,1,0,0,0
49,1,73,159,28.875440053795337,50,121,5.2,1,0,1,1,0,2,1,1,0,156,0,1,0,1,0,0,0
79,1,74,164,27.513384889946465,85,116,6.0,0,0,2,1,0,3,0,1,0,126,1,1,0,0,0,0,0
41,0,77,183,22.99262444384723,90,127,8.0,0,1,1,1,0,2,0,1,0,88,0,0,0,1,0,0,0
55,1,75,168,26.573129251700685,79,105,6.9,1,0,0,1,1,2,1,0,0,202,0,0,0,1,0,0,0
52,0,81,179,25.280109859242845,95,139,7.1,0,0,0,0,0,4,0,1,0,157,0,0,0,0,1,1,0
69,1,72,155,29.968782518210194,96,104,8.0,0,1,3,1,0,2,1,0,1,122,0,0,0,1,0,0,0
59,1,89,150,39.55555555555556,131,106,7.7,1,0,0,1,1,2,0,1,0,300,0,0,1,0,1,1,1
62,1,84,160,32.81249999999999,99,106,6.1,0,0,0,0,0,2,1,0,0,149,0,0,0,0,0,0,0
57,1,108,176,34.86570247933884,120,133,7.6,1,1,0,1,0,4,1,0,0,64,0,1,0,0,0,1,0
48,0,85,167,30.477966223242138,51,93,6.2,0,0,2,0,0,3,0,1,1,182,1,0,0,1,1,0,1
62,1,63,178,19.883853048857468,62,171,7.4,1,0,1,0,0,4,1,1,1,60,0,0,0,0,1,0,1
49,1,72,182,21.736505252988767,51,122,8.6,0,0,0,0,0,3,1,0,0,173,0,0,0,0,0,0,0
43,1,67,160,26.171874999999996,86,87,7.5,1,0,1,0,1,2,1,1,0,171,0,0,0,0,0,0,0
72,0,75,178,23.671253629592222,101,108,4.0,1,0,0,1,0,2,1,1,1,218,0,1,0,0,0,1,0
50,0,91,183,27.173101615455817,158,141,5.5,0,1,0,1,0,3,1,0,0,99,0,0,0,0,0,0,0
82,0,70,180,21.604938271604937,70,156,7.8,1,1,2,1,1,4,1,1,0,135,0,0,1,1,1,0,0
82,1,66,154,27.82931354359926,129,133,3.5,0,0,0,0,0,4,1,0,0,146,1,1,1,1,0,1,1
75,0,82,151,35.963334941449936,70,131,7.1,0,0,0,0,0,3,0,1,1,193,0,1,1,1,1,1,1
51,1,62,165,22.77318640955005,100,99,7.0,0,1,0,0,0,3,0,0,0,171,1,0,1,0,0,0,0
90,0,61,165,22.4058769513315,94,159,12.0,0,0,0,1,0,3,1,1,0,175,0,0,1,0,0,0,0
36,0,80,178,25.24933720489837,67,141,7.4,1,1,0,0,0,3,0,0,0,210,1,1,0,0,1,0,0
54,1,48,160,18.749999999999996,70,136,6.3,1,1,2,0,1,2,1,1,0,138,1,0,0,1,0,0,0
74,1,67,174,22.12973972783723,155,130,8.8,1,0,2,0,0,3,1,1,0,223,1,1,1,0,1,1,0
74,1,87,159,34.41319568055061,81,140,5.8,1,0,0,0,1,3,0,1,1,145,1,0,0,0,1,0,1
56,0,47,173,15.703832403354605,134,113,6.6,1,1,0,0,1,3,1,0,0,194,0,1,0,0,1,1,0
55,0,48,165,17.63085399449036,123,148,6.7,1,1,1,0,1,3,0,1,0,125,0,0,0,0,0,0,0
62,1,53,173,17.70857696548498,78,146,7.7,0,1,2,1,1,3,1,0,0,179,0,0,0,0,0,0,0
63,1,45,166,16.330381768036002,99,128,4.7,0,1,4,0,0,3,1,0,0,207,0,0,0,0,0,0,0
59,1,103,150,45.77777777777778,104,124,8.2,0,1,0,0,1,3,1,1,1,95,0,0,0,1,0,1,0
84,1,76,175,24.816326530612244,117,86,5.4,0,0,3,1,0,2,0,0,0,197,1,1,1,0,1,0,0
56,1,64,181,19.53542321662953,85,95,10.6,0,1,0,0,0,4,1,1,1,158,0,0,0,0,0,0,0
82,1,55,161,21.218317194552675,50,140,3.5,0,0,0,0,0,4,1,0,0,251,0,0,1,0,0,0,0
69,1,108,178,34.086605226612804,75,148,5.0,0,1,2,1,1,2,1,1,0,136,1,0,0,1,1,0,0
77,1,84,163,31.615792841281195,140,151,3.5,1,1,1,0,1,3,1,1,0,164,0,0,1,1,0,0,0
47,1,73,156,29.996712689020377,98,103,12.4,0,0,0,0,0,3,1,1,0,142,1,0,0,0,0,0,0
77,1,93,163,35.00319921713275,85,175,4.0,1,0,0,0,0,3,1,0,0,183,0,1,1,0,1,0,0
76,0,80,168,28.344671201814062,50,150,8.0,1,0,0,1,0,3,0,0,1,60,0,0,0,0,0,0,0
57,1,67,156,27.531229454306374,143,118,8.0,0,0,0,0,0,4,0,0,0,79,1,0,1,0,0,0,1
75,0,65,183,19.409358296754156,92,133,4.7,1,0,2,0,0,3,0,1,0,183,0,0,0,1,0,0,1
47,1,66,154,27.82931354359926,138,96,8.0,0,1,1,0,0,2,1,0,0,151,1,0,0,0,0,0,0
59,1,59,164,21.936347412254616,123,117,4.4,0,0,4,0,1,3,1,0,0,60,0,0,1,0,0,0,1
79,0,91,160,35.54687499999999,127,140,4.9,1,1,1,1,0,2,0,1,0,118,1,1,1,0,1,1,0
62,1,67,183,20.00656932126967,158,131,3.5,0,0,0,1,0,3,0,1,0,130,1,0,0,1,0,0,0
61,1,95,154,40.05734525215045,104,164,7.8,0,1,4,0,0,3,0,0,0,125,1,0,0,0,0,0,0
81,1,62,178,19.568236333796236,95,100,3.5,0,1,1,0,1,3,1,1,0,196,0,0,1,0,0,0,0
41,0,66,171,22.571047501795427,154,127,7.3,0,0,0,0,1,2,1,0,0,212,0,1,1,1,0,0,0
62,1,68,157,27.587326057852245,129,107,6.3,1,0,0,0,0,3,1,1,1,60,0,1,0,0,0,1,1
64,1,61,166,22.136739730004358,75,160,10.0,1,0,0,0,1,3,1,0,0,144,1,0,0,1,0,0,1
55,0,66,168,23.384353741496604,136,135,6.6,0,1,4,0,0,2,1,0,0,155,0,0,1,0,1,0,0
81,0,83,175,27.102040816326532,153,130,8.2,0,1,0,1,0,3,1,1,1,75,0,0,1,0,0,1,0
54,1,93,163,35.00319921713275,50,127,7.5,0,0,1,0,0,3,1,1,0,212,1,1,0,0,0,0,0
54,1,79,176,25.50361570247934,56,112,6.3,1,0,2,0,1,3,0,0,0,168,1,0,0,0,0,1,1
35,1,57,170,19.723183391003463,71,153,8.7,0,1,4,0,1,3,1,0,0,192,1,0,0,1,0,0,1
78,0,66,174,21.79944510503369,125,133,7.3,0,0,0,1,0,3,1,0,1,127,0,0,0,0,1,0,0
61,1,66,161,25.461980633463213,127,134,8.3,1,0,4,0,1,4,1,1,1,111,0,1,1,0,1,0,0
61,1,100,167,35.8564308508731,118,141,4.6,0,0,0,1,1,2,0,1,1,121,0,0,0,1,0,0,1
62,1,89,171,30.436715570602924,130,112,7.6,0,0,2,0,1,2,1,1,0,144,1,0,1,1,0,1,0
79,1,93,170,32.17993079584775,61,169,8.1,0,0,4,1,0,3,1,0,0,128,0,0,1,1,0,0,0
84,0,64,169,22.40817898532965,57,161,4.3,1,0,1,1,0,2,0,0,0,195,0,0,1,0,1,0,0
44,0,55,190,15.235457063711912,143,129,6.4,0,1,1,0,0,4,1,0,0,283,0,0,1,0,0,0,0
59,1,83,175,27.102040816326532,103,123,3.5,0,1,1,1,0,3,0,1,0,179,0,0,0,0,1,0,0
51,0,68,177,21.705129432793896,142,142,3.5,0,0,0,0,1,4,1,0,0,60,1,0,0,0,0,0,0
62,0,79,172,26.703623580313685,75,152,6.4,0,0,0,1,0,3,0,1,0,157,1,0,1,1,1,0,0
63,1,81,175,26.448979591836736,63,165,10.1,1,0,0,1,0,3,1,0,0,90,0,0,0,0,0,0,1
44,1,69,171,23.59700420642249,55,142,10.3,0,1,3,0,1,3,1,0,0,129,0,0,1,1,0,1,0
69,1,90,188,25.46401086464464,128,132,5.9,0,1,1,0,1,3,1,0,0,148,1,1,1,1,0,1,0
59,0,53,169,18.556773222226116,139,132,4.6,0,0,1,0,0,3,0,0,0,137,0,0,0,1,0,0,0
74,1,76,178,23.98687034465345,118,92,8.4,1,0,0,0,0,4,1,0,1,98,0,0,0,0,0,0,0
65,1,85,190,23.545706371191137,83,121,3.5,1,1,2,0,0,2,1,0,0,176,1,1,0,0,1,1,0
44,1,100,176,32.28305785123967,122,137,5.7,1,1,0,0,0,2,1,1,1,60,0,1,0,0,0,0,1
72,1,77,167,27.60945175517229,121,84,5.0,1,1,0,1,1,3,1,1,0,169,1,1,0,1,0,1,1
48,0,93,162,35.43667123914037,50,133,6.3,1,0,0,0,0,3,1,0,0,104,0,0,0,0,0,1,0
50,1,92,165,33.792470156106525,87,113,9.3,0,1,3,0,0,3,1,0,0,163,0,1,0,0,0,1,0
61,1,110,173,36.753650305723546,109,161,3.5,1,0,3,1,0,2,1,0,0,82,1,0,0,0,0,0,0
61,0,79,187,22.59143813091595,138,124,7.1,0,0,3,0,1,3,1,0,1,161,0,0,0,0,0,0,0
43,0,105,176,33.89721074380165,97,124,7.2,0,0,1,1,1,3,0,1,0,218,0,0,0,1,1,0,0
63,0,87,166,31.572071418202935,105,127,6.4,1,1,4,0,0,2,1,0,0,120,0,0,0,0,1,0,0
63,0,51,166,18.507766003774133,97,129,7.1,0,1,1,0,0,4,1,0,0,119,0,1,0,0,0,1,0
63,1,75,168,26.573129251700685,109,145,7.5,0,0,0,1,1,3,1,0,0,171,0,1,0,0,0,0,0
44,1,61,156,25.06574621959237,52,123,6.8,1,1,1,0,0,3,1,1,1,160,0,0,0,0,0,1,1
66,1,97,165,35.62901744719927,78,130,3.5,1,1,3,0,0,3,1,0,0,80,0,0,0,0,1,0,1
72,0,77,164,28.628792385484836,50,145,4.7,0,0,2,1,0,2,1,0,0,205,0,0,0,1,0,0,0
48,1,55,195,14.464168310322158,84,130,9.7,0,1,0,0,0,3,1,1,1,190,0,0,0,0,1,0,0
52,1,88,179,27.46481071127618,117,143,4.2,0,0,0,0,0,3,1,0,0,214,0,0,0,0,1,0,0
74,1,94,159,37.18207349392824,72,121,6.7,1,0,1,1,0,2,1,0,1,177,0,0,1,0,1,0,0
83,0,68,154,28.67262607522348,91,137,5.1,1,0,3,0,1,3,0,0,0,244,0,1,1,1,0,1,1
63,1,68,156,27.94214332675871,113,156,7.7,0,0,0,0,0,4,1,1,0,60,1,0,0,0,0,1,0
59,1,78,184,23.03875236294896,195,142,6.1,0,1,2,0,0,3,0,0,0,226,1,1,1,0,0,1,0
67,1,47,156,19.312952005259696,97,92,7.8,1,1,0,0,1,3,1,0,0,130,1,1,0,0,0,1,0
81,1,85,186,24.56931437160365,125,141,7.3,1,0,3,0,1,3,1,0,0,122,0,1,1,0,1,1,0
54,0,100,172,33.802055164954034,93,106,5.7,0,0,1,0,1,3,0,0,1,114,0,0,0,0,0,0,0
59,0,65,167,23.306680053067517,112,111,3.5,0,1,0,0,1,3,1,0,0,175,0,1,0,0,1,0,0
58,0,102,158,40.85883672488383,99,139,4.8,0,1,0,0,0,3,0,0,0,190,0,1,0,0,1,0,0
47,1,89,182,26.86873565994445,85,110,4.1,0,0,3,0,1,3,1,0,0,126,0,1,1,0,1,0,0
75,1,73,175,23.836734693877553,92,107,4.1,0,0,1,0,0,2,0,0,1,163,1,0,0,0,0,0,0
68,1,84,179,26.216410224399986,143,129,7.5,0,0,1,0,0,3,1,0,0,288,1,1,1,0,0,0,0
40,0,98,167,35.139302233855645,110,117,10.5,0,1,0,1,0,3,1,0,1,116,0,0,0,0,0,0,0
64,1,77,176,24.857954545454547,58,97,3.5,0,1,0,0,1,2,1,1,1,130,1,0,0,0,0,0,0
84,1,80,184,23.629489603024574,85,141,3.5,0,0,1,0,0,2,0,1,0,220,0,0,1,0,1,0,0
68,0,66,175,21.551020408163264,68,149,7.0,1,1,2,1,0,3,0,0,0,71,0,0,0,0,0,0,0
84,1,73,159,28.875440053795337,132,148,6.0,0,0,3,1,0,2,1,1,1,162,1,1,1,0,1,0,1
58,1,85,175,27.755102040816325,73,112,7.4,0,1,1,0,1,2,1,0,0,60,0,0,0,0,0,0,0
76,1,72,177,22.981901752370007,130,138,6.4,0,1,0,1,0,3,0,1,0,81,0,1,1,0,0,0,0
80,0,67,186,19.366400739969936,134,120,9.1,1,1,1,0,1,3,1,0,1,90,0,1,0,1,1,1,1
64,1,92,175,30.040816326530614,105,104,7.6,1,1,1,0,1,2,1,0,0,106,1,1,0,0,0,1,1
60,1,82,181,25.029760996306585,119,115,8.3,0,0,0,0,0,4,0,1,0,87,1,0,0,0,0,0,1
78,1,67,176,21.62964876033058,82,73,8.5,0,0,3,0,1,3,1,1,0,160,0,1,0,0,0,1,0
71,0,101,156,41.50230111768573,129,108,4.1,0,1,1,0,0,3,1,0,1,219,0,1,1,0,1,0,1
76,0,106,178,33.45537179649034,56,100,7.7,1,1,0,1,1,2,1,1,0,251,0,0,0,1,0,0,0
69,1,90,171,30.778701138811947,83,134,7.8,1,0,4,0,0,3,0,1,0,98,0,0,0,0,0,1,0
64,0,57,189,15.957000083984212,89,135,5.8,0,1,4,0,1,3,1,0,1,186,0,0,0,1,0,0,0
63,1,81,155,33.71488033298647,134,96,5.8,1,0,3,0,1,3,0,1,0,210,0,1,0,1,1,1,0
60,0,83,158,33.247876942797625,159,146,5.9,1,0,3,0,0,2,0,1,0,156,1,1,0,0,1,1,0
69,1,51,177,16.278847074595422,84,117,4.7,0,0,0,0,0,2,0,0,1,185,1,0,0,1,0,0,1
62,1,92,185,26.880934989043094,96,108,3.7,1,1,4,1,1,3,1,0,0,173,0,1,1,0,0,0,0
68,1,78,168,27.636054421768712,58,94,10.8,0,0,2,1,0,2,1,1,0,172,1,0,0,0,0,0,0
55,1,91,168,32.242063492063494,97,113,8.7,0,1,1,0,1,2,0,1,1,113,0,0,0,1,0,0,0
54,1,70,172,23.661438615467823,138,127,6.6,1,1,3,0,1,3,1,0,0,60,0,1,0,0,0,1,0
72,0,82,165,30.119375573921033,50,149,3.6,1,0,0,0,1,2,0,0,1,132,0,0,1,0,1,0,1
69,1,82,179,25.592209980961893,100,127,7.6,0,1,3,0,1,2,1,0,0,111,0,0,0,1,0,0,0
59,1,77,165,28.282828282828287,125,123,5.8,0,1,1,0,0,2,1,1,0,136,0,0,0,0,0,0,0
81,0,82,177,26.173832551310287,101,141,6.2,0,1,1,0,1,4,1,1,1,198,0,0,0,1,0,1,0
55,1,72,156,29.585798816568044,93,132,11.0,0,0,1,0,0,2,0,0,0,221,1,0,0,0,1,0,0
70,1,57,187,16.300151562812776,130,99,10.3,1,0,2,0,0,3,1,0,0,157,0,0,0,0,0,0,0
70,1,45,150,20.0,71,121,3.5,1,0,0,0,0,3,1,0,1,90,0,0,0,0,0,0,1
65,1,65,159,25.71100826707804,72,118,7.2,1,0,4,0,0,4,1,1,0,130,1,0,0,0,0,1,1
80,0,86,192,23.328993055555557,50,127,6.8,1,0,0,0,0,4,0,1,0,111,1,1,0,0,0,0,0
84,0,59,171,20.177148524332274,111,120,7.2,0,1,3,0,1,2,1,0,0,156,0,1,1,0,0,1,0
51,0,90,163,33.87406375851557,107,113,5.4,0,0,1,0,1,2,0,0,0,126,0,0,0,0,1,0,0
37,1,95,157,38.541117286705344,79,159,6.5,0,0,3,1,0,3,1,0,0,195,0,0,0,1,0,0,0
59,0,82,165,30.119375573921033,68,129,4.3,1,0,0,0,1,2,1,0,0,107,0,0,0,1,0,1,0
53,1,72,172,24.337479718766904,98,139,8.6,0,1,2,0,1,4,1,1,0,259,0,0,0,0,0,1,0
59,1,90,174,29.72651605231867,103,127,8.5,0,1,1,0,0,3,1,0,0,76,0,0,1,0,0,0,0
86,1,92,173,30.73941661933242,58,146,9.8,0,1,2,0,0,4,1,1,0,165,0,0,1,0,0,1,0
90,1,71,152,30.730609418282548,50,128,5.0,0,0,0,1,0,3,1,1,1,69,0,0,1,1,1,0,0
53,1,76,171,25.990903183885642,50,149,7.0,0,0,3,1,0,3,0,1,0,202,0,0,0,0,0,0,0
67,0,62,173,20.715693808680545,50,72,10.6,0,1,3,0,0,3,1,1,0,152,1,1,0,0,1,1,0
67,1,79,173,26.395803401383272,57,131,5.1,0,1,1,1,0,2,0,0,1,160,0,0,0,0,0,0,0
69,0,45,170,15.570934256055365,97,135,4.5,0,0,0,0,0,3,1,1,1,105,0,0,0,1,0,0,1
48,1,70,157,28.398718000730252,102,136,7.1,0,1,1,1,1,4,1,1,1,204,1,1,1,0,0,0,1
79,0,62,160,24.218749999999996,94,108,8.8,0,0,0,1,0,3,1,0,1,182,1,1,0,0,0,0,0
75,1,73,182,22.03840115928028,112,115,5.2,0,0,1,0,0,2,1,1,1,122,0,0,1,0,0,0,0
59,0,63,162,24.005486968449926,114,109,10.4,1,1,3,0,1,3,1,1,1,149,0,1,0,0,1,0,0
79,0,46,162,17.527815881725342,111,139,4.7,0,1,0,0,0,2,1,1,0,105,1,0,1,0,0,0,0
47,0,65,167,23.306680053067517,103,148,7.8,0,0,2,0,1,3,0,0,0,101,1,1,0,0,1,0,0
44,0,67,157,27.18163008641324,63,97,5.1,0,1,1,0,1,3,1,0,0,119,1,0,0,0,0,0,0
68,1,90,176,29.054752066115704,53,134,5.6,0,1,0,0,0,2,1,0,0,136,0,0,0,0,0,0,0
70,1,65,157,26.370238143535232,80,112,8.1,0,1,1,0,0,2,0,1,0,150,0,0,0,1,0,0,0
63,0,62,180,19.1358024691358,139,164,6.1,0,0,3,0,0,2,0,1,1,147,1,0,0,0,0,0,0
78,0,57,156,23.422090729783037,182,141,3.5,0,1,1,0,1,4,1,1,0,106,0,1,1,0,0,0,0
57,1,92,167,32.987916382803256,119,122,4.9,0,1,1,1,1,2,1,0,1,187,0,0,0,1,0,0,0
79,1,71,173,23.722810651876106,112,127,7.9,1,0,2,0,1,3,0,0,0,204,1,0,0,1,1,0,0
74,1,79,177,25.2162533116282,137,155,7.3,0,1,0,0,1,2,1,0,0,195,0,0,1,0,1,1,0
87,1,51,167,18.286779733945284,152,131,8.0,0,0,0,0,0,3,1,0,0,185,1,0,0,0,0,0,0
43,1,48,162,18.289894833104707,67,94,5.3,0,0,0,0,1,2,1,1,0,60,1,0,0,0,0,1,1
59,0,61,184,18.017485822306238,201,160,4.4,0,0,0,0,1,3,1,1,1,100,0,0,0,0,0,0,0
54,1,99,171,33.856571252693136,155,146,4.9,1,1,2,0,1,3,1,0,1,75,0,0,0,0,1,1,0
74,0,58,168,20.549886621315196,52,119,5.0,0,0,0,0,0,2,1,0,0,61,1,0,0,0,0,0,1
83,1,65,151,28.507521599929827,65,142,6.4,0,1,0,1,0,4,1,0,0,207,0,0,1,1,1,1,0
60,1,75,171,25.64891761567662,198,117,4.1,0,0,1,1,0,4,1,0,0,234,0,0,0,0,0,0,0
72,0,65,169,22.758306781975424,136,117,8.6,0,1,2,0,0,2,1,0,0,150,0,0,0,0,0,0,0
82,0,82,156,33.694937541091385,79,127,7.5,0,1,0,0,0,2,1,1,1,173,1,0,1,1,0,0,0
68,1,62,162,23.624447492760247,102,142,4.8,0,1,0,0,0,3,1,1,1,132,1,0,0,0,0,0,0
73,1,58,170,20.06920415224914,126,139,6.1,1,0,0,1,0,3,0,0,0,208,0,1,0,0,0,1,0
41,1,115,174,37.98388162240719,131,148,4.7,0,0,1,0,1,2,1,0,0,164,0,0,1,1,0,1,0
83,1,60,159,23.73323840037973,147,139,6.2,0,1,0,0,0,3,1,0,0,123,1,0,1,0,0,1,0
61,0,86,159,34.01764170721095,108,159,4.8,1,0,2,0,0,2,1,1,1,178,1,0,0,0,0,0,1
90,1,60,171,20.519134092541297,109,164,10.8,0,0,0,1,1,3,1,1,1,140,1,1,1,1,1,0,0
54,1,51,161,19.675166853130666,87,136,3.5,0,1,0,0,1,3,1,0,1,159,1,0,1,0,0,0,1
70,1,73,167,26.175194521137367,67,123,4.0,0,0,3,0,1,3,1,0,0,184,0,1,0,0,0,0,0
74,0,54,187,15.442248848980523,65,126,6.0,0,0,0,0,1,4,0,0,0,338,1,0,0,1,1,0,0
34,1,69,169,24.158817968558527,94,91,6.7,0,1,1,0,1,2,0,0,1,239,0,0,0,0,0,0,0
86,1,63,180,19.444444444444443,112,130,6.7,1,0,0,0,1,2,1,0,1,157,0,0,0,1,0,0,0
73,1,93,157,37.72972534382733,50,117,8.3,0,1,1,1,1,3,0,0,1,103,1,0,0,0,0,0,0
47,0,51,162,19.43301326017375,171,115,7.4,0,0,0,0,1,3,0,1,0,60,0,0,0,0,0,0,0
69,0,85,162,32.38835543362292,75,129,4.7,1,0,2,0,0,4,0,0,0,214,0,0,0,1,1,0,0
69,1,79,158,31.64556962025316,69,88,8.6,0,0,2,1,0,2,1,1,0,205,0,1,0,1,1,0,0
63,1,71,152,30.730609418282548,99,126,7.8,0,1,1,0,1,3,1,1,0,118,0,1,0,0,0,0,0
57,1,63,171,21.545090797168363,50,134,9.3,0,0,2,1,0,2,1,0,0,145,1,0,0,0,0,0,0
64,0,77,173,25.727555214006482,112,99,6.6,0,1,0,0,1,4,1,1,0,160,1,0,0,0,0,0,0
75,1,78,160,30.468749999999993,65,157,8.7,0,1,1,0,0,3,1,0,1,179,1,0,0,0,0,0,1
74,1,80,162,30.48315805517451,50,138,3.5,1,1,0,0,1,3,1,1,1,232,1,0,0,0,1,0,1
65,0,70,170,24.221453287197235,105,155,5.5,1,0,0,1,0,3,1,0,0,84,0,0,0,1,0,0,0
67,0,57,170,19.723183391003463,104,138,4.7,1,1,0,0,0,3,1,1,0,183,0,0,0,1,0,0,0
63,1,88,180,27.160493827160494,168,137,7.9,0,1,2,0,0,3,1,1,1,160,1,0,0,0,0,0,0
53,1,74,181,22.587833094227893,106,160,5.0,0,0,1,1,0,3,1,1,0,124,1,0,1,0,0,0,0
64,1,65,163,24.46460160337235,106,156,8.5,0,1,0,0,0,2,0,0,0,190,0,0,0,0,0,1,0
56,1,59,169,20.65754000210077,101,168,8.1,1,1,4,0,0,3,1,0,0,144,1,1,1,0,0,0,1
53,1,88,159,34.80874965389027,50,127,5.3,0,0,0,1,1,3,1,0,0,145,0,0,0,0,0,0,0
35,1,95,185,27.757487216946675,102,114,7.0,1,1,1,0,0,3,1,1,0,165,0,0,0,0,0,0,0
60,1,83,172,28.055705786911847,98,106,6.1,0,1,4,0,1,3,0,0,0,127,0,1,0,1,0,1,0
74,1,84,179,26.216410224399986,94,110,6.7,0,0,0,0,1,4,1,1,0,182,0,0,1,1,0,0,0
79,1,92,166,33.386558281318045,70,143,8.0,0,0,0,0,0,2,0,0,0,130,1,0,0,0,1,1,0
70,1,69,180,21.296296296296294,119,180,5.8,0,1,1,1,1,3,1,0,0,234,0,1,0,1,0,0,0
49,0,107,177,34.15365954866098,65,160,3.5,1,1,1,1,0,2,1,0,0,161,0,0,0,0,0,0,0
63,1,59,182,17.81185847119913,124,126,7.7,0,1,0,0,0,3,1,0,0,116,0,0,0,0,0,0,0
51,0,71,156,29.17488494411571,113,145,8.6,0,0,0,0,0,3,1,0,1,165,0,1,0,0,0,0,1
87,0,63,170,21.79930795847751,149,118,3.5,0,1,0,0,0,2,1,1,0,199,1,1,1,1,1,0,0
60,0,75,180,23.148148148148145,83,120,6.4,1,1,2,0,1,3,1,0,0,71,0,1,0,0,0,1,1
59,0,100,160,39.06249999999999,146,109,4.6,0,0,2,1,0,4,1,0,0,213,1,0,1,0,0,0,1
76,1,71,175,23.183673469387756,107,110,8.8,1,1,0,0,0,2,1,0,0,167,0,0,0,0,0,0,1
64,1,81,175,26.448979591836736,97,141,8.9,1,1,0,0,1,2,1,0,0,148,1,0,0,0,0,0,0
77,1,45,177,14.363688595231254,70,159,4.9,0,0,1,0,0,4,0,0,0,115,0,0,1,0,1,0,0
51,0,81,173,27.064051588760066,113,150,3.9,1,0,0,0,1,3,1,0,0,167,0,0,0,0,0,0,1
66,1,89,176,28.731921487603305,83,159,7.0,0,0,3,1,1,3,1,0,1,105,0,0,0,0,0,0,0
71,1,76,174,25.102391333069097,99,145,4.3,1,0,1,0,1,3,1,1,1,60,0,1,1,0,0,0,1
33,1,59,181,18.009218277830346,127,129,8.2,0,1,0,0,0,2,0,1,1,114,0,0,0,0,1,0,0
56,1,56,162,21.338210638622158,98,119,6.2,1,1,0,0,0,2,1,1,0,136,1,1,0,0,0,0,0
57,1,66,173,22.052190183434128,111,141,9.7,0,0,3,1,0,2,1,1,1,180,1,1,0,1,0,1,0
65,1,56,182,16.9061707523246,152,96,9.8,1,1,0,1,0,2,0,0,1,139,1,1,1,1,1,0,0
61,1,98,162,37.34186861758877,119,117,9.6,1,0,0,0,1,2,1,1,0,92,0,0,0,1,1,1,1
68,1,82,163,30.863035868869737,76,114,7.3,1,0,0,0,1,4,0,1,0,116,0,0,0,0,1,0,0
62,1,96,175,31.346938775510203,85,154,4.6,0,0,0,0,0,3,1,0,0,151,0,0,0,0,1,0,0
78,0,70,183,20.902385858042937,104,102,3.5,0,0,0,0,0,2,1,1,0,182,0,0,1,0,0,0,0
90,1,63,168,22.321428571428577,174,148,7.7,0,1,2,1,1,3,0,1,0,190,0,0,1,1,0,0,0
46,1,64,170,22.145328719723185,53,137,7.8,1,0,1,0,1,4,1,0,0,81,1,0,0,0,0,1,1
65,1,68,173,22.720438370810918,106,137,7.0,0,1,1,0,0,2,1,0,0,152,0,0,0,0,0,1,0
78,0,67,165,24.609733700642796,147,120,3.8,1,0,0,0,1,4,1,1,1,188,1,1,1,1,0,0,1
56,1,93,191,25.492722238973712,121,100,4.9,0,1,0,0,1,3,0,1,1,106,1,0,0,1,0,0,0
68,1,88,160,34.37499999999999,95,140,6.7,0,0,3,1,0,3,1,1,0,240,0,1,0,1,1,0,0
60,1,79,170,27.33564013840831,50,147,5.3,0,1,0,1,0,3,1,1,1,125,1,0,0,1,0,1,0
52,0,50,171,17.09927841045108,152,139,4.9,0,0,3,0,1,3,1,0,1,200,1,1,0,0,0,0,0
52,1,79,150,35.111111111111114,83,127,4.6,0,0,1,1,0,3,1,1,0,184,1,0,0,1,0,1,0
35,0,70,161,27.005130974885226,66,107,6.2,0,0,1,0,1,3,1,0,1,115,0,0,0,0,0,0,0
66,0,96,156,39.44773175542406,108,117,6.1,0,0,0,0,0,4,1,0,0,150,0,1,0,0,0,0,0
67,0,88,177,28.088991030674453,149,139,4.8,1,0,1,0,0,3,1,0,1,218,1,1,0,1,1,0,0
53,0,77,153,32.89333162458883,114,114,6.5,1,0,3,0,0,3,0,1,1,123,1,1,0,0,0,0,0
61,0,45,179,14.044505477357136,87,110,7.0,0,0,0,1,0,4,1,1,0,158,1,0,0,0,0,1,0
47,1,72,158,28.841531805800347,108,101,7.2,1,1,0,1,0,3,1,0,0,74,0,0,0,0,0,1,0
71,1,65,179,20.286507911738084,104,140,4.6,0,0,2,0,0,3,1,0,0,167,0,0,1,0,0,1,0
60,0,81,156,33.28402366863905,83,140,5.9,0,0,1,0,0,3,1,1,0,129,1,0,0,1,0,1,0
74,1,57,174,18.826793499801823,102,153,6.5,1,0,1,0,0,2,0,1,1,176,0,0,1,0,0,1,0
61,1,78,179,24.343809494085704,71,87,6.8,1,0,1,0,0,3,1,0,1,107,0,0,0,0,0,1,1
53,1,45,175,14.693877551020408,65,153,3.8,1,0,1,0,0,3,1,0,0,165,0,1,0,0,0,0,0
58,0,54,157,21.907582457706194,119,152,5.8,1,1,0,0,1,2,1,0,1,132,0,0,0,0,0,0,0
83,0,61,181,18.619700253350018,86,154,7.7,1,0,0,1,0,2,1,1,0,60,1,1,0,0,0,0,0
90,1,66,175,21.551020408163264,99,132,5.3,0,0,2,1,1,2,0,0,0,154,1,0,1,0,0,1,0
46,0,80,150,35.55555555555556,72,134,7.2,0,0,1,0,0,4,1,0,0,213,1,1,0,1,0,0,0
75,1,50,171,17.09927841045108,80,134,6.5,0,0,2,0,0,2,1,0,0,95,1,1,0,0,0,1,0
51,1,65,195,17.094017094017094,83,111,5.6,0,0,4,0,0,3,0,0,0,117,0,1,0,0,0,1,0
55,1,65,181,19.840664204389366,79,112,9.0,0,1,0,0,0,2,1,1,1,216,1,0,0,0,0,0,0
67,0,85,165,31.22130394857668,85,134,5.9,0,1,2,0,1,2,1,1,0,177,0,0,0,1,0,0,0
70,1,72,175,23.510204081632654,106,125,6.1,0,0,4,0,1,3,0,0,0,133,1,0,0,1,0,0,1
56,1,60,166,21.773842357381334,148,144,5.5,0,1,2,1,0,4,0,0,0,164,1,0,0,0,0,0,1
72,0,58,180,17.901234567901234,126,122,9.5,0,0,0,0,0,3,1,0,1,118,0,1,1,0,0,0,0
79,0,66,161,25.461980633463213,88,100,9.3,1,0,3,0,0,4,0,1,1,273,0,1,1,1,0,0,0
73,1,50,182,15.094795314575533,77,101,8.8,1,1,2,1,1,4,1,0,0,194,1,1,0,0,1,1,1
53,0,99,179,30.8979120501857,50,114,8.2,0,0,0,1,0,2,0,0,1,235,0,0,0,1,0,0,0
59,1,74,176,23.889462809917354,76,144,4.7,0,1,1,0,1,3,1,1,0,154,0,0,1,1,0,0,0
75,1,61,190,16.897506925207757,61,119,5.6,1,1,2,0,0,3,1,1,0,86,0,0,0,0,1,0,0
83,1,59,180,18.209876543209877,101,135,5.0,1,1,0,1,0,3,1,1,0,175,1,1,1,1,1,0,0
49,1,56,180,17.28395061728395,158,96,8.6,1,1,3,0,0,4,0,1,0,212,0,1,1,1,1,0,0
68,1,80,181,24.41927902078691,86,133,11.2,0,1,4,0,1,3,0,1,1,214,1,0,0,1,0,0,1
73,0,50,177,15.959653994701394,50,130,7.9,0,0,0,0,1,2,1,0,1,65,0,0,0,0,1,0,0
48,1,72,174,23.781212841854934,93,153,9.9,0,0,2,1,0,3,0,1,0,160,0,0,0,0,0,0,0
77,1,83,163,31.239414355075468,84,133,7.4,1,1,0,1,0,3,1,1,1,70,0,1,1,0,1,0,0
90,0,66,163,24.840980089578082,144,145,7.1,0,1,0,0,0,3,0,1,0,120,0,0,1,0,0,0,0
72,1,59,174,19.487382745408905,50,168,5.3,1,1,4,1,0,2,0,1,1,179,1,0,1,1,0,0,0
71,1,87,176,28.08626033057851,65,130,7.7,0,0,0,0,0,2,1,1,0,216,0,0,1,0,0,0,0
55,1,58,170,20.06920415224914,126,160,8.3,0,1,0,0,1,4,1,1,0,161,0,0,1,0,0,1,0
59,1,70,165,25.71166207529844,50,132,8.6,1,0,2,0,0,3,0,1,0,92,0,1,1,0,1,1,1
57,0,76,168,26.92743764172336,120,119,6.7,0,1,0,0,1,2,1,0,0,179,0,0,0,1,1,1,0
54,1,65,169,22.758306781975424,76,127,6.9,0,0,1,1,1,2,1,1,0,107,0,0,0,1,0,0,0
62,0,57,172,19.2671714440238,135,119,6.4,0,0,3,0,0,2,1,0,0,135,0,0,0,0,0,0,0
68,0,66,167,23.66524436157625,98,120,5.4,1,0,0,0,1,2,0,0,0,154,0,0,0,1,0,0,0
54,1,80,181,24.41927902078691,94,118,8.3,1,1,0,0,0,4,1,1,0,116,0,0,0,0,0,0,0
60,1,64,168,22.67573696145125,120,123,3.5,0,1,0,0,0,4,0,0,0,181,0,0,0,0,0,0,0
68,1,81,163,30.48665738266401,100,144,3.5,0,0,3,0,1,2,1,1,1,187,0,0,0,0,1,0,0
39,1,71,169,24.859073561850078,56,95,5.4,1,1,1,0,0,3,1,0,1,201,0,1,0,1,1,0,0
76,1,65,158,26.037493991347535,81,135,4.0,1,1,1,0,0,3,1,1,0,221,0,1,0,1,1,0,0
67,0,64,190,17.72853185595568,50,132,8.7,1,1,0,1,0,2,0,0,0,142,0,1,1,0,0,0,0
67,0,78,176,25.180785123966942,69,157,5.6,0,1,3,1,1,3,1,0,1,88,1,1,0,1,1,0,0
78,1,91,169,31.861629494765594,50,122,8.3,0,1,1,0,1,2,1,0,1,93,1,1,0,0,1,0,0
76,0,76,184,22.448015122873343,181,152,9.1,0,1,1,0,1,3,1,1,0,236,0,1,0,0,0,1,0
72,1,60,167,21.513858510523864,99,112,6.6,0,1,1,0,1,4,1,0,0,230,1,0,0,1,0,1,1
68,1,91,169,31.861629494765594,118,120,7.2,0,1,2,0,1,4,0,1,0,216,1,0,0,1,0,0,0
64,1,61,162,23.243408017070564,70,138,9.0,1,0,0,0,0,3,1,1,1,120,0,0,1,0,0,0,0
58,0,100,160,39.06249999999999,118,142,8.5,0,0,3,0,0,4,0,0,0,234,0,0,0,0,0,0,0
53,0,72,172,24.337479718766904,127,124,3.5,0,0,0,0,1,3,1,0,0,141,0,0,1,0,0,0,0
69,0,61,180,18.827160493827158,132,134,5.7,1,1,0,0,0,3,1,0,0,167,1,1,0,0,0,0,1
69,0,83,161,32.02036958450677,97,126,7.5,1,0,0,0,0,2,1,1,1,191,0,0,0,0,0,0,1
66,1,70,167,25.099501595611173,135,145,6.9,0,0,0,0,1,2,1,1,0,213,1,1,0,0,0,0,0
48,0,81,167,29.043708989207214,78,127,4.5,1,0,0,0,0,3,0,1,0,177,0,0,0,0,0,0,0
33,0,76,177,24.258674071946118,113,125,3.5,0,0,0,1,1,4,1,0,0,218,0,0,1,0,0,0,0
65,1,54,165,19.834710743801654,101,149,7.7,1,1,0,0,0,3,1,0,1,150,0,1,0,0,0,0,0
42,1,73,177,23.301094832264035,58,134,4.8,0,1,4,0,0,3,1,1,0,139,0,1,0,0,0,1,0
68,0,82,177,26.173832551310287,50,143,6.2,0,1,3,0,0,2,1,1,1,133,1,0,0,0,0,0,0
88,0,76,163,28.604764951635367,89,179,6.8,0,0,0,1,1,4,1,0,0,92,0,0,0,1,0,0,0
68,0,93,167,33.34648069131199,89,90,6.2,0,0,0,0,0,3,1,1,1,60,0,0,0,1,0,0,0
59,1,79,170,27.33564013840831,90,109,4.6,0,0,0,0,0,3,1,0,0,202,0,0,0,0,0,0,1
52,1,71,165,26.07897153351699,136,111,6.3,0,1,3,0,1,4,1,0,0,138,0,0,0,0,0,1,0
58,1,78,161,30.091431657729252,148,112,5.4,0,0,0,1,0,4,1,1,0,187,0,1,1,1,0,1,0
64,0,67,184,19.78969754253308,123,158,9.8,0,1,1,0,1,3,1,0,0,179,1,1,0,0,0,0,0
77,0,80,152,34.62603878116344,120,76,6.9,0,1,0,0,0,3,1,0,0,157,0,0,1,1,1,0,1
66,0,80,172,27.041644131963228,97,139,11.6,1,0,2,0,1,2,1,0,0,197,1,1,0,0,0,1,1
61,1,56,183,16.72190868643435,106,99,3.9,0,1,1,1,0,4,1,0,1,203,0,1,0,0,1,1,0
73,1,86,161,33.17773234057328,115,130,5.9,0,0,0,0,0,2,1,0,0,102,1,0,0,0,0,1,0
82,1,108,170,37.37024221453288,104,135,5.9,0,0,0,0,1,4,0,1,0,226,0,1,1,0,1,0,0
68,1,83,179,25.90431010268094,120,148,4.9,0,1,2,0,1,2,0,1,1,193,0,0,1,0,0,0,0
67,0,45,150,20.0,101,124,5.8,0,1,0,0,0,4,0,1,0,106,0,0,0,0,0,0,0
45,0,68,169,23.80869017191275,82,126,5.5,1,1,0,0,1,3,1,0,0,117,1,1,0,0,0,0,0
48,1,55,154,23.19109461966605,109,89,4.5,1,0,0,1,0,3,1,0,1,87,1,0,1,0,0,1,1
47,1,70,179,21.847008520333322,91,175,10.1,1,0,1,0,1,2,1,0,0,181,0,0,0,0,0,1,0
62,1,85,162,32.38835543362292,150,136,6.3,0,1,1,1,0,3,1,1,0,141,1,0,0,1,1,0,0
54,1,64,187,18.301924561754696,85,138,8.4,0,0,0,1,0,3,0,1,1,60,1,0,0,1,0,1,0
59,0,103,160,40.23437499999999,200,151,8.5,0,0,0,1,0,2,1,0,0,122,0,1,0,1,0,0,0
54,1,45,174,14.863258026159334,157,128,9.4,0,1,0,0,1,3,0,0,1,130,1,0,0,0,0,0,1
55,0,71,161,27.390918560240728,60,138,4.5,0,1,1,0,1,4,0,1,0,155,1,1,1,0,0,0,0
42,1,80,167,28.685144680698485,143,144,9.0,0,1,3,0,0,2,0,0,1,73,0,1,0,0,0,0,0
67,1,56,169,19.607156612163443,95,100,6.4,0,1,0,0,0,3,1,1,0,155,0,0,0,1,0,1,0
73,1,58,170,20.06920415224914,119,140,10.6,0,0,1,0,0,2,1,1,0,225,0,1,0,1,0,0,0
65,0,86,186,24.858365128916635,155,171,7.5,1,1,0,0,1,4,1,0,1,159,0,0,0,0,0,1,0
69,0,103,184,30.42296786389414,72,164,4.2,1,0,1,0,1,2,1,1,1,179,0,1,0,0,1,0,0
70,0,105,162,40.009144947416544,83,160,9.0,1,1,1,0,1,2,0,1,0,228,0,0,0,0,0,0,0
70,1,69,170,23.87543252595156,126,168,8.8,1,1,1,1,1,4,0,1,1,145,0,1,0,0,0,1,1
