age,weight,height,bmi,creatinine,hemoglobin,glucose,diabetes,hypertension,ckd_stage,copd,smoking,asa_class,peripheral_artery_disease,anticoagulants,emergency,surgery_duration,critical_limb_ischemia,aki,delirium,respiratory,infection,thrombosis,amputation
76,87,186,25.14741588622962,109,126,9.0,0,0,1,0,1,3,1,1,0,246,0,1,0,1,0,0,0
56,83,162,31.626276482243554,54,119,4.6,0,0,0,0,1,3,1,0,0,116,1,0,1,1,0,1,0
51,80,171,27.358845456721728,85,130,8.2,1,1,3,0,0,2,1,0,1,150,0,1,0,0,0,1,0
56,91,167,32.62935207429452,105,151,9.3,0,0,2,1,0,3,1,1,1,141,0,0,1,0,0,0,0
68,80,170,27.68166089965398,68,123,8.6,1,0,4,1,1,3,1,1,0,148,0,0,0,1,0,1,0
61,69,165,25.344352617079892,116,118,3.5,0,0,0,0,1,3,1,0,1,131,1,0,1,0,0,1,0
71,82,176,26.47210743801653,136,140,3.5,0,0,0,0,1,4,1,0,1,156,0,1,0,0,0,0,0
66,81,158,32.446723281525394,69,113,5.6,1,0,1,0,1,3,1,1,0,109,0,1,1,1,0,1,0
48,82,166,29.757584555087824,104,112,5.7,0,0,2,0,0,3,1,1,0,138,0,0,1,0,0,0,0
79,61,178,19.252619618735007,56,137,8.2,0,0,3,1,0,3,0,0,1,60,1,1,0,0,0,0,0
58,60,150,26.666666666666668,59,94,4.6,0,0,0,0,0,3,0,1,1,144,0,0,1,0,0,0,0
74,88,173,29.402920244578837,110,120,7.3,0,1,3,1,0,3,1,0,0,166,0,1,1,1,0,1,0
54,72,164,26.769779892920884,124,147,4.3,1,0,1,0,0,2,1,0,1,197,0,0,0,0,1,1,0
54,45,186,13.007284079084286,50,93,7.2,0,1,0,0,0,2,1,0,0,207,0,1,0,0,0,0,0
53,54,173,18.042701059173375,171,94,5.6,1,0,0,0,0,3,1,0,0,131,1,1,0,0,0,1,0
47,55,162,20.957171162932475,82,101,7.2,0,1,2,1,1,2,0,0,0,192,1,1,0,1,0,0,0
48,91,184,26.878544423440452,107,75,5.8,0,1,0,0,0,3,1,1,0,92,0,0,0,0,0,0,0
69,74,170,25.605536332179934,81,167,3.5,0,1,1,0,0,2,1,0,0,124,0,1,0,0,0,0,0
53,75,171,25.64891761567662,90,132,7.5,1,0,1,0,1,3,0,1,0,231,0,1,0,0,0,0,0
69,69,178,21.777553339224845,153,116,8.8,1,0,0,0,1,2,1,1,0,159,1,0,0,0,0,0,0
66,59,163,22.20633068613798,152,104,4.8,0,0,2,0,0,3,0,1,0,161,1,1,0,1,0,1,0
75,86,184,25.401701323251416,50,174,8.1,0,0,0,0,0,3,0,0,1,141,1,1,1,0,0,0,1
52,84,175,27.428571428571427,80,143,5.3,1,1,2,1,0,3,1,1,0,243,0,1,1,0,0,0,0
77,64,163,24.088223117166624,203,127,3.8,0,0,0,0,1,2,0,0,0,176,0,0,0,0,0,1,0
54,96,165,35.26170798898072,84,154,5.3,0,1,0,0,0,3,1,1,0,224,0,0,0,1,0,1,0
32,86,157,34.889853543754306,114,137,6.1,1,1,2,0,0,3,1,1,1,120,1,0,0,0,0,0,0
67,62,173,20.715693808680545,139,119,3.9,1,1,3,0,1,3,0,1,0,101,0,1,0,1,1,1,1
54,70,168,24.801587301587304,129,117,9.2,0,0,0,1,0,3,1,1,0,111,0,0,0,1,0,0,0
82,69,173,23.054562464499313,50,118,3.5,0,0,1,0,1,2,0,0,1,181,1,0,1,1,1,0,1
68,79,152,34.193213296398895,111,109,5.4,1,0,0,0,1,2,1,1,0,232,0,0,0,1,0,1,0
63,53,164,19.705532421177875,161,152,4.7,0,1,2,1,0,2,1,1,0,187,0,1,0,1,0,0,0
67,64,160,24.999999999999996,101,119,9.2,0,1,4,0,0,2,1,0,1,193,1,1,0,0,1,1,0
59,86,174,28.405337561104506,63,157,3.5,0,0,1,0,0,2,0,0,1,158,0,0,1,0,0,0,0
85,51,163,19.195302796492154,64,113,8.2,1,1,0,1,0,4,0,0,1,86,0,1,0,0,0,0,1
58,72,174,23.781212841854934,93,118,6.9,0,0,2,0,0,2,0,1,0,251,0,1,0,0,0,0,0
70,56,164,20.820939916716245,123,120,4.0,0,1,1,0,1,2,1,0,1,183,0,0,0,1,0,0,0
55,88,186,25.4364666435426,201,112,5.8,0,1,0,1,0,3,0,1,1,176,0,0,0,0,0,1,0
65,80,170,27.68166089965398,89,118,6.1,1,0,0,0,0,4,1,0,0,193,1,0,0,0,1,0,0
50,52,179,16.22920632939047,119,141,7.7,1,1,1,0,0,4,1,1,0,64,0,0,1,0,1,0,0
67,59,168,20.904195011337873,50,154,5.2,1,1,1,1,0,3,0,0,0,124,1,0,0,0,0,1,0
65,75,179,23.40750912892856,50,135,7.8,1,1,0,1,0,2,1,0,0,181,1,0,0,1,0,0,0
71,45,162,17.146776406035663,82,106,6.6,0,0,0,0,0,2,1,0,1,142,0,0,0,0,0,0,0
70,58,169,20.307412205454995,115,118,7.4,0,1,0,0,0,3,1,1,1,146,0,1,1,0,0,0,0
65,62,165,22.77318640955005,96,118,4.7,1,0,1,0,0,2,1,0,0,214,1,0,0,1,0,0,1
89,94,188,26.595744680851066,101,164,6.0,0,1,0,0,0,3,0,0,1,155,1,0,1,0,0,0,0
64,66,158,26.43807082198365,90,149,6.7,1,0,0,0,0,4,1,1,0,268,1,1,1,0,0,0,0
65,84,190,23.26869806094183,99,154,6.7,1,1,0,0,0,2,1,0,0,147,0,0,0,0,1,0,0
63,67,156,27.531229454306374,89,115,6.4,0,1,3,0,1,3,0,0,0,190,0,1,0,1,0,0,0
67,86,177,27.450604870886398,52,104,10.7,0,0,0,0,0,4,1,1,1,174,1,0,1,0,0,0,0
61,51,163,19.195302796492154,50,141,7.6,0,1,3,0,1,3,1,0,1,121,0,0,0,1,0,0,1
60,64,172,21.63331530557058,147,120,8.0,0,0,1,0,0,4,1,0,1,98,1,0,0,0,1,0,0
74,73,168,25.86451247165533,71,135,7.0,0,0,1,0,0,4,1,1,0,151,0,1,1,1,1,1,0
64,77,161,29.705644072373747,91,138,7.6,1,0,3,0,0,3,1,1,0,246,1,0,0,0,1,1,0
77,79,170,27.33564013840831,141,122,6.9,1,0,0,0,0,3,0,0,0,130,1,1,0,0,0,1,0
42,77,165,28.282828282828287,90,150,10.1,1,0,2,1,0,3,0,0,1,175,0,0,0,0,1,0,0
83,82,175,26.775510204081634,130,100,6.4,1,1,1,0,1,3,1,1,0,137,0,0,0,1,0,0,0
75,74,159,29.270994027135,68,132,8.2,0,0,4,1,1,3,0,1,0,161,1,0,1,1,0,1,0
64,77,174,25.43268595587264,154,143,10.7,0,1,0,0,0,4,0,0,0,207,0,0,0,0,0,0,0
64,59,178,18.621386188612547,107,164,7.8,0,1,1,0,1,3,0,0,1,155,0,0,0,0,0,0,1
72,50,168,17.71541950113379,99,132,5.9,1,0,4,0,1,3,1,1,0,119,1,0,0,0,0,0,1
52,58,156,23.83300460223537,94,155,5.0,0,1,0,0,1,3,0,0,1,230,1,0,0,0,1,0,0
65,49,187,14.012410992593438,126,153,5.5,1,0,4,1,0,2,0,1,0,119,0,0,0,0,1,1,0
66,78,174,25.762980578676178,108,176,7.3,0,1,2,0,1,4,1,1,0,183,1,1,0,1,0,0,0
40,89,162,33.91251333638164,50,136,10.1,0,0,0,0,0,2,1,1,0,75,1,1,0,0,0,0,0
69,60,174,19.817677368212443,84,171,7.7,1,0,0,1,0,3,0,0,0,214,0,0,1,0,1,0,1
48,90,153,38.446751249519416,111,146,5.7,1,1,0,0,1,3,1,0,0,280,0,0,1,1,1,0,0
77,81,181,24.724520008546747,66,99,5.9,0,1,0,0,1,3,0,1,0,148,1,0,0,1,0,0,0
81,66,191,18.09160933088457,82,130,6.2,1,1,0,0,0,3,1,0,0,98,0,0,1,0,1,0,0
83,69,178,21.777553339224845,86,111,3.8,1,0,3,1,0,2,0,0,0,188,0,1,0,0,0,0,0
61,91,159,35.99541157390926,155,160,5.6,1,0,1,0,0,4,0,1,0,154,0,0,0,0,0,1,0
60,45,150,20.0,120,133,5.5,0,1,0,0,0,2,1,0,1,257,1,0,0,1,0,1,1
41,91,183,27.173101615455817,111,103,12.1,0,0,0,1,0,2,1,1,0,120,0,0,0,0,1,0,0
73,88,168,31.17913832199547,59,147,8.4,1,0,1,0,0,2,1,1,0,83,0,0,0,0,0,0,0
46,66,166,23.95122659311947,76,156,4.4,0,0,1,1,1,3,1,0,0,165,0,0,0,0,0,0,0
47,73,181,22.282592106468055,129,121,3.5,1,1,2,1,0,3,0,1,0,179,0,1,0,1,1,0,0
61,99,164,36.808447352766215,123,121,3.9,0,1,1,0,0,3,1,0,0,111,0,0,0,0,1,0,0
51,55,177,17.555619394171533,50,134,9.3,1,0,3,0,0,2,0,1,0,198,1,1,0,0,1,0,0
53,72,170,24.913494809688583,148,93,3.8,0,1,2,0,1,3,1,1,1,152,1,0,0,0,0,0,0
65,84,172,28.393726338561386,69,144,9.7,0,0,0,0,1,2,0,0,0,136,0,0,1,1,0,0,0
75,78,186,22.54595907041276,112,163,7.0,0,1,0,1,1,3,1,0,0,177,0,0,0,0,0,1,0
71,75,165,27.548209366391188,195,116,6.0,1,0,0,0,1,4,1,1,0,135,0,0,0,1,0,0,0
67,102,164,37.923854848304586,85,166,4.2,0,1,0,0,0,3,1,1,1,113,0,1,1,1,0,0,0
78,58,167,20.796729893506402,105,149,9.0,0,1,0,0,0,4,1,1,1,69,1,0,0,0,0,0,1
66,59,157,23.93606231490121,80,128,7.6,0,0,0,0,0,3,0,1,0,119,1,0,0,0,0,0,0
58,45,179,14.044505477357136,106,142,8.3,0,1,0,0,1,3,0,0,0,274,1,0,1,0,0,0,0
55,58,178,18.30576947355132,149,161,6.0,1,0,1,0,0,3,1,0,0,151,0,0,0,0,1,1,0
71,65,169,22.758306781975424,93,132,7.8,1,0,0,0,1,3,1,1,0,99,0,1,0,1,1,1,0
51,79,160,30.859374999999993,89,137,9.5,0,0,1,0,0,2,1,0,0,213,1,0,0,0,0,1,1
69,89,150,39.55555555555556,138,119,7.7,0,1,4,0,0,2,0,1,0,147,1,1,0,1,0,0,1
59,60,161,23.147255121330193,55,127,4.4,0,1,1,0,1,3,0,1,0,164,0,0,0,0,0,1,0
54,72,167,25.816630212628635,102,144,7.5,0,1,1,0,0,3,1,1,0,163,1,0,0,0,0,0,0
54,95,151,41.6648392614359,74,126,8.0,1,1,2,1,1,4,1,0,1,224,1,0,0,1,0,1,1
76,72,194,19.130619619513233,91,119,9.9,0,0,0,0,0,4,1,1,1,83,1,1,0,0,1,1,1
54,82,174,27.08415906989034,68,153,7.7,1,0,0,0,1,4,1,0,0,222,0,1,0,1,0,0,0
61,91,175,29.714285714285715,50,139,8.7,0,1,4,0,0,2,0,0,0,187,1,0,0,0,0,0,0
59,61,168,21.612811791383223,50,120,7.7,0,0,2,1,1,3,0,1,0,153,1,0,0,1,0,0,0
77,57,177,18.194005553959588,84,165,3.8,0,1,0,1,0,2,1,1,0,107,1,0,0,1,0,0,1
83,99,166,35.9268398896792,107,172,8.2,1,1,0,0,0,3,1,0,0,137,1,0,0,0,0,1,1
75,83,168,29.40759637188209,128,150,6.7,0,0,0,1,0,2,1,1,0,152,1,0,1,1,0,0,0
60,55,184,16.245274102079396,53,106,10.5,0,0,3,0,0,3,1,0,0,240,0,0,0,0,0,1,0
69,59,180,18.209876543209877,105,138,3.6,1,0,1,1,0,3,1,1,0,221,1,0,0,1,1,1,0
54,71,169,24.859073561850078,119,141,4.2,0,1,0,0,0,2,1,1,0,130,0,0,1,0,1,1,0
67,95,190,26.315789473684212,112,98,8.0,1,0,1,0,0,3,1,1,1,250,1,0,1,1,0,0,1
43,89,169,31.161373901474043,109,153,9.5,0,0,0,1,0,3,1,0,1,197,0,0,0,1,1,0,0
67,91,164,33.834027364663896,50,134,6.3,0,0,0,0,1,2,1,0,0,173,0,1,0,0,0,0,0
64,68,171,23.25501863821347,95,152,6.3,1,0,0,0,0,4,1,0,0,135,0,0,0,0,1,0,0
70,74,173,24.725182932941294,97,123,6.9,0,1,1,0,0,3,1,0,0,121,1,0,0,1,0,1,1
64,63,158,25.236340330075304,119,139,5.5,1,0,1,0,0,2,0,0,1,177,0,0,0,0,0,0,0
75,68,174,22.460034350640772,148,140,8.5,0,0,2,1,0,3,0,1,0,169,0,1,0,1,1,0,0
55,58,191,15.898686987747046,90,133,5.5,1,0,1,1,0,4,1,1,0,130,0,0,0,0,1,1,0
74,61,179,19.038107424861895,87,139,7.9,0,0,1,0,1,4,1,0,0,205,0,0,1,0,0,1,0
70,64,176,20.66115702479339,104,127,3.9,0,0,3,1,1,2,0,1,0,158,1,0,0,1,0,0,0
78,72,174,23.781212841854934,100,106,9.9,1,1,0,0,1,4,0,1,1,170,1,1,1,0,1,0,1
78,81,160,31.640624999999993,115,89,3.5,0,1,0,0,0,3,0,1,0,203,1,1,0,1,1,0,0
53,99,160,38.67187499999999,118,117,4.4,0,0,0,0,0,2,0,0,0,191,0,0,0,0,0,0,0
71,69,171,23.59700420642249,93,145,11.0,0,1,0,0,0,3,1,0,1,69,0,0,1,0,0,1,0
51,83,165,30.48668503213958,117,109,6.7,0,1,0,0,1,3,1,1,0,188,1,0,0,0,1,0,0
78,72,155,29.968782518210194,92,151,5.2,0,0,3,0,1,3,0,0,1,151,0,1,0,0,0,0,0
54,89,166,32.29786616344898,50,157,3.9,0,0,0,0,1,3,1,0,1,127,1,1,0,0,1,0,0
60,56,174,18.49649887699828,59,139,5.6,0,0,0,1,0,3,1,1,0,152,1,0,0,0,0,0,0
67,66,175,21.551020408163264,50,126,7.1,1,1,0,0,1,3,1,1,0,134,0,0,0,1,0,1,0
73,84,161,32.40615716986227,158,150,7.5,0,0,0,0,1,3,1,0,1,156,1,0,0,1,1,1,0
69,83,169,29.060607121599386,144,153,7.1,0,1,0,0,0,2,0,1,0,148,0,1,0,0,0,0,0
74,83,174,27.414453692693883,136,125,3.5,1,1,0,1,1,3,1,1,1,184,1,0,1,1,0,0,1
65,96,157,38.946813258144346,92,131,6.8,0,1,3,0,0,2,1,0,1,73,1,0,0,0,1,1,1
67,48,162,18.289894833104707,134,113,7.2,0,0,0,1,1,4,0,0,1,159,0,0,0,0,0,0,1
43,56,169,19.607156612163443,131,135,7.2,0,1,0,0,1,3,0,1,0,148,0,0,0,0,0,0,0
77,83,160,32.42187499999999,50,88,6.6,1,0,2,0,0,2,1,0,0,262,0,0,1,1,1,1,0
61,87,166,31.572071418202935,72,124,4.0,0,0,0,0,1,3,0,0,0,60,0,0,0,0,1,0,1
59,84,194,22.31905622276544,118,112,4.7,0,0,0,0,1,3,0,1,0,196,0,1,0,0,0,0,0
88,115,154,48.490470568392645,82,128,8.9,1,1,0,0,0,2,1,0,0,171,0,0,0,0,0,0,0
32,61,184,18.017485822306238,75,114,4.9,1,1,2,0,1,2,1,1,1,188,0,1,1,0,0,0,1
66,80,173,26.729927495071667,128,91,5.1,0,1,2,0,0,4,1,1,1,127,1,0,1,0,0,0,0
38,73,157,29.61580591504726,71,116,5.9,0,1,0,0,0,3,1,1,0,165,0,0,0,0,0,1,0
69,84,176,27.117768595041323,186,120,4.1,0,1,3,1,0,2,0,1,0,157,1,1,0,0,0,0,1
56,80,170,27.68166089965398,155,151,7.8,1,0,1,0,0,3,0,1,0,326,0,1,1,0,1,0,0
30,67,182,20.227025721531216,92,117,4.0,1,1,2,0,1,2,1,1,0,134,0,0,0,0,0,0,0
78,80,176,25.826446280991735,143,113,8.7,0,0,2,0,0,2,0,0,0,110,1,0,0,1,0,0,0
49,76,171,25.990903183885642,106,106,3.8,0,0,1,0,1,2,1,1,1,250,1,1,0,1,0,1,0
76,76,166,27.58020031934969,85,152,5.9,0,0,2,0,0,4,0,0,0,167,0,0,1,0,0,0,0
53,92,181,28.082170873904946,169,125,7.2,0,1,0,0,0,2,1,1,0,175,0,1,0,0,0,0,1
59,112,166,40.64450573377849,113,135,8.1,0,1,0,0,0,3,1,1,0,206,0,0,0,1,0,0,0
37,46,155,19.14672216441207,68,99,6.0,0,1,0,0,1,2,1,0,0,153,0,0,0,0,0,0,0
70,94,151,41.226262006052366,116,94,5.1,0,0,0,1,1,3,0,1,0,129,0,0,0,1,0,0,0
58,84,157,34.0784616008763,158,111,9.3,0,1,4,0,0,3,1,0,1,156,0,0,0,0,0,1,0
60,63,178,19.883853048857468,100,162,6.9,1,1,3,1,1,3,1,0,0,107,1,0,0,0,0,1,1
63,69,166,25.039918710988534,107,108,6.2,1,1,0,0,0,3,1,1,0,77,1,0,0,0,0,0,1
45,88,162,33.53147386069196,89,117,3.5,1,0,0,0,1,3,1,0,0,107,1,0,0,0,0,1,0
73,75,165,27.548209366391188,112,130,6.9,0,0,1,0,1,4,1,1,0,60,0,0,0,0,0,0,1
58,74,178,23.355636914530994,65,117,6.5,1,0,0,0,0,3,1,0,0,131,0,1,0,0,0,0,0
90,64,176,20.66115702479339,72,139,3.8,0,1,2,0,1,3,0,0,0,125,0,1,1,1,1,0,0
59,63,171,21.545090797168363,88,113,4.9,0,1,1,1,0,4,1,1,0,180,1,0,1,1,0,1,0
60,60,164,22.308149910767405,105,107,6.7,0,0,1,0,1,2,1,0,0,156,0,0,0,0,0,0,0
48,67,166,24.31412396574249,138,180,7.4,0,0,1,1,1,4,1,1,0,143,1,0,0,0,0,0,0
45,73,168,25.86451247165533,94,111,4.5,1,0,0,0,0,3,1,1,0,208,0,1,0,1,1,0,0
75,80,161,30.86300682844026,128,145,4.5,0,1,0,0,0,3,0,1,0,129,0,0,0,0,0,0,0
77,62,168,21.9671201814059,84,111,6.7,0,0,0,1,1,3,1,1,1,94,0,0,0,0,0,0,0
58,86,160,33.59374999999999,120,99,4.8,0,1,2,0,0,2,0,0,0,60,1,0,0,0,0,0,0
66,61,173,20.381569714992146,141,128,6.1,1,1,0,0,1,2,1,1,1,151,0,1,0,0,0,0,0
79,86,174,28.405337561104506,95,103,10.1,0,0,3,0,0,3,1,1,0,147,0,1,1,0,0,0,0
68,62,181,18.924941241109856,112,122,6.4,0,0,0,0,1,2,1,1,0,213,1,0,0,0,0,1,0
70,105,172,35.49215792320173,79,114,8.5,1,1,1,0,0,2,1,0,0,106,1,0,0,1,0,0,1
66,84,172,28.393726338561386,120,155,4.0,0,0,0,0,0,4,0,1,1,187,0,0,0,0,0,0,0
57,87,161,33.56351992592878,50,99,5.0,0,1,4,0,0,2,0,0,0,60,0,1,0,1,0,0,0
69,72,169,25.209201358495854,50,143,4.9,0,1,0,0,1,4,1,0,0,85,1,0,1,0,0,0,0
87,84,159,33.22653376053162,120,135,4.3,0,0,1,0,0,3,1,0,0,169,1,0,1,1,1,1,0
58,56,152,24.238227146814403,50,125,3.5,0,1,4,0,0,3,1,1,0,184,1,0,0,0,0,0,0
75,60,167,21.513858510523864,82,114,6.9,0,0,0,0,0,3,1,0,0,67,1,0,0,1,0,0,1
67,70,164,26.026174895895306,149,133,7.3,0,0,1,0,1,2,0,0,0,110,0,1,0,0,0,0,0
57,97,176,31.31456611570248,130,134,4.6,0,0,1,0,0,3,1,0,0,152,0,0,1,1,1,0,0
75,90,160,35.15624999999999,183,137,5.0,1,0,0,0,0,4,1,0,1,145,1,0,1,1,0,1,1
74,45,195,11.834319526627219,102,124,6.7,0,1,1,1,0,2,1,0,0,177,1,0,0,0,0,0,0
71,60,165,22.03856749311295,97,107,6.5,0,1,1,0,0,3,1,1,1,195,0,0,0,0,0,0,0
85,73,169,25.55932915514163,100,147,8.6,0,1,0,0,0,2,1,1,1,86,1,0,0,0,0,0,0
87,93,164,34.577632361689474,67,129,8.8,0,0,2,0,0,4,1,0,1,172,0,0,1,0,1,0,0
65,78,177,24.897060231734173,92,117,5.2,0,1,1,0,0,4,1,0,0,114,0,0,0,1,0,0,0
63,45,167,16.1353938828929,55,109,6.4,1,0,1,0,0,3,1,1,0,166,0,1,0,0,1,0,0
47,57,160,22.265624999999996,141,148,4.5,1,1,4,1,0,3,1,1,1,126,0,1,0,0,1,0,1
83,85,151,37.27906670760054,125,157,9.5,1,1,1,0,0,3,1,1,0,203,1,1,0,0,1,1,1
64,78,175,25.46938775510204,59,141,7.0,0,0,2,0,1,3,0,0,0,179,1,0,0,0,0,0,0
57,77,176,24.857954545454547,76,142,8.5,0,0,3,1,1,3,1,1,0,100,1,1,1,0,0,1,1
53,91,173,30.405292525644022,113,153,5.8,1,0,1,1,0,2,1,1,1,66,0,1,0,0,0,0,0
53,69,167,24.740937287102444,109,122,8.5,0,1,2,0,1,2,0,1,0,209,0,0,0,0,1,0,0
86,85,166,30.84627667295689,63,172,8.0,1,1,0,0,0,3,1,1,0,114,1,1,0,0,0,0,0
75,99,177,31.600114909508758,102,108,9.1,0,1,0,0,0,3,1,0,0,119,0,0,0,0,0,0,0
47,78,168,27.636054421768712,119,125,3.8,0,1,1,0,1,3,1,1,0,187,0,0,0,0,0,0,0
47,61,181,18.619700253350018,121,114,6.6,1,1,3,1,0,3,1,1,0,98,1,1,1,1,0,1,0
66,68,169,23.80869017191275,158,131,8.7,0,0,0,1,0,3,1,0,0,159,0,1,0,1,0,1,0
52,61,168,21.612811791383223,108,164,4.6,0,1,2,0,1,2,1,1,0,150,0,0,0,0,0,0,0
61,45,173,15.035584215977813,56,125,7.5,0,1,0,0,0,3,1,1,1,145,0,0,1,0,0,1,1
83,63,183,18.812147272238644,62,138,7.6,0,0,1,0,0,3,0,1,0,209,1,1,1,0,0,0,0
77,84,181,25.640242971826257,143,71,7.9,1,0,1,0,1,4,1,1,0,173,1,0,0,0,0,1,1
44,75,169,26.25958474843318,156,138,7.2,0,1,0,0,1,3,1,0,0,198,1,0,0,0,0,0,0
52,95,166,34.47525039918711,98,149,7.7,0,1,0,0,0,2,0,0,1,137,0,0,1,0,0,0,0
67,77,157,31.238589800803275,113,132,7.4,0,1,0,0,0,3,1,0,1,113,0,1,0,1,0,0,0
78,88,176,28.40909090909091,103,108,8.9,0,1,4,0,0,3,1,0,1,201,0,1,0,0,0,1,0
55,48,152,20.775623268698062,89,105,5.1,0,0,1,0,1,4,0,0,0,121,0,0,1,0,0,0,0
69,68,187,19.445794846864363,50,118,7.2,0,0,0,1,0,4,1,0,0,156,0,0,0,1,0,0,0
59,70,178,22.093170054286073,116,105,8.9,0,1,0,0,0,4,1,0,0,171,0,0,1,0,0,1,0
86,62,162,23.624447492760247,162,161,4.9,0,1,0,0,0,2,1,0,0,111,0,0,1,0,1,0,0
72,97,182,29.283902910276534,105,139,5.1,1,0,1,1,1,2,1,0,0,111,1,0,0,0,0,0,0
62,46,175,15.020408163265307,89,158,7.5,0,0,2,0,1,3,0,0,1,136,1,0,0,0,0,0,0
47,73,174,24.111507464658473,84,124,9.3,1,0,4,0,0,3,1,0,0,187,0,0,0,1,1,0,0
52,91,167,32.62935207429452,117,114,6.2,1,0,2,0,1,2,0,1,0,167,1,0,0,1,0,0,1
34,86,175,28.081632653061224,140,115,6.7,1,1,1,0,0,2,0,1,0,82,0,0,0,0,0,0,0
68,69,155,28.720083246618103,118,120,7.2,0,1,1,0,1,3,1,0,0,247,1,0,0,0,0,1,0
72,61,170,21.107266435986162,50,120,5.5,0,1,1,0,1,4,1,1,0,169,0,0,1,0,1,0,0
73,91,163,34.25044224472129,160,154,10.9,0,0,0,0,1,3,1,1,0,128,0,1,1,0,0,0,0
57,67,167,24.023808670084982,129,148,4.7,0,0,2,0,1,3,0,1,0,142,0,0,0,1,0,0,0
80,62,163,23.335466144755166,93,135,6.7,1,0,0,0,0,3,1,1,0,137,0,0,1,1,1,1,0
84,90,163,33.87406375851557,81,96,6.7,0,0,0,0,0,3,1,1,0,131,0,0,1,1,1,1,0
57,79,182,23.849776597029344,84,135,3.5,0,0,4,1,1,4,1,0,0,208,1,0,0,1,0,0,0
79,69,155,28.720083246618103,130,123,4.8,0,1,1,1,0,2,0,0,0,268,0,1,1,1,0,0,0
66,79,174,26.09327520147972,50,158,3.8,1,1,1,1,0,4,1,1,1,124,0,1,0,1,0,0,0
58,81,158,32.446723281525394,117,147,7.9,1,0,3,0,0,3,1,1,1,127,0,1,0,0,0,0,0
79,74,183,22.096807907073963,109,132,3.5,1,0,2,0,1,2,1,0,0,145,0,1,1,1,1,0,0
50,77,174,25.43268595587264,109,88,8.4,0,0,0,0,1,3,1,1,1,81,0,0,0,0,0,0,1
47,45,155,18.730489073881373,59,127,4.1,1,1,1,1,0,2,0,1,0,176,0,0,0,0,0,0,0
60,73,173,24.3910588392529,50,116,8.4,0,1,0,0,0,2,1,0,0,159,1,0,1,0,0,0,0
62,65,163,24.46460160337235,178,138,3.7,1,1,0,0,0,4,0,1,0,157,1,0,0,0,0,1,1
45,63,172,21.29529475392104,104,107,7.3,0,1,4,0,0,2,1,1,0,60,1,0,0,0,0,0,0
70,64,156,26.298487836949374,167,135,8.4,0,0,2,0,1,4,1,0,0,60,0,1,0,0,0,0,0
55,67,182,20.227025721531216,131,85,7.6,0,0,3,0,0,3,1,0,0,131,1,1,0,1,0,0,0
49,70,150,31.11111111111111,103,102,4.1,1,0,2,0,0,4,1,1,1,183,1,0,0,0,0,0,0
72,77,161,29.705644072373747,108,112,8.8,0,0,0,1,0,4,1,0,0,61,0,0,1,1,1,0,0
59,63,159,24.919900320398717,137,119,7.6,0,1,3,0,0,3,1,0,0,194,1,1,1,1,0,0,1
77,82,173,27.39817568244846,141,137,3.5,1,0,2,0,0,3,1,0,0,134,0,1,1,0,0,1,0
70,86,165,31.58861340679523,116,96,6.7,0,0,0,0,1,4,0,1,1,108,0,0,0,1,0,0,0
62,85,168,30.116213151927443,138,117,12.2,1,1,1,0,1,3,0,0,1,154,0,1,0,0,1,0,1
78,89,163,33.49768527230984,139,117,8.7,0,1,0,0,0,2,1,0,0,85,0,1,0,0,0,1,0
70,66,156,27.12031558185404,111,143,5.5,0,0,0,0,0,4,1,1,0,60,1,0,0,0,1,0,1
64,70,167,25.099501595611173,78,126,7.6,1,0,0,0,0,3,0,0,0,210,0,0,0,0,0,0,0
71,78,156,32.05128205128205,117,110,5.7,0,0,1,0,1,2,1,0,0,147,0,1,1,0,0,0,0
71,68,151,29.823253366080436,73,108,8.5,0,1,0,1,1,3,1,0,0,113,0,1,0,0,0,1,0
51,57,176,18.401342975206614,86,118,4.9,1,0,0,0,0,3,0,1,0,121,0,1,0,0,0,0,0
90,67,157,27.18163008641324,113,97,8.9,0,0,2,1,0,3,0,0,0,111,0,1,1,0,0,0,0
65,99,184,29.24149338374291,97,162,8.3,1,1,2,1,0,3,1,0,0,132,1,1,0,0,0,0,1
66,63,184,18.608223062381853,146,129,7.8,0,0,0,0,0,2,0,1,1,144,1,0,0,0,1,1,1
43,63,178,19.883853048857468,76,111,10.6,0,0,4,0,0,3,1,0,0,184,0,1,0,0,0,0,0
66,66,158,26.43807082198365,50,108,8.5,0,0,2,0,0,3,0,1,1,115,0,0,0,0,0,0,0
67,83,191,22.75156931005181,145,105,8.5,0,0,2,1,1,3,0,1,0,97,0,0,0,0,0,0,0
51,80,150,35.55555555555556,101,137,8.8,1,1,0,0,1,4,1,1,1,123,0,0,0,1,0,0,0
52,85,161,32.79194475521777,103,96,7.9,0,0,4,0,1,4,0,0,0,273,0,0,1,0,0,0,0
54,112,178,35.34907208685772,72,126,7.4,0,0,4,0,0,3,0,0,1,157,0,0,0,0,0,1,1
61,87,177,27.769797950780426,50,141,5.1,0,1,1,0,1,3,1,1,1,169,1,0,0,0,0,0,0
67,88,162,33.53147386069196,71,118,5.2,1,0,4,0,1,4,1,0,0,137,0,0,0,1,1,0,1
62,117,162,44.58161865569272,119,109,7.4,0,0,1,0,0,3,1,1,0,236,1,0,0,0,0,1,0
68,82,167,29.402273297715947,92,146,7.7,0,0,0,0,1,3,1,0,0,192,0,1,0,1,1,0,0
73,69,169,24.158817968558527,88,107,6.5,1,1,2,0,0,3,1,0,1,97,0,0,0,0,0,0,1
71,70,165,25.71166207529844,50,124,5.5,1,0,1,0,1,3,1,1,0,157,1,0,1,0,0,0,0
69,90,186,26.014568158168572,163,132,6.2,0,0,0,1,0,4,0,1,0,130,0,0,0,0,1,0,0
68,56,163,21.077195227520797,97,117,6.4,1,1,0,1,0,2,1,1,1,170,0,1,1,1,0,1,0
68,45,184,13.291587901701323,181,106,7.1,0,0,1,1,0,3,1,0,0,199,0,1,0,0,0,0,0
63,62,174,20.478266613819528,112,118,6.1,0,0,1,0,0,4,0,1,1,88,0,0,0,0,0,0,0
57,87,180,26.85185185185185,154,136,8.8,1,1,3,1,1,4,1,0,1,167,1,1,0,1,1,0,0
63,83,155,34.54734651404786,74,115,6.3,0,1,1,0,0,3,0,1,0,109,0,0,1,0,1,0,1
72,72,180,22.22222222222222,50,139,5.2,0,1,0,0,1,3,1,0,1,220,1,0,1,1,0,0,0
72,91,179,28.40111107643332,93,124,6.3,0,1,1,0,1,3,0,1,0,198,1,0,1,1,0,0,0
71,84,163,31.615792841281195,119,117,4.3,0,0,1,1,1,2,1,1,0,60,0,0,0,1,1,1,0
59,80,178,25.24933720489837,123,115,10.5,0,1,1,0,1,3,0,0,0,93,1,0,0,0,0,0,0
62,74,155,30.80124869927159,113,134,7.8,0,0,1,0,1,3,1,0,1,82,1,0,0,1,0,0,0
62,88,165,32.323232323232325,180,152,6.5,0,1,4,0,0,2,0,1,1,146,0,1,0,0,0,0,0
57,86,181,26.25072494734593,113,132,9.3,1,0,1,0,1,4,1,1,0,165,1,0,0,0,0,0,1
75,70,168,24.801587301587304,89,110,6.1,0,0,1,1,0,3,0,0,0,189,0,0,0,1,0,0,0
42,87,167,31.1950948402596,91,151,6.4,0,1,3,1,0,4,1,1,1,137,0,0,0,0,0,1,0
89,65,184,19.198960302457465,71,112,5.1,0,1,3,1,0,3,1,1,0,135,1,0,1,0,1,1,0
89,78,150,34.666666666666664,110,164,4.6,0,0,0,0,1,3,0,0,0,164,0,0,1,1,1,0,0
65,81,168,28.69897959183674,137,126,6.9,0,0,1,0,0,2,1,1,0,307,0,0,0,1,0,1,0
69,69,169,24.158817968558527,149,112,8.6,0,0,3,0,0,3,1,1,0,74,0,1,0,0,0,0,0
75,77,162,29.340039628105465,89,141,4.7,0,1,4,0,1,3,1,0,1,60,1,0,1,0,0,0,0
55,84,183,25.082863029651524,98,123,6.0,1,0,0,0,0,4,0,0,1,123,0,0,0,1,0,0,1
71,58,160,22.656249999999996,77,138,6.1,1,0,0,0,0,3,1,1,1,114,1,0,1,1,0,1,0
80,77,161,29.705644072373747,133,131,8.0,1,1,0,0,0,3,1,0,0,113,1,0,1,0,0,1,1
43,108,150,48.0,56,102,5.6,0,1,2,1,0,3,1,0,0,149,0,0,0,1,0,0,1
47,62,181,18.924941241109856,74,128,8.0,0,1,3,1,0,3,1,1,0,91,1,0,0,1,0,1,1
74,90,166,32.660763536072004,50,140,7.9,1,1,1,0,0,4,1,0,1,120,1,0,1,0,1,0,1
61,73,166,26.491508201480624,58,132,5.2,0,0,1,0,1,3,1,1,0,135,0,0,0,1,0,0,0
60,92,167,32.987916382803256,79,155,5.9,0,1,3,0,1,3,0,0,0,136,0,1,0,1,0,0,0
61,64,181,19.53542321662953,82,136,6.7,0,0,2,0,0,3,1,0,0,142,0,0,1,1,0,0,0
51,75,186,21.678806798473808,54,125,5.6,0,1,0,1,0,3,1,1,0,142,0,0,0,1,0,1,0
60,108,152,46.745152354570635,60,134,4.7,0,1,2,0,1,2,1,1,0,109,1,1,0,1,0,0,0
49,72,165,26.44628099173554,144,120,9.5,0,0,0,0,0,3,0,1,0,137,0,1,1,0,0,0,0
80,84,158,33.64845377343374,72,137,3.5,0,1,1,0,1,3,1,1,1,149,0,1,0,0,0,0,0
66,83,167,29.760837606224676,50,137,7.0,1,0,0,1,0,3,0,0,0,198,0,0,1,1,0,0,1
66,45,169,15.75575084905991,63,105,9.2,0,0,0,0,1,3,1,0,0,75,0,0,0,0,0,0,0
72,81,152,35.05886426592798,63,145,4.9,0,0,0,1,0,3,0,0,1,151,0,0,0,1,0,0,0
90,56,173,18.710949246550168,97,174,6.6,1,1,1,0,1,3,1,0,0,158,0,0,0,0,1,0,0
52,84,165,30.85399449035813,112,140,8.3,0,1,4,0,1,3,0,1,1,159,0,1,1,0,1,0,0
42,76,177,24.258674071946118,52,89,3.5,0,0,0,0,0,2,1,1,0,161,1,0,0,0,0,0,0
64,58,170,20.06920415224914,110,121,6.4,0,1,4,1,0,3,1,0,0,84,0,0,0,0,1,1,0
43,57,152,24.67105263157895,148,104,3.5,0,0,0,0,0,3,1,0,0,158,0,0,0,0,0,0,0
60,73,176,23.56663223140496,135,124,8.4,0,0,4,0,1,4,0,1,0,155,1,0,0,0,0,0,0
75,112,156,46.022353714661406,120,143,4.9,0,1,4,0,1,3,1,1,0,177,0,0,1,0,0,1,0
83,99,157,40.16390117246136,114,115,10.1,1,1,0,0,0,4,0,1,0,141,1,1,1,0,1,0,0
46,80,166,29.03178980984178,88,167,4.6,0,0,2,1,1,2,1,1,0,123,0,0,0,1,0,0,1
53,82,167,29.402273297715947,149,72,7.4,1,1,1,0,1,2,1,1,1,200,1,0,0,1,0,0,0
69,84,152,36.35734072022161,115,125,4.7,1,0,1,0,0,3,1,1,0,89,0,1,1,0,1,0,0
74,66,168,23.384353741496604,71,137,6.0,0,0,2,0,1,4,1,1,0,81,1,0,1,1,0,1,0
74,64,169,22.40817898532965,94,105,6.5,0,1,0,0,0,2,0,1,1,87,1,1,0,0,0,0,1
82,87,168,30.824829931972793,76,108,6.6,0,0,2,0,0,4,1,0,1,167,1,1,1,0,1,1,0
73,65,153,27.76709812465291,95,145,9.8,0,1,0,0,1,2,0,1,0,113,0,0,0,1,0,1,0
63,96,171,32.83061454806607,142,168,9.4,0,1,2,0,0,2,0,0,0,144,1,1,0,0,0,1,0
77,54,176,17.43285123966942,93,170,5.0,0,1,1,0,0,3,1,0,0,219,1,0,1,0,1,0,0
65,61,156,25.06574621959237,72,123,6.6,0,0,1,0,1,3,0,1,0,91,1,0,1,0,0,0,0
68,96,159,37.97318144060757,136,157,4.2,0,0,1,1,0,2,1,1,0,64,0,0,0,0,0,0,0
59,70,177,22.34351559258195,144,128,3.7,0,1,2,0,0,2,0,0,0,191,0,1,0,0,0,0,0
66,73,185,21.32943754565376,72,148,5.2,0,1,3,1,0,2,0,1,1,108,0,0,1,1,0,0,0
45,84,168,29.761904761904766,151,125,9.9,0,1,0,0,0,3,1,1,1,91,0,1,0,0,0,0,0
77,92,165,33.792470156106525,133,107,3.5,0,0,0,1,0,2,1,1,0,144,1,1,0,0,0,0,0
52,84,171,28.726787729557817,80,162,7.7,1,0,0,0,1,3,0,1,0,140,0,0,0,0,0,0,0
54,79,183,23.589835468362743,142,167,7.4,1,1,2,0,0,2,1,1,0,106,1,0,0,0,0,1,0
37,87,161,33.56351992592878,56,121,5.0,1,1,4,0,1,3,1,1,1,178,0,0,1,0,0,0,0
55,81,165,29.752066115702483,83,148,7.8,1,1,0,0,0,3,1,1,1,111,0,0,1,0,0,0,0
53,91,164,33.834027364663896,61,127,7.8,0,1,1,0,0,2,1,1,0,108,1,0,0,1,0,1,1
67,117,155,48.69927159209156,65,173,6.4,0,1,2,0,0,3,1,0,1,60,0,0,0,0,0,0,0
49,82,178,25.88057063502083,129,100,6.2,1,1,1,0,0,2,1,1,1,60,0,0,0,0,0,0,0
59,62,172,20.9572742022715,99,126,6.0,0,0,2,0,1,3,1,0,0,161,0,0,0,1,0,0,0
56,90,150,40.0,61,101,4.8,1,0,0,0,0,3,0,1,1,83,0,1,0,0,0,0,0
43,72,169,25.209201358495854,79,98,6.8,0,0,3,0,0,3,0,0,0,142,1,1,0,0,0,1,0
67,80,186,23.12406058503873,76,127,5.5,1,0,0,0,1,2,1,1,0,246,1,1,0,0,0,1,0
62,80,172,27.041644131963228,108,120,6.8,0,0,0,1,1,2,1,1,0,173,1,0,0,0,0,0,0
65,66,186,19.07734998265695,179,109,5.3,0,1,0,1,0,3,0,1,0,151,1,1,0,1,0,0,0
74,69,164,25.654372397382513,107,146,5.2,0,0,3,0,0,3,0,1,0,171,1,0,1,1,0,0,1
65,45,179,14.044505477357136,109,155,5.4,0,1,0,0,0,3,1,1,1,257,0,0,1,0,0,0,0
61,73,183,21.798202394816204,153,140,9.0,1,0,0,0,0,3,0,0,0,60,1,1,0,1,1,0,0
76,83,169,29.060607121599386,81,92,3.7,0,0,3,0,0,2,1,0,0,143,0,0,0,0,0,0,0
61,75,165,27.548209366391188,146,136,10.0,0,1,1,0,1,3,0,0,0,223,0,0,1,0,0,0,0
58,68,180,20.98765432098765,85,136,8.0,1,0,3,0,1,2,1,1,1,165,0,0,1,0,0,1,1
73,80,175,26.122448979591837,87,113,3.5,0,1,1,0,0,4,1,0,0,210,0,1,0,0,0,0,0
55,60,179,18.726007303142847,88,136,5.3,1,0,0,1,1,2,0,1,0,118,0,0,0,1,0,1,0
79,59,174,19.487382745408905,96,119,3.5,1,0,0,0,0,2,0,0,1,87,0,0,0,0,1,0,0
66,82,169,28.71047932495361,93,113,7.8,1,0,0,0,1,3,1,1,0,245,1,0,1,1,1,1,0
83,83,169,29.060607121599386,112,106,9.1,1,0,0,0,1,2,1,1,1,153,0,0,1,1,1,1,0
64,82,166,29.757584555087824,85,146,7.0,0,0,0,1,0,4,1,1,0,191,0,0,1,1,0,0,0
76,70,174,23.120623596247853,103,155,8.9,0,1,3,0,0,4,1,0,0,194,1,1,0,0,0,0,0
45,91,168,32.242063492063494,50,127,6.9,0,1,0,0,1,3,0,0,0,213,0,0,0,1,1,0,0
80,58,172,19.60519199567334,127,149,8.4,1,0,0,1,1,4,1,1,1,164,1,1,0,1,0,0,1
73,70,162,26.672763298277697,139,160,7.1,0,1,3,1,0,3,1,1,0,166,0,1,0,0,0,0,0
57,86,161,33.17773234057328,107,132,6.5,1,0,1,0,0,2,0,1,0,174,0,1,0,0,0,0,0
75,87,175,28.408163265306122,126,128,8.0,0,1,1,1,0,4,1,0,0,117,1,1,0,0,0,0,0
49,63,173,21.04981790236894,70,139,6.2,0,1,3,0,0,4,1,0,0,202,0,0,0,1,1,0,0
59,107,165,39.30211202938476,153,113,9.4,0,1,2,0,0,3,0,0,1,121,1,0,0,0,0,1,0
54,73,183,21.798202394816204,106,140,5.9,0,0,2,0,1,3,1,0,1,205,0,0,0,1,0,0,0
76,76,161,29.319856487018246,50,133,7.6,1,1,2,0,0,4,1,0,1,189,1,0,0,0,0,0,0
79,89,174,29.396221429515126,142,103,5.1,0,1,1,0,0,3,0,1,0,60,1,1,1,0,0,0,0
59,98,174,32.368873034747,125,104,3.5,1,0,1,1,0,2,1,0,1,190,1,0,0,1,0,0,1
49,75,170,25.95155709342561,165,110,7.2,0,0,1,1,0,2,1,1,0,161,0,1,0,1,0,0,0
53,92,182,27.77442337881898,158,140,3.5,0,1,0,0,1,4,1,1,0,216,1,0,1,1,0,0,1
66,68,186,19.65545149728292,146,123,10.8,1,1,0,1,1,3,0,0,0,236,1,0,0,0,1,0,0
65,100,158,40.05768306361159,116,129,5.8,0,0,0,0,0,3,1,0,1,155,1,1,1,0,0,0,0
60,75,150,33.333333333333336,124,157,6.3,1,1,0,0,0,4,0,0,0,167,0,1,0,0,0,1,0
55,79,165,29.017447199265384,62,138,5.9,0,1,1,0,1,2,1,0,0,85,0,0,0,0,0,0,0
84,69,160,26.953124999999996,90,117,6.8,0,0,1,0,1,3,1,1,0,141,1,1,1,0,0,0,0
57,78,165,28.650137741046834,204,110,7.2,1,1,1,0,0,3,1,0,1,232,0,1,0,0,1,0,0
55,64,188,18.107741059302853,50,136,4.8,0,0,3,1,0,2,0,1,0,150,0,0,0,0,0,0,0
78,74,195,19.46088099934254,110,110,3.5,1,0,1,0,1,3,0,0,0,196,0,0,0,0,1,0,0
61,75,160,29.296874999999993,98,155,4.3,1,0,0,0,0,4,0,1,0,148,0,1,0,0,0,1,0
71,59,172,19.94321254732288,129,134,5.5,0,0,0,1,0,2,1,0,0,144,1,0,1,0,0,0,0
54,66,172,22.30935640886966,106,132,7.1,0,1,0,1,0,4,1,0,0,178,0,0,1,0,0,0,0
71,45,173,15.035584215977813,142,110,6.9,0,0,3,0,0,4,0,0,0,60,0,1,1,0,0,0,0
73,56,156,23.011176857330703,100,142,8.0,0,1,1,0,1,4,1,0,0,168,0,0,1,0,0,0,0
51,74,182,22.34029706557179,127,152,3.5,0,0,2,0,1,3,0,0,0,60,1,1,0,0,0,0,0
58,89,179,27.776910832995224,112,127,4.7,0,0,0,0,0,4,0,0,0,145,0,0,0,0,0,0,0
54,69,165,25.344352617079892,89,148,5.6,1,1,2,1,1,3,0,1,0,108,0,1,0,0,0,0,0
58,74,182,22.34029706557179,84,121,9.5,1,1,2,1,0,4,1,0,0,92,1,0,1,1,1,0,0
84,92,155,38.29344432882414,144,128,11.9,0,1,2,0,0,3,1,0,1,223,1,1,0,0,1,1,1
68,87,153,37.165192874535435,121,171,3.8,0,1,1,1,0,3,0,1,0,205,0,1,1,0,0,0,0
88,87,172,29.40778799351001,134,122,8.7,0,0,2,0,1,2,1,0,0,132,1,1,0,0,0,0,0
82,76,174,25.102391333069097,143,140,6.7,0,0,3,1,0,2,0,0,0,268,1,1,1,0,0,0,1
78,67,168,23.738662131519277,81,122,7.6,0,0,4,0,1,3,1,1,0,199,0,1,0,1,1,0,0
82,80,181,24.41927902078691,90,135,3.9,0,1,0,0,0,3,0,0,0,142,1,0,0,1,0,0,0
78,94,163,35.37957770333848,88,143,9.2,1,1,1,0,1,3,1,1,0,60,0,1,0,0,0,0,0
85,102,182,30.79338244173409,136,111,3.5,1,0,0,0,1,4,1,1,0,145,1,1,1,0,0,1,0
71,111,177,35.43043186823709,103,115,3.9,1,0,3,0,1,2,0,0,0,118,0,1,1,1,0,1,0
73,97,188,27.44454504300589,106,141,6.0,1,1,4,1,0,4,1,0,0,126,0,1,1,0,0,0,1
72,75,152,32.46191135734072,63,133,5.3,0,0,1,1,1,2,1,0,0,170,0,0,0,1,1,0,0
59,56,165,20.569329660238754,128,153,6.6,0,0,4,0,0,3,1,0,1,118,1,0,0,0,0,0,0
75,84,160,32.81249999999999,130,135,5.1,0,0,2,0,1,3,1,1,0,216,0,0,1,1,0,0,0
80,91,177,29.046570270356536,119,167,5.8,1,1,1,0,1,2,0,0,1,123,1,1,1,0,0,1,0
57,45,185,13.148283418553687,105,143,6.1,0,1,1,0,0,3,1,1,0,98,0,0,0,0,0,0,0
54,52,166,18.870663376397157,136,167,6.1,1,1,0,1,0,3,1,1,0,182,1,0,0,1,0,0,0
58,68,175,22.20408163265306,98,163,6.8,0,0,4,0,0,3,1,1,0,148,0,0,0,0,0,1,0
81,63,184,18.608223062381853,149,117,8.3,0,0,0,1,0,4,0,1,1,192,0,1,1,0,1,0,0
62,50,173,16.70620468441979,125,159,5.0,1,0,2,0,1,2,0,1,0,158,1,0,0,0,0,1,1
51,80,177,25.53544639152223,55,148,9.2,0,1,0,0,1,3,0,1,0,80,0,0,0,0,1,0,0
52,93,150,41.333333333333336,95,147,6.6,0,1,2,1,1,3,0,1,0,165,1,1,0,1,0,0,0
54,72,185,21.0372534696859,111,153,9.0,1,0,0,0,0,3,1,0,1,104,0,0,0,0,1,1,0
56,50,167,17.92821542543655,75,123,5.8,1,0,0,0,1,3,0,1,1,157,1,0,0,1,0,1,1
48,78,195,20.512820512820515,137,136,4.8,0,1,3,0,0,4,0,0,0,120,0,1,0,0,0,0,0
72,58,161,22.375679950619187,50,121,6.7,0,0,1,0,0,3,0,1,0,139,1,0,0,0,0,0,0
62,59,174,19.487382745408905,128,176,11.6,0,0,1,0,1,3,0,1,0,152,0,0,0,1,0,0,0
71,89,178,28.089887640449437,124,114,3.8,0,0,2,0,0,3,0,1,1,186,0,0,1,1,1,0,0
37,93,150,41.333333333333336,50,104,7.9,0,1,0,0,1,2,1,0,0,122,0,0,1,0,0,0,0
77,70,187,20.0177299894192,103,113,6.9,1,1,1,0,1,3,1,0,0,60,1,1,0,0,1,1,0
64,85,177,27.13141179099237,84,128,7.3,0,0,1,0,1,3,1,0,0,102,0,0,0,0,0,0,0
71,58,155,24.141519250780433,149,128,4.1,0,0,4,1,0,3,1,0,1,156,0,1,0,0,0,0,1
83,82,173,27.39817568244846,70,147,7.4,0,0,2,1,0,3,1,0,0,209,1,1,1,0,0,1,0
69,69,173,23.054562464499313,127,130,7.1,0,0,0,0,1,4,0,1,0,164,1,0,0,0,0,0,0
90,55,168,19.48696145124717,134,120,3.5,0,1,2,0,0,3,1,1,0,199,0,1,0,0,1,1,0
42,61,164,22.679952409280194,86,139,6.8,0,0,1,0,1,3,1,1,1,157,1,0,0,0,0,1,1
61,81,169,28.360351528307834,145,153,6.0,0,0,0,0,1,3,1,1,0,160,0,0,1,1,0,0,0
43,52,178,16.41206918318394,85,134,5.8,1,1,3,0,1,4,1,1,1,137,1,0,0,0,0,1,1
68,70,178,22.093170054286073,146,147,6.4,1,0,0,0,0,3,1,0,0,202,0,1,0,0,1,1,0
65,91,170,31.487889273356405,191,131,8.7,1,0,0,0,1,4,1,1,1,232,0,1,0,0,0,0,0
51,67,172,22.647376960519203,132,124,7.4,1,0,0,1,1,4,1,0,1,101,1,1,0,0,0,1,1
90,51,168,18.069727891156464,121,143,4.4,1,1,4,1,1,3,1,1,0,161,1,1,1,0,0,1,1
60,70,160,27.343749999999996,83,134,7.5,0,0,2,0,1,3,0,1,0,90,0,0,1,0,0,1,0
38,85,169,29.76086271489094,164,150,6.4,0,1,0,0,1,3,0,1,0,233,0,0,0,0,1,0,0
73,55,162,20.957171162932475,131,160,5.3,0,0,1,0,0,3,1,1,1,158,0,0,0,0,0,1,0
73,92,160,35.93749999999999,83,127,4.0,0,1,0,0,1,2,1,0,0,149,1,0,0,0,0,0,0
59,86,150,38.22222222222222,152,142,8.1,1,0,0,0,0,4,0,0,0,93,1,1,0,1,0,1,0
74,80,165,29.384756657483933,103,151,5.4,0,0,3,0,0,2,1,1,0,138,1,0,0,1,1,0,0
53,83,177,26.493025631204315,123,138,8.3,0,1,2,1,1,2,0,1,0,146,0,0,0,1,0,0,0
59,76,182,22.944088878154812,85,140,4.3,0,1,4,1,1,4,1,0,1,96,0,1,0,0,0,0,0
69,80,174,26.42356982428326,67,132,10.5,0,0,0,0,0,3,0,0,0,157,0,1,0,0,0,0,0
76,76,157,30.832893829364274,68,135,11.8,0,1,1,0,0,2,1,1,1,107,1,0,1,1,0,0,0
62,88,168,31.17913832199547,86,140,7.6,0,0,0,0,1,3,0,1,1,171,0,0,0,1,0,0,0
59,94,158,37.6542220797949,117,117,9.1,0,0,0,0,0,3,1,1,0,100,0,1,0,0,0,0,0
64,62,189,17.35673693345651,89,96,5.6,1,1,2,0,1,3,1,0,0,157,0,1,0,0,0,1,0
40,64,166,23.225431847873423,72,128,5.4,0,1,0,0,1,3,0,0,0,140,0,0,0,1,0,0,0
61,69,165,25.344352617079892,66,126,8.9,0,0,1,1,1,3,0,1,0,165,0,0,0,0,0,0,0
41,65,179,20.286507911738084,144,162,6.8,0,0,0,0,0,2,1,1,0,158,0,0,0,1,0,0,0
54,92,169,32.21175729141137,95,135,3.8,0,0,1,0,0,3,1,0,0,154,0,1,0,1,1,0,0
47,52,180,16.049382716049383,50,141,6.7,0,0,0,0,0,2,1,0,0,113,0,0,0,0,0,0,0
71,83,158,33.247876942797625,99,121,4.1,1,0,0,1,0,3,1,1,0,177,1,0,1,1,0,0,0
56,95,170,32.871972318339104,85,118,6.1,1,0,1,0,0,3,0,0,0,164,0,0,0,1,0,1,1
79,66,175,21.551020408163264,107,113,8.6,1,1,1,0,0,3,1,0,1,181,0,0,1,1,1,0,0
42,97,150,43.111111111111114,80,104,9.4,1,0,2,0,1,3,1,1,0,148,0,1,1,0,0,0,0
62,92,163,34.62682073092702,145,144,7.1,1,0,0,0,1,3,1,1,0,141,0,1,0,1,0,0,0
66,69,163,25.970115548195267,94,136,9.2,0,1,0,1,0,3,1,1,1,99,0,0,1,1,0,0,0
70,87,170,30.103806228373706,92,159,5.6,1,1,3,0,0,3,1,0,0,116,1,1,1,0,0,0,0
90,62,166,22.49963710262738,88,140,9.9,1,0,0,0,1,3,1,0,1,126,0,0,0,1,0,0,0
41,58,172,19.60519199567334,116,134,5.1,0,0,0,0,1,3,1,0,0,198,0,0,0,0,0,1,0
55,68,167,24.38237297859371,113,90,4.9,1,0,1,0,0,4,1,0,0,87,0,0,0,0,0,1,1
88,95,181,28.997893837184456,86,168,5.6,1,1,0,0,1,3,1,0,0,83,1,0,0,1,0,0,0
53,68,191,18.63983991666895,100,130,5.0,0,0,1,0,0,4,1,0,1,146,0,0,0,0,0,0,0
70,75,154,31.624219935908247,91,88,7.5,0,1,3,1,0,3,0,1,0,111,0,1,1,1,0,0,1
53,59,170,20.41522491349481,129,134,9.0,0,1,0,1,1,3,1,1,0,130,1,0,0,1,0,0,1
48,87,180,26.85185185185185,54,113,6.5,0,1,1,1,0,4,1,0,0,128,0,1,0,0,0,0,0
55,87,162,33.15043438500228,88,113,7.1,0,0,0,0,1,3,1,0,1,118,0,0,0,0,0,1,0
88,64,172,21.63331530557058,93,135,3.7,0,0,4,1,0,3,1,1,0,111,0,1,1,0,0,0,0
51,45,166,16.330381768036002,148,118,6.7,0,0,0,0,0,3,0,0,0,103,1,0,0,0,0,0,0
61,69,159,27.29322416043669,141,150,10.0,0,1,0,1,0,3,1,0,1,131,0,0,0,0,0,1,1
61,81,159,32.03987184051263,113,127,9.3,0,0,0,0,0,3,1,0,0,76,0,0,0,1,0,1,0
75,74,150,32.888888888888886,65,137,4.3,0,1,0,0,0,2,0,1,0,180,0,0,0,1,1,0,0
78,76,171,25.990903183885642,102,141,5.6,0,1,1,1,0,4,1,1,0,105,0,0,0,0,0,1,0
66,80,172,27.041644131963228,165,135,13.3,1,1,1,0,0,3,0,1,1,172,0,1,0,0,0,0,1
30,67,160,26.171874999999996,94,134,7.3,0,0,1,0,0,2,0,0,0,117,0,0,0,0,0,0,0
54,56,167,20.07960127648894,104,132,9.5,0,1,3,0,0,4,1,1,0,201,0,0,0,1,0,0,0
50,86,155,35.796045785639954,106,159,9.7,0,1,0,1,1,4,1,0,0,152,0,0,0,1,1,0,0
78,61,175,19.918367346938776,70,146,4.3,0,1,2,0,1,3,0,0,0,96,0,0,0,0,0,0,0
53,56,165,20.569329660238754,71,116,7.9,1,0,0,1,0,3,1,1,1,274,0,0,0,0,0,1,1
85,82,177,26.173832551310287,71,107,6.9,0,1,1,0,0,4,1,1,1,129,0,1,1,0,0,0,0
69,58,166,21.04804761213529,89,114,10.0,0,1,3,1,0,3,1,0,0,122,1,0,0,1,0,0,1
78,62,160,24.218749999999996,115,138,10.4,1,0,4,0,0,3,1,0,1,125,0,1,0,1,0,0,0
90,98,164,36.43664485425343,105,107,4.8,0,1,2,0,0,3,1,0,0,169,1,0,0,0,0,1,1
53,98,185,28.634039444850252,117,116,13.4,0,0,3,0,1,3,0,1,0,77,0,1,1,0,0,1,0
45,92,190,25.48476454293629,175,103,6.8,0,0,1,1,1,4,1,1,0,156,1,1,0,1,0,0,0
67,86,154,36.26243885984146,190,148,7.8,0,0,4,0,1,3,1,0,0,65,0,1,0,1,1,1,0
76,92,179,28.71321119815237,103,143,3.5,0,0,3,1,0,3,0,1,1,146,0,0,0,1,0,0,0
57,104,158,41.65999038615606,132,147,8.5,0,0,0,1,0,2,1,1,0,206,0,1,0,1,0,1,0
65,91,162,34.67459228776101,123,120,3.5,0,1,1,0,0,3,1,0,0,122,1,0,0,0,0,0,0
79,78,172,26.365603028664147,137,94,6.2,0,0,0,1,1,3,1,0,1,194,0,1,1,1,0,0,0
78,88,174,29.065926806711587,136,113,5.4,0,0,0,0,1,4,1,1,0,66,1,0,1,0,0,0,0
58,68,162,25.910684346898332,81,103,7.4,0,0,1,0,0,3,1,1,0,118,1,0,0,0,0,1,1
68,77,176,24.857954545454547,169,102,6.9,0,0,0,0,0,3,1,0,0,88,0,0,0,1,0,1,0
53,77,181,23.503556057507403,153,152,7.7,1,1,0,0,0,4,0,1,0,245,0,0,1,0,0,0,0
47,72,177,22.981901752370007,133,125,9.0,0,0,0,0,1,2,1,1,1,129,1,0,0,1,1,0,1
81,70,160,27.343749999999996,123,135,4.5,0,1,0,0,0,3,1,0,0,117,0,0,1,0,0,0,0
39,94,165,34.527089072543625,113,152,6.1,0,0,3,0,0,4,1,1,0,137,0,0,0,0,0,0,0
67,60,178,18.93700290367378,107,109,4.8,1,1,2,0,1,3,1,0,0,150,1,0,0,1,0,1,0
60,77,185,22.498173849525198,127,142,4.7,0,1,4,0,1,2,1,0,0,131,1,0,0,0,0,1,0
71,55,157,22.313278429145196,108,100,10.4,0,1,3,0,0,4,0,1,1,90,0,0,1,1,1,0,0
56,45,173,15.035584215977813,113,135,4.0,0,1,2,0,1,3,1,0,1,217,0,0,0,1,0,0,0
78,92,177,29.365763350250564,100,151,4.9,1,1,1,0,0,2,1,1,0,204,0,0,1,1,1,0,0
62,94,156,38.62590401051939,95,107,10.9,0,1,0,0,0,2,1,1,0,166,1,0,0,0,0,1,0
82,67,180,20.679012345679013,167,146,6.2,1,1,0,0,0,3,1,0,0,163,1,1,0,0,0,0,1
67,75,191,20.558646966914285,107,134,6.4,0,1,2,0,1,3,1,1,1,160,0,0,0,1,0,0,0
52,70,176,22.59814049586777,90,120,7.3,0,0,0,0,0,3,1,1,0,127,0,0,1,0,0,0,0
71,70,175,22.857142857142858,110,105,4.1,1,0,0,1,0,3,1,0,0,121,0,0,1,0,1,0,0
70,67,162,25.529644871208653,62,134,4.7,0,0,0,0,1,3,0,0,1,229,0,0,0,1,0,0,0
63,81,165,29.752066115702483,137,139,5.3,1,1,0,0,1,4,0,0,1,181,0,1,0,0,0,0,0
56,69,163,25.970115548195267,104,123,8.6,1,0,0,1,1,3,1,0,1,83,0,0,0,0,0,0,0
75,81,161,31.24879441379576,92,110,7.8,1,0,2,0,0,4,1,1,0,127,0,0,1,0,1,0,0
53,100,167,35.8564308508731,89,145,5.2,0,1,1,0,1,3,1,0,1,174,0,0,0,1,0,0,1
54,80,173,26.729927495071667,50,153,6.2,0,0,0,0,0,2,1,0,1,168,0,0,0,0,0,0,0
71,76,161,29.319856487018246,168,149,8.1,0,0,0,0,0,2,0,0,0,176,0,1,0,0,0,0,0
62,66,166,23.95122659311947,111,161,3.5,0,0,0,1,1,3,0,0,0,75,0,0,0,1,0,0,0
41,74,173,24.725182932941294,167,116,7.1,0,1,0,0,1,3,0,1,0,166,1,0,0,0,0,0,1
53,49,150,21.77777777777778,95,101,8.0,1,0,0,0,1,2,0,0,0,205,1,1,0,1,0,0,0
69,98,179,30.585811928466654,120,138,4.7,1,0,2,0,0,3,0,0,0,74,0,0,0,0,0,0,0
61,60,172,20.281233098972418,130,121,7.8,1,0,2,1,0,3,1,0,1,236,1,0,0,0,0,1,0
63,46,172,15.548945375878855,121,149,6.5,0,0,0,1,1,2,1,1,0,166,0,1,0,1,0,0,0
68,73,181,22.282592106468055,88,109,10.1,0,0,2,1,0,3,1,1,0,155,0,0,1,1,0,1,0
70,80,179,24.968009737523797,50,110,5.5,0,1,1,0,0,3,1,1,0,102,1,0,1,0,0,0,0
66,94,176,30.34607438016529,183,131,7.7,1,1,4,1,0,4,0,1,0,118,0,1,0,1,0,0,0
30,78,172,26.365603028664147,79,133,3.6,0,1,2,0,0,2,1,1,0,131,1,0,0,0,0,1,0
64,88,169,30.811246104828268,193,143,6.7,0,1,1,0,1,3,0,1,1,78,1,1,1,0,0,0,0
58,88,164,32.718619869125526,83,128,8.1,1,0,1,0,0,3,1,1,0,134,1,1,0,0,0,1,0
65,87,160,33.98437499999999,152,91,5.4,1,1,0,0,0,3,1,1,0,105,0,0,0,0,1,0,0
77,57,173,19.045073340238563,125,180,8.7,0,1,3,0,0,2,0,0,0,184,0,1,0,1,0,0,0
52,82,173,27.39817568244846,126,130,8.3,1,0,1,0,1,3,1,1,0,60,0,1,0,0,0,1,0
65,54,171,18.467220683287167,82,180,6.8,0,0,1,1,0,3,1,0,1,137,1,0,0,1,0,0,1
70,104,156,42.73504273504273,90,127,6.0,0,0,1,0,0,2,1,1,0,101,1,1,0,0,0,0,0
61,85,150,37.77777777777778,90,108,3.5,0,1,0,0,1,4,0,1,0,150,1,1,0,0,0,0,0
49,65,170,22.49134948096886,109,123,5.2,1,0,2,0,1,3,1,0,0,267,0,0,1,1,0,1,0
50,80,151,35.086180430682866,97,152,8.7,0,1,3,1,1,2,1,1,0,233,0,1,1,1,0,1,0
64,59,173,19.713321527615356,85,142,6.0,1,0,0,1,1,3,1,1,0,125,0,0,0,1,1,0,0
57,51,189,14.277315864617453,71,136,7.4,1,0,0,1,1,2,1,1,0,140,0,0,1,1,0,0,0
41,88,173,29.402920244578837,74,128,5.6,1,0,0,0,1,3,1,0,0,108,1,0,0,0,0,0,0
55,60,165,22.03856749311295,118,132,3.6,1,1,0,0,0,2,1,1,0,142,1,0,0,0,1,0,0
49,72,159,28.479886080455675,75,127,8.0,1,0,0,0,1,3,1,0,0,186,0,0,0,1,1,1,0
73,78,164,29.000594883997625,61,153,4.0,0,1,3,0,0,2,1,1,0,84,0,1,0,0,0,0,0
47,72,169,25.209201358495854,104,148,6.0,0,1,1,0,1,2,1,0,1,228,0,0,0,1,1,0,0
82,59,180,18.209876543209877,50,111,7.2,0,0,1,1,1,3,1,1,0,195,0,1,0,1,1,0,0
90,75,171,25.64891761567662,99,100,5.1,0,0,3,0,0,4,1,1,0,193,0,1,1,1,1,0,0
56,77,167,27.60945175517229,102,105,9.6,1,1,2,1,0,4,1,0,0,169,1,0,0,1,0,0,0
57,88,176,28.40909090909091,119,122,10.4,1,1,0,0,1,2,1,1,0,104,1,0,0,0,0,1,0
76,111,184,32.7859168241966,111,134,4.9,0,0,0,0,0,3,0,0,0,200,0,1,0,0,0,0,0
78,45,173,15.035584215977813,55,128,5.0,0,1,0,0,0,3,1,0,0,134,0,1,1,0,0,0,0
59,63,171,21.545090797168363,93,142,5.6,0,0,0,0,0,2,1,1,1,65,0,0,0,0,0,0,0
59,78,153,33.320517749583495,122,129,8.8,1,0,2,1,1,3,1,0,0,153,1,0,1,0,0,1,0
59,90,156,36.98224852071006,114,161,7.5,0,0,2,1,0,3,1,0,0,92,1,1,0,1,0,0,1
54,80,155,33.29864724245577,72,140,8.0,0,1,0,0,0,2,1,0,0,119,0,1,0,0,0,0,0
75,91,168,32.242063492063494,114,130,9.1,0,0,1,1,1,3,1,0,0,185,0,0,0,1,0,0,0
66,52,161,20.060954438486167,132,99,4.7,1,1,0,1,0,2,1,1,1,144,0,1,0,0,0,0,1
56,70,165,25.71166207529844,65,137,7.5,1,0,0,1,1,3,1,0,1,148,0,0,0,0,0,0,0
65,96,161,37.03560819412831,50,139,6.6,0,0,0,0,1,3,1,0,1,208,0,0,0,0,0,0,0
60,62,162,23.624447492760247,162,115,7.4,0,1,3,0,0,3,1,1,0,60,0,0,1,0,1,0,0
90,45,151,19.735976492259113,111,106,8.8,0,1,0,0,1,4,0,1,0,206,1,1,1,0,1,0,0
62,62,172,20.9572742022715,83,151,6.2,0,0,3,0,0,4,1,0,0,157,0,0,0,0,0,1,0
73,81,177,25.854639471416256,82,110,5.1,1,1,2,0,0,3,1,1,0,146,0,0,0,0,0,0,0
70,73,170,25.25951557093426,105,133,4.4,0,1,2,1,1,3,1,1,0,148,1,0,0,1,0,1,0
63,55,173,18.376825152861773,136,130,10.0,1,1,2,0,1,2,1,0,0,181,0,0,0,0,0,0,0
70,64,174,21.13885585942661,50,138,6.4,0,0,0,0,0,4,1,1,0,201,1,0,0,0,0,1,0
67,55,174,18.166204254194742,85,110,3.8,1,1,2,1,0,3,0,1,0,138,0,1,0,0,0,1,0
90,56,178,17.67453604342886,157,127,9.3,1,1,0,0,0,3,1,1,1,143,1,1,1,0,0,0,1
63,61,181,18.619700253350018,128,110,3.5,0,1,4,1,1,2,0,1,0,180,0,1,0,1,0,0,0
33,76,185,22.205989773557338,125,131,3.5,0,0,2,0,0,3,0,1,0,60,1,1,0,0,1,0,0
90,45,150,20.0,114,140,5.9,0,0,4,0,1,4,0,0,0,145,0,0,1,0,1,0,0
58,95,174,31.37798916633637,110,147,5.4,0,0,3,0,0,3,0,1,0,174,0,0,0,0,0,0,0
66,73,157,29.61580591504726,83,159,7.1,1,1,0,1,1,3,1,1,1,125,0,1,0,0,0,1,1
58,58,184,17.131379962192817,80,124,3.5,0,0,3,0,1,2,0,0,0,110,0,0,0,0,0,0,0
57,60,170,20.761245674740486,128,124,7.2,0,0,0,0,0,3,1,0,0,142,0,0,0,0,1,0,0
51,65,172,21.971335857220122,81,155,9.1,1,1,1,0,0,2,0,0,1,120,1,0,0,0,0,0,0
40,75,171,25.64891761567662,109,141,4.5,1,0,2,1,0,3,1,1,0,137,0,0,0,0,0,0,0
56,77,172,26.027582477014604,105,154,5.7,0,0,0,0,0,3,1,1,0,126,1,0,0,0,0,0,0
71,72,186,20.811654526534856,176,169,4.9,1,1,0,1,1,2,0,0,0,228,0,1,1,1,0,0,0
45,63,182,19.01944209636517,94,113,7.1,0,0,3,0,1,3,0,0,1,93,0,1,0,0,0,0,1
71,74,186,21.389756041160826,140,146,4.3,0,1,0,0,0,2,0,0,0,191,0,0,0,0,0,0,0
90,45,168,15.94387755102041,124,118,4.1,0,0,0,1,1,3,1,1,1,120,0,1,0,1,0,0,0
68,56,150,24.88888888888889,95,161,6.2,1,0,1,0,0,4,0,1,0,166,0,0,0,0,0,0,1
48,64,177,20.428357113217785,56,106,7.2,1,0,2,0,1,2,0,1,0,182,1,0,0,1,1,1,0
69,54,158,21.63114885435026,98,148,6.8,0,1,3,1,1,3,1,1,0,226,0,0,0,1,0,0,0
76,71,166,25.76571345623458,131,118,5.6,0,1,1,0,1,2,0,0,0,169,0,1,1,1,1,0,0
80,54,169,18.906901018871892,57,141,7.8,1,0,1,1,0,2,1,0,0,130,0,0,0,0,0,1,0
67,100,170,34.602076124567475,129,155,7.0,1,1,3,0,1,3,0,0,0,153,0,0,0,1,0,0,1
72,53,176,17.110020661157026,147,117,4.2,0,0,1,0,1,3,1,0,0,245,0,1,0,1,0,0,0
75,97,160,37.89062499999999,103,100,3.5,1,0,1,1,0,3,1,0,0,158,0,0,0,0,1,0,0
72,45,176,14.527376033057852,131,124,7.5,0,0,0,1,1,3,0,0,0,84,0,0,1,1,0,0,0
68,105,168,37.202380952380956,104,122,6.0,0,1,4,0,0,2,0,1,0,130,1,0,0,0,0,0,1
57,83,195,21.827744904667984,119,104,4.3,1,0,1,0,1,2,1,1,1,129,1,1,0,0,0,1,1
76,86,154,36.26243885984146,152,89,9.8,0,1,2,0,1,2,1,1,1,186,1,0,0,0,0,1,1
58,54,171,18.467220683287167,50,154,9.7,0,1,0,0,1,4,1,1,1,88,0,0,0,1,0,0,0
90,70,176,22.59814049586777,73,159,9.0,0,0,1,0,0,2,0,1,0,124,0,0,1,0,0,0,0
57,71,165,26.07897153351699,143,117,7.0,0,1,1,1,0,2,1,1,1,160,1,0,0,0,1,0,1
74,73,164,27.141582391433676,150,124,3.5,0,1,0,1,1,2,1,0,0,135,1,1,1,1,0,1,1
49,94,183,28.068918152229088,50,146,8.9,0,0,2,0,1,3,1,0,0,154,0,0,0,1,0,0,0
59,85,178,26.82742078020452,154,146,4.7,1,0,2,0,1,3,1,1,1,157,0,0,0,0,0,0,0
57,72,162,27.43484224965706,50,165,5.4,1,1,0,0,0,2,1,1,0,160,1,0,0,0,0,0,0
48,89,155,37.04474505723204,121,142,8.3,0,0,0,0,1,4,1,1,0,103,0,0,1,0,0,0,0
58,92,175,30.040816326530614,107,109,10.6,1,0,0,0,1,3,1,0,1,189,0,0,0,1,1,0,0
69,66,173,22.052190183434128,74,145,9.6,0,0,1,0,1,3,1,0,0,123,0,0,1,0,0,0,0
62,66,175,21.551020408163264,76,116,6.8,0,1,1,0,0,3,1,1,0,149,1,1,0,0,1,0,0
79,107,168,37.91099773242631,77,128,8.0,0,0,1,0,0,2,1,0,0,89,0,1,1,1,0,0,0
53,71,178,22.408786769347305,92,152,4.3,0,0,0,0,0,3,1,0,0,151,0,0,0,0,0,0,0
73,65,186,18.78829922534397,169,111,3.5,1,0,0,0,0,4,0,0,1,159,0,1,0,1,0,0,1
57,72,185,21.0372534696859,128,128,8.7,1,0,2,1,1,2,1,0,0,151,1,0,0,0,1,1,0
78,91,161,35.10667026735079,150,105,7.1,1,0,4,1,0,4,1,0,1,110,0,1,0,0,1,1,0
74,85,194,22.584759273036454,88,110,3.6,0,1,3,0,0,3,1,1,0,206,0,1,0,1,0,0,0
77,73,176,23.56663223140496,108,119,6.4,0,0,2,0,1,4,1,1,1,179,0,0,1,1,0,0,0
63,84,155,34.96357960457856,62,162,7.7,1,1,0,0,0,3,1,1,1,143,1,0,0,0,0,0,0
80,78,174,25.762980578676178,90,130,8.3,0,1,0,0,0,2,0,0,0,142,1,1,1,1,0,0,1
45,72,172,24.337479718766904,80,180,7.8,0,1,1,1,0,3,0,0,0,113,0,0,0,0,1,0,0
70,70,168,24.801587301587304,117,149,5.8,0,1,0,1,0,3,1,0,1,118,0,0,0,1,0,0,0
66,77,167,27.60945175517229,75,149,4.8,0,1,0,0,0,2,1,1,0,222,1,1,0,0,1,0,0
75,68,177,21.705129432793896,70,108,6.7,0,0,4,1,0,3,1,0,1,132,0,0,0,1,0,1,0
64,76,177,24.258674071946118,113,126,8.1,0,1,0,0,0,3,0,0,0,288,0,0,0,0,0,0,0
53,74,164,27.513384889946465,98,107,8.3,1,1,3,1,0,3,0,1,0,92,0,1,0,0,0,0,1
51,53,164,19.705532421177875,75,123,9.7,1,0,0,0,1,2,1,0,0,168,0,1,0,0,0,1,0
64,67,164,24.910767400356935,70,120,6.6,0,0,0,0,1,3,1,1,0,161,1,0,0,0,0,1,0
61,71,168,25.15589569160998,75,129,4.3,0,1,1,0,0,3,1,1,0,151,0,0,0,0,0,0,0
75,102,178,32.19290493624542,128,146,8.7,0,0,0,0,0,3,1,1,0,70,0,1,1,1,0,0,0
76,72,182,21.736505252988767,114,124,6.7,1,0,4,1,0,2,1,1,1,81,0,1,0,1,1,0,1
65,79,167,28.326580372189753,73,146,3.9,0,1,1,1,0,3,1,0,0,159,0,0,0,1,0,1,0
65,107,180,33.02469135802469,74,100,7.7,0,0,2,0,0,4,1,0,0,98,1,0,1,0,0,1,1
77,51,174,16.84502576298058,59,138,9.3,0,0,2,0,1,2,0,0,0,210,0,0,1,1,0,0,0
62,51,171,17.441263978660103,86,121,7.3,0,1,2,0,0,3,1,1,1,138,0,0,0,0,0,0,0
62,63,188,17.824807605251245,104,135,9.3,0,0,3,0,0,2,0,1,1,162,0,0,0,0,0,0,0
49,70,173,23.38868655818771,69,147,5.5,0,1,1,1,0,3,1,1,0,147,0,0,0,0,0,0,0
75,71,168,25.15589569160998,176,101,5.0,1,0,3,0,1,4,0,1,1,146,1,1,0,1,0,0,1
63,67,178,21.146319909102385,121,159,8.2,1,1,1,0,0,3,1,0,1,226,0,1,0,0,0,1,0
78,56,157,22.7189744005842,98,126,5.8,0,1,1,0,0,3,1,0,0,204,0,0,0,0,1,0,0
50,89,167,31.912223457277065,102,167,8.9,0,0,0,0,0,2,1,0,1,157,0,1,0,0,1,0,0
59,68,172,22.985397512168742,51,131,6.8,0,1,0,0,1,3,0,0,0,183,1,0,1,0,0,0,0
76,92,177,29.365763350250564,58,156,8.9,0,1,1,0,1,2,1,1,0,208,0,1,0,0,0,1,0
68,59,172,19.94321254732288,146,131,7.8,1,0,0,0,0,3,1,0,1,120,1,1,0,0,0,1,0
50,104,157,42.192381029656374,157,135,4.7,1,0,1,0,0,3,0,1,0,72,1,1,1,1,0,0,1
76,50,161,19.28937926777516,50,132,3.5,0,0,1,0,0,2,1,1,0,177,0,0,1,1,0,0,0
49,74,165,27.180899908172638,116,125,8.1,0,1,0,1,0,4,1,1,0,212,0,1,0,0,1,0,0
74,60,172,20.281233098972418,148,124,7.6,0,0,1,0,1,2,1,1,1,64,1,0,1,1,0,0,1
53,75,157,30.427197857925268,88,134,4.5,1,0,1,0,0,4,1,1,0,119,1,0,0,0,0,1,0
79,60,184,17.72211720226843,153,140,8.1,0,1,0,0,0,2,0,1,0,137,0,1,0,1,0,0,0
66,45,173,15.035584215977813,126,134,9.3,0,0,0,0,0,4,1,0,0,100,1,1,0,0,0,0,0
69,63,172,21.29529475392104,115,140,5.1,0,0,0,0,1,3,0,1,1,142,1,0,0,0,0,0,0
64,98,168,34.72222222222223,91,99,3.5,1,0,1,0,1,4,1,0,0,94,0,0,1,0,1,0,1
66,59,155,24.55775234131113,103,148,8.4,0,0,2,0,0,3,1,0,0,134,0,0,0,0,0,0,0
65,82,170,28.373702422145332,84,115,9.0,0,0,0,0,1,3,0,1,0,184,1,0,0,1,0,0,0
73,75,177,23.93948099205209,110,97,5.0,0,1,0,0,1,3,0,0,0,60,0,1,1,0,0,1,0
64,68,168,24.092970521541954,108,166,8.0,1,1,0,0,0,3,1,0,0,97,0,0,1,0,0,0,0
82,105,180,32.407407407407405,84,158,7.2,0,0,2,0,0,4,1,0,1,220,1,0,0,1,1,0,1
56,70,169,24.508945765204302,50,129,6.3,0,0,1,0,1,3,1,0,0,108,0,0,1,0,0,0,0
75,77,176,24.857954545454547,93,151,7.7,0,0,1,1,0,3,1,1,0,60,1,0,1,0,0,0,0
71,76,168,26.92743764172336,64,123,5.5,1,0,0,0,0,2,1,0,1,158,0,0,0,1,1,0,1
79,98,173,32.74416118146279,60,120,4.3,0,1,0,0,1,4,1,0,0,146,1,0,0,0,1,0,0
66,52,178,16.41206918318394,75,118,7.3,0,0,4,1,0,2,1,1,0,157,0,0,0,1,0,0,0
68,108,159,42.719829120683514,128,117,7.0,0,1,3,0,0,2,0,0,0,152,0,1,0,0,0,1,0
68,97,176,31.31456611570248,61,124,3.5,0,1,2,1,1,2,1,0,1,213,0,1,0,1,1,0,0
50,80,180,24.691358024691358,68,115,4.1,0,0,0,0,0,3,1,0,1,114,0,0,1,0,0,1,0
69,84,191,23.025684602944,124,73,5.2,1,1,1,0,0,3,0,0,1,145,0,0,0,0,0,0,0
90,71,170,24.56747404844291,73,126,7.5,0,1,1,0,0,2,1,0,0,128,1,0,1,0,0,1,1
84,77,150,34.22222222222222,60,110,3.5,0,1,0,1,0,3,1,1,0,183,1,1,1,1,0,1,0
55,81,152,35.05886426592798,128,135,5.9,0,0,1,0,0,2,1,0,0,188,0,1,0,0,0,0,0
43,61,161,23.533042706685695,95,125,10.4,0,0,0,0,1,3,1,0,1,168,0,0,0,0,0,0,0
65,97,182,29.283902910276534,102,142,6.6,0,1,0,0,1,3,1,1,1,257,0,0,0,0,0,0,0
77,78,191,21.380992845590857,92,130,6.8,1,0,0,0,0,2,0,0,1,177,0,0,0,0,0,1,0
64,77,165,28.282828282828287,114,104,6.4,0,1,2,0,0,2,1,0,1,212,1,0,0,1,0,0,0
87,61,170,21.107266435986162,123,104,8.5,1,1,0,0,1,2,1,0,1,105,1,0,1,0,0,1,1
55,92,150,40.888888888888886,95,105,6.6,0,1,3,0,0,3,1,0,0,115,0,1,1,1,0,0,0
67,74,176,23.889462809917354,50,112,6.1,0,1,0,0,1,2,1,0,1,249,0,1,0,1,0,0,0
63,67,171,22.91303307000445,110,115,6.8,1,0,0,1,1,3,1,1,0,82,1,0,1,1,0,1,1
73,58,167,20.796729893506402,88,148,9.2,0,0,2,0,0,3,0,0,0,188,0,0,1,1,0,0,1
74,72,160,28.124999999999993,130,133,7.3,0,0,1,0,0,2,1,1,0,214,0,0,0,1,1,0,0
79,57,166,20.685150239512268,68,92,6.6,1,0,0,1,0,2,1,1,0,208,1,1,0,0,0,1,1
63,80,156,32.87310979618672,88,112,8.9,0,0,0,1,1,3,1,1,0,70,0,0,0,1,0,0,0
80,86,161,33.17773234057328,50,129,5.5,0,0,0,0,0,3,1,1,0,132,0,1,0,0,1,0,0
69,69,157,27.993022029291247,127,109,3.5,1,0,1,0,1,4,1,0,0,181,1,1,0,0,0,0,0
81,78,159,30.853209920493647,142,131,7.4,0,1,1,0,1,3,1,1,0,187,0,1,0,0,0,0,0
82,93,158,37.25364524915878,82,113,7.4,0,0,1,0,0,4,1,0,0,149,0,0,0,0,0,0,0
65,72,175,23.510204081632654,93,127,5.3,0,0,0,0,0,2,0,0,1,115,0,0,0,0,0,0,0
56,73,158,29.242108636436463,71,118,6.0,1,1,0,0,0,2,1,0,1,136,0,1,0,0,0,0,0
67,75,169,26.25958474843318,75,132,9.0,1,0,2,0,1,3,1,1,0,119,0,0,0,0,1,1,0
76,68,159,26.897670187097027,124,158,7.4,0,1,3,1,1,3,0,1,0,87,1,0,0,1,0,0,0
46,69,159,27.29322416043669,82,147,9.4,1,1,2,0,0,2,0,1,1,135,1,0,0,0,0,0,1
59,63,159,24.919900320398717,116,108,7.0,0,0,1,0,0,2,0,0,0,242,0,0,1,0,1,0,0
73,81,179,25.280109859242845,99,180,6.2,1,0,4,1,0,2,1,0,0,136,0,0,0,0,0,0,1
33,73,168,25.86451247165533,126,153,7.9,0,1,1,0,0,3,1,0,1,74,0,0,0,1,0,0,0
52,83,162,31.626276482243554,86,116,7.2,1,1,2,0,0,3,1,0,0,132,0,0,0,0,1,0,0
57,90,159,35.59985760056959,137,112,7.4,0,0,2,0,1,3,1,0,0,236,1,0,0,0,0,0,0
63,59,156,24.243918474687703,165,136,6.0,0,0,2,0,0,4,1,1,0,70,1,1,0,0,0,0,0
61,62,162,23.624447492760247,50,144,5.4,1,1,1,1,1,3,1,0,0,149,0,0,0,1,0,0,0
61,85,155,35.37981269510926,96,165,5.4,0,0,0,0,0,2,1,1,0,186,0,0,0,0,1,0,0
49,71,165,26.07897153351699,96,140,7.5,0,0,0,0,1,4,0,0,1,92,1,1,0,0,0,0,1
86,76,162,28.959000152415786,74,116,7.8,0,0,3,0,1,3,0,1,0,159,0,0,1,0,0,0,0
57,76,162,28.959000152415786,114,119,3.5,1,0,0,0,0,3,0,1,0,104,1,0,0,0,1,0,0
42,60,182,18.11375437749064,139,142,5.0,1,1,0,1,0,2,1,0,1,88,1,1,0,1,1,1,0
78,82,167,29.402273297715947,50,103,3.5,1,1,0,1,0,2,1,1,0,181,0,0,0,1,1,0,0
55,78,168,27.636054421768712,50,159,5.5,1,1,0,0,1,4,1,0,0,241,0,1,1,1,1,1,0
50,59,182,17.81185847119913,158,119,5.3,1,0,1,0,1,3,1,0,0,130,1,0,0,0,1,0,0
73,72,156,29.585798816568044,91,149,6.8,0,1,1,0,0,3,1,0,0,179,0,0,1,0,0,0,0
58,73,165,26.813590449954088,103,153,6.9,0,0,2,1,0,4,1,1,0,174,0,0,0,0,0,0,0
67,86,154,36.26243885984146,62,180,10.8,0,1,0,0,1,4,1,1,0,158,0,0,0,0,0,0,0
57,92,170,31.83391003460208,101,123,7.2,0,0,0,0,0,2,1,1,0,115,0,0,0,0,0,0,0
59,74,176,23.889462809917354,147,124,7.8,1,1,1,0,0,4,1,1,1,99,0,0,1,0,0,0,1
53,49,150,21.77777777777778,117,123,3.7,1,1,0,0,0,2,1,1,0,110,0,0,0,0,1,1,0
50,85,178,26.82742078020452,106,133,5.8,0,1,3,0,0,4,1,1,0,141,0,1,0,0,0,1,0
90,107,173,35.751278024658355,50,117,4.3,1,1,1,0,0,4,1,0,1,129,0,0,1,0,0,0,0
55,85,170,29.411764705882355,125,154,7.7,1,1,1,1,0,3,1,0,0,92,1,1,1,0,0,0,0
47,70,157,28.398718000730252,100,150,6.6,1,1,0,0,1,3,1,0,1,139,0,0,0,0,0,1,0
78,81,177,25.854639471416256,78,124,5.8,0,1,3,0,1,3,1,0,0,118,1,1,1,0,0,0,0
68,87,186,25.14741588622962,122,115,8.4,0,0,1,0,0,3,1,1,1,177,0,0,0,0,0,0,0
65,76,165,27.915518824609737,70,121,6.0,0,0,1,0,0,2,1,0,0,130,0,0,0,0,0,0,0
59,94,166,34.11235302656409,119,120,9.2,0,0,1,0,0,2,1,0,1,192,0,0,0,1,0,0,1
60,58,170,20.06920415224914,142,139,9.1,0,1,3,0,1,4,1,1,0,161,0,0,0,0,0,0,0
61,68,166,24.677021338365513,105,133,5.2,0,0,0,0,1,3,1,1,0,125,0,0,0,0,1,0,0
78,81,168,28.69897959183674,85,146,8.7,1,1,0,0,0,3,0,1,0,141,1,0,0,0,0,0,0
62,85,180,26.234567901234566,79,159,6.7,0,0,0,1,0,3,1,0,1,143,1,0,0,0,0,1,0
78,66,169,23.1084345786212,113,135,5.7,0,1,2,1,1,4,1,1,0,158,0,0,1,1,0,0,0
64,68,172,22.985397512168742,84,141,7.3,1,0,0,1,1,3,0,0,0,168,0,0,1,1,1,0,0
62,65,190,18.005540166204987,182,179,3.5,1,0,1,1,0,2,1,1,0,127,0,0,0,1,0,0,0
52,63,184,18.608223062381853,50,141,5.4,1,0,2,1,0,3,1,0,0,138,1,1,0,1,0,0,0
90,82,159,32.4354258138523,95,120,7.3,0,1,2,0,1,4,1,0,0,155,0,0,0,0,1,0,0
65,74,187,21.161600274528865,109,128,5.9,0,0,0,0,0,4,1,0,0,60,0,0,0,0,0,0,1
64,94,183,28.068918152229088,105,96,8.7,0,0,1,0,0,4,1,1,0,177,1,1,0,0,0,1,0
87,58,184,17.131379962192817,80,140,5.7,0,1,4,0,0,3,1,1,0,102,0,1,0,0,0,0,0
69,72,163,27.09925100681245,143,119,6.7,0,0,0,1,0,4,1,0,0,135,0,1,0,1,0,1,0
71,86,172,29.069767441860467,123,112,6.3,1,1,1,0,1,3,1,0,1,116,0,1,0,0,1,0,1
65,80,166,29.03178980984178,125,112,3.5,0,1,1,0,0,2,1,1,1,187,0,0,0,0,0,0,0
55,58,171,19.835162956123252,76,152,7.3,0,1,0,1,1,3,1,0,1,201,0,0,0,1,0,0,0
79,92,187,26.309016557522373,85,124,7.1,1,1,0,0,1,4,0,0,0,144,1,0,1,0,0,1,0
48,76,171,25.990903183885642,117,145,3.5,1,0,2,0,0,3,1,0,0,145,1,1,1,1,0,0,1
53,103,152,44.58102493074792,61,137,3.5,0,1,1,0,1,3,1,0,0,148,0,0,0,1,1,0,0
55,73,166,26.491508201480624,123,134,5.6,0,1,0,0,0,2,0,0,1,149,1,1,0,0,0,1,0
68,92,163,34.62682073092702,96,122,9.0,0,1,4,1,0,3,1,0,0,200,0,0,0,1,1,1,0
64,69,187,19.73176241814178,137,139,11.9,0,1,1,1,0,4,1,1,0,300,1,0,0,1,0,0,0
42,71,161,27.390918560240728,85,121,3.5,0,0,0,0,0,2,1,0,1,141,0,0,0,0,0,0,0
90,82,165,30.119375573921033,163,133,9.8,0,1,2,0,1,4,1,0,1,178,1,1,0,0,1,1,1
74,49,166,17.78197125852809,114,152,8.8,0,0,0,1,1,2,1,1,0,107,0,0,0,1,0,0,0
59,45,185,13.148283418553687,118,156,5.3,0,0,0,1,0,4,1,1,0,112,0,0,0,0,0,0,0
70,64,179,19.97440779001904,75,121,10.3,0,0,0,0,0,3,1,1,0,98,1,0,0,0,0,0,0
70,55,175,17.959183673469386,108,137,7.4,0,0,0,0,1,2,0,1,1,216,0,0,0,1,0,0,0
61,45,172,15.210924824229314,80,141,6.0,1,1,3,0,1,2,1,1,0,185,1,1,1,1,0,0,0
69,86,172,29.069767441860467,50,134,3.5,0,0,0,0,0,4,1,1,1,130,0,0,0,0,0,0,1
69,63,170,21.79930795847751,93,145,6.7,0,0,0,0,0,3,0,0,0,160,0,0,0,0,0,1,0
78,69,190,19.113573407202217,140,145,6.6,0,0,2,0,0,3,1,0,0,188,0,1,1,0,1,0,0
65,77,157,31.238589800803275,97,166,11.0,0,0,3,0,1,2,1,0,0,209,1,0,0,1,0,0,1
68,82,150,36.44444444444444,89,173,4.6,0,1,0,0,1,2,1,1,0,170,1,0,0,1,1,1,0
62,79,174,26.09327520147972,89,126,4.7,0,1,2,0,0,3,1,0,0,154,0,0,0,0,0,1,0
59,78,184,23.03875236294896,178,163,5.5,0,1,0,1,0,3,1,0,0,215,0,0,0,0,1,0,0
55,82,171,28.042816593139772,121,138,11.8,1,1,0,0,0,4,1,0,0,94,1,1,0,0,0,0,0
55,67,150,29.77777777777778,50,126,4.2,1,0,1,0,1,3,0,1,0,60,1,0,1,0,0,1,0
59,64,177,20.428357113217785,80,142,9.1,1,1,0,0,1,3,1,0,0,212,1,1,0,1,1,0,1
62,45,159,17.799928800284796,85,125,3.5,1,1,3,1,1,3,0,1,0,127,0,0,0,0,0,0,0
77,84,157,34.0784616008763,74,129,7.4,1,0,3,1,1,3,0,1,0,216,1,1,0,1,1,0,0
60,64,160,24.999999999999996,102,108,6.7,1,0,1,0,0,2,0,0,1,245,0,0,0,0,0,0,1
61,104,153,44.42735699944466,79,131,5.1,0,0,0,0,0,4,1,1,0,242,1,0,0,1,0,1,0
61,86,172,29.069767441860467,82,148,7.9,0,0,0,0,1,3,1,0,0,60,0,0,0,0,1,0,0
64,89,163,33.49768527230984,105,144,4.9,0,0,1,0,1,2,1,1,0,190,1,0,0,0,1,0,1
85,85,156,34.927679158448385,50,137,3.5,1,0,0,1,0,4,0,0,0,124,1,0,0,0,0,1,0
60,82,193,22.014013799028163,50,164,5.9,0,0,0,0,1,4,0,1,0,117,0,0,1,0,0,0,0
71,82,164,30.487804878048784,143,172,4.7,0,0,0,1,0,4,1,1,0,168,1,0,1,0,1,1,1
69,83,170,28.719723183391007,129,139,7.0,0,0,0,0,0,4,1,0,0,118,0,1,0,1,0,0,0
65,77,185,22.498173849525198,112,161,5.9,1,0,0,0,0,2,0,0,0,187,1,1,0,0,0,0,1
53,65,176,20.983987603305785,110,136,9.6,1,1,0,1,1,4,1,1,0,216,0,0,0,1,1,0,0
71,57,189,15.957000083984212,93,131,5.9,0,0,0,0,0,3,1,1,0,139,0,0,0,1,0,0,0
41,81,163,30.48665738266401,205,149,7.1,0,1,1,0,1,3,1,1,0,167,0,1,0,1,0,0,0
52,94,180,29.012345679012345,106,128,4.2,1,1,0,1,1,4,1,1,1,127,1,0,0,0,1,0,0
58,73,174,24.111507464658473,191,82,5.6,0,1,0,1,0,3,1,1,0,173,0,0,0,0,0,0,0
62,77,179,24.031709372366656,172,124,4.7,0,0,0,0,0,4,1,1,0,220,0,1,0,1,1,0,1
66,55,178,17.35891932836763,116,99,8.9,1,1,0,0,1,3,1,0,0,170,0,0,1,0,0,0,0
81,68,162,25.910684346898332,92,122,5.0,1,0,2,0,0,3,1,1,1,144,0,1,0,0,0,1,0
72,56,195,14.72715318869165,100,119,5.2,0,0,0,0,0,3,1,0,0,215,1,1,0,1,0,0,1
67,57,150,25.333333333333332,85,119,7.1,0,1,3,1,0,3,1,0,0,129,0,0,0,0,0,0,0
60,76,161,29.319856487018246,116,108,5.1,0,0,2,1,0,3,1,0,0,130,0,0,0,0,0,1,0
61,74,176,23.889462809917354,123,106,9.3,1,0,3,1,0,4,0,0,1,116,0,0,1,0,0,0,0
51,86,172,29.069767441860467,57,117,10.4,0,1,3,1,0,2,0,0,1,71,0,0,0,0,0,0,0
39,86,171,29.410758865975858,191,122,4.7,0,0,1,0,1,4,0,1,0,106,0,1,0,1,1,0,0
49,61,177,19.4707778735357,72,124,8.2,0,0,2,0,0,3,1,1,0,152,1,0,0,0,0,0,0
79,45,161,17.360441340997646,50,135,4.8,0,1,2,0,0,4,1,0,0,161,1,0,1,1,0,0,0
56,60,178,18.93700290367378,97,144,5.8,0,1,0,0,0,3,1,1,0,101,1,0,0,0,0,0,0
58,64,168,22.67573696145125,59,109,7.9,0,0,2,0,1,4,0,1,1,124,1,0,0,0,0,1,1
77,83,184,24.515595463137995,98,112,6.8,0,1,1,0,0,3,0,0,1,60,1,0,1,1,0,0,0
33,84,166,30.48337930033387,102,163,6.8,1,0,0,0,1,4,1,0,1,259,1,0,0,1,1,1,1
57,74,174,24.441802087462015,115,145,8.7,1,1,2,0,0,3,1,1,0,223,1,0,0,1,0,1,0
51,86,176,27.763429752066116,135,114,8.7,0,0,3,0,0,4,1,1,0,114,0,1,0,0,0,0,0
68,113,179,35.26731375425236,64,104,6.6,0,1,1,0,1,4,0,0,0,156,0,0,1,1,0,0,0
71,73,170,25.25951557093426,87,120,5.2,0,1,1,0,1,3,1,0,0,106,0,0,0,0,0,0,1
71,71,167,25.458065904119906,123,124,6.5,1,1,0,0,0,3,0,0,0,201,1,0,1,1,0,0,0
83,62,162,23.624447492760247,76,143,4.5,1,0,2,0,1,3,1,1,1,182,0,1,1,1,1,0,1
71,79,174,26.09327520147972,50,83,8.1,1,1,0,0,0,2,1,0,0,84,0,0,0,1,1,0,1
67,92,151,40.349107495285295,121,110,6.1,0,0,2,0,0,3,0,0,0,101,1,0,0,0,0,0,0
90,67,173,22.386314277122523,80,165,4.3,0,0,0,0,1,4,0,1,1,146,1,1,0,0,0,0,1
39,69,173,23.054562464499313,77,130,9.2,0,0,0,0,1,3,0,0,0,219,0,0,1,1,0,0,0
90,67,188,18.956541421457676,104,131,6.5,1,1,2,0,0,3,1,1,0,131,0,1,1,0,0,0,0
85,57,163,21.453573713726524,100,118,5.0,1,1,0,0,0,3,0,1,1,215,1,1,0,0,0,0,1
63,77,171,26.332888752094664,134,145,8.8,0,1,3,0,1,2,1,0,0,165,1,0,0,0,0,1,0
56,77,171,26.332888752094664,56,93,9.0,1,1,4,0,1,3,1,0,0,108,1,1,0,0,0,1,1
57,74,158,29.642685467072578,179,121,3.5,0,0,0,0,0,4,1,0,0,129,1,0,0,0,0,0,0
61,102,169,35.71303525786913,50,88,8.7,0,0,3,0,1,3,1,1,1,181,0,0,0,1,1,1,0
79,81,156,33.28402366863905,86,129,6.8,0,1,1,0,1,3,1,1,0,192,0,1,1,0,0,0,0
35,58,179,18.101807059704754,69,121,8.4,0,1,0,1,0,3,0,1,0,196,0,0,1,0,0,0,0
89,84,175,27.428571428571427,101,97,6.4,1,0,1,0,1,2,1,1,0,160,0,1,0,0,1,1,0
64,69,174,22.79032897344431,100,150,7.3,0,1,2,0,0,2,1,1,0,172,1,0,0,0,0,1,0
79,70,163,26.346494034400994,105,143,5.9,0,0,1,0,0,2,1,1,0,262,0,0,0,0,0,1,0
50,72,184,21.266540642722116,109,150,8.5,0,1,1,0,0,2,1,1,1,270,0,0,0,0,0,0,0
73,70,159,27.688778133776353,145,99,5.2,0,0,0,0,1,4,0,1,0,152,1,1,1,1,0,0,1
69,79,170,27.33564013840831,105,109,8.6,1,0,2,0,0,3,1,0,0,61,1,0,0,1,1,0,0
71,106,158,42.46114404742829,148,154,6.9,1,1,0,0,1,2,1,0,1,156,0,1,1,0,0,0,0
56,69,168,24.44727891156463,50,146,8.0,0,0,0,0,0,3,1,0,1,155,0,0,0,0,0,0,0
60,76,182,22.944088878154812,50,158,4.5,0,1,2,0,1,3,1,0,0,86,1,0,0,0,0,1,0
50,78,174,25.762980578676178,104,125,7.3,1,0,1,0,1,2,1,0,0,156,0,0,0,1,0,0,0
74,67,160,26.171874999999996,111,127,7.6,1,1,0,0,1,3,1,0,0,97,0,0,1,0,0,0,0
81,68,164,25.282569898869724,81,142,10.2,1,1,1,0,0,2,1,1,0,168,1,0,0,0,0,0,0
68,89,166,32.29786616344898,99,102,7.9,0,0,0,0,0,3,0,1,0,179,1,1,0,0,0,0,0
32,67,161,25.847768218818715,137,133,5.3,0,1,2,0,1,2,1,0,1,176,0,1,0,0,0,0,0
81,61,172,20.61925365062196,123,180,5.2,0,0,1,1,0,3,1,0,0,199,0,1,1,1,1,1,0
66,101,191,27.685644582111237,88,122,8.0,0,1,1,0,0,2,1,1,0,173,1,1,0,0,0,0,0
33,56,164,20.820939916716245,106,97,5.4,0,1,1,0,1,2,0,1,0,189,1,0,0,0,0,0,0
44,88,189,24.635368550712467,126,138,5.5,1,0,0,0,0,4,1,1,1,214,0,0,0,1,0,0,1
52,71,169,24.859073561850078,56,111,4.8,0,0,1,0,0,3,1,1,1,127,0,0,0,0,0,0,0
64,56,173,18.710949246550168,71,127,6.8,0,0,3,0,1,3,1,1,0,142,0,0,1,0,0,1,0
52,69,172,23.323418063818284,132,151,6.9,0,0,3,1,0,2,0,1,0,132,0,0,0,1,0,1,0
54,71,153,30.33021487462087,50,141,5.8,0,0,1,0,1,3,1,1,0,112,1,0,0,0,0,0,0
75,50,174,16.514731140177037,61,120,9.9,1,1,4,0,0,2,1,1,0,135,0,1,0,0,1,0,0
79,81,150,36.0,57,146,7.6,0,0,1,1,0,4,1,0,1,191,1,1,1,0,1,0,1
76,79,172,26.703623580313685,132,96,10.0,1,0,0,0,0,3,1,0,0,186,1,1,0,1,0,0,0
45,69,171,23.59700420642249,62,133,6.8,0,1,1,0,1,3,1,1,0,65,1,1,0,0,0,0,0
76,82,154,34.57581379659302,127,122,5.0,0,0,3,0,0,3,1,0,0,235,0,1,0,1,1,1,0
59,78,170,26.989619377162633,87,82,4.5,0,1,0,0,1,2,1,1,1,192,0,0,0,0,0,1,0
88,94,167,33.70504499982072,162,105,6.3,1,0,0,0,1,3,1,0,0,161,0,1,1,1,0,0,0
68,58,168,20.549886621315196,104,129,8.0,0,1,4,0,1,2,0,1,0,80,0,0,0,0,1,0,0
79,70,168,24.801587301587304,137,144,5.9,1,0,2,0,0,2,1,1,0,90,0,1,0,1,0,0,0
71,90,164,33.462224866151104,116,130,8.2,1,1,0,1,1,3,0,0,0,225,0,0,0,0,1,0,0
70,83,170,28.719723183391007,84,124,9.3,0,1,1,0,0,4,1,0,0,200,1,1,0,0,0,0,0
60,45,178,14.202752177755334,99,146,4.9,0,0,0,0,0,3,1,0,1,206,0,0,0,0,0,0,0
79,49,167,17.569651116927822,100,135,4.3,0,0,0,0,1,3,1,0,0,143,0,1,0,1,0,1,0
76,75,169,26.25958474843318,83,149,8.4,0,1,0,1,1,4,0,1,0,215,0,1,1,1,0,0,0
61,99,176,31.960227272727273,131,141,7.0,1,0,0,0,0,3,1,1,0,81,0,0,0,0,0,0,0
59,68,192,18.446180555555557,187,115,7.2,0,0,1,1,1,3,0,1,0,88,0,1,0,0,0,0,0
56,84,168,29.761904761904766,104,143,7.9,0,0,0,0,1,4,0,1,1,200,1,0,1,0,0,0,1
74,76,152,32.89473684210526,125,149,3.5,0,0,3,0,0,2,0,1,1,104,0,1,0,1,1,0,0
67,83,161,32.02036958450677,118,158,7.4,1,0,2,0,0,2,1,0,0,148,0,0,0,0,1,0,1
68,91,176,29.3775826446281,50,119,6.9,0,0,0,0,1,3,1,1,1,61,1,0,0,0,0,0,0
60,89,185,26.004382761139514,117,122,7.4,1,0,0,1,1,3,1,0,0,60,1,0,0,1,0,1,1
82,88,160,34.37499999999999,115,147,4.6,0,1,4,0,1,2,1,0,0,98,0,0,1,1,1,0,0
47,65,169,22.758306781975424,56,146,6.7,0,1,1,0,0,3,1,0,0,131,1,0,0,0,0,0,0
74,72,170,24.913494809688583,50,119,5.5,1,0,0,0,1,2,1,0,0,103,1,1,0,0,0,0,0
76,82,162,31.24523700655387,114,116,8.6,0,0,0,0,0,4,1,1,0,181,0,1,0,0,1,0,0
61,82,185,23.959094229364496,157,121,6.3,0,1,0,0,0,4,1,0,1,200,1,0,1,0,0,0,1
47,83,181,25.33500198406642,87,131,5.3,0,1,2,0,1,2,1,0,0,180,1,0,0,0,0,0,0
69,48,173,16.037956497043,88,112,4.5,0,1,1,1,1,3,0,1,0,92,0,0,1,0,0,0,0
79,92,165,33.792470156106525,180,138,8.2,0,1,4,0,0,3,1,0,1,176,0,1,0,0,0,1,0
86,49,179,15.292905964233327,131,95,8.5,0,1,4,1,0,2,0,1,0,88,1,1,0,0,0,0,0
72,63,175,20.571428571428573,57,113,10.3,0,0,0,0,0,4,1,1,0,243,1,0,0,0,0,0,0
57,77,165,28.282828282828287,75,133,5.9,1,1,4,1,0,3,1,1,0,152,1,0,0,1,0,1,1
73,74,179,23.095409007209515,176,111,4.5,0,1,4,0,1,2,0,1,0,107,0,1,0,1,0,0,0
71,96,173,32.075912994086,76,121,6.2,1,1,2,1,1,3,0,0,0,152,1,0,1,0,0,0,0
68,57,153,24.34960912469563,81,127,5.1,0,1,0,0,0,4,1,1,0,158,1,0,0,1,0,1,0
54,69,160,26.953124999999996,123,172,5.2,0,1,0,1,1,2,1,0,0,185,0,0,0,1,0,0,0
72,45,156,18.49112426035503,90,103,7.4,1,1,0,1,0,2,1,1,0,60,0,0,0,1,1,0,0
70,76,180,23.456790123456788,115,134,8.7,0,0,0,1,0,2,0,1,1,115,1,0,0,0,0,1,0
90,71,162,27.053802773967377,110,109,7.3,0,0,2,0,0,2,0,0,0,174,0,0,0,1,0,0,0
66,56,176,18.078512396694215,94,108,6.7,0,0,3,0,0,2,1,1,0,188,0,0,0,0,0,0,0
85,94,191,25.766837531865903,142,112,8.1,0,0,2,0,0,4,1,1,0,313,0,1,1,0,1,0,0
81,91,177,29.046570270356536,55,126,6.0,1,1,2,0,0,3,0,1,1,218,0,0,0,0,1,0,0
65,76,165,27.915518824609737,104,158,9.4,0,0,0,0,1,3,0,0,0,115,0,0,0,0,0,0,0
79,92,162,35.055631763450684,79,153,12.5,1,1,1,1,0,2,1,1,1,238,1,0,0,1,1,0,0
55,73,166,26.491508201480624,157,120,5.2,1,0,1,0,1,2,1,1,1,178,1,1,1,0,0,1,0
62,85,159,33.62208773387128,93,124,8.9,1,1,0,0,0,4,1,0,0,218,0,0,0,1,1,0,0
58,87,158,34.85018426534209,167,141,8.9,1,0,2,0,1,2,1,0,0,173,1,0,0,1,0,0,0
63,58,161,22.375679950619187,85,131,7.6,0,0,0,0,0,4,1,1,0,221,0,0,1,0,1,0,0
40,81,175,26.448979591836736,103,117,9.1,1,0,0,0,0,3,1,0,0,204,1,0,0,0,0,0,0
86,77,164,28.628792385484836,138,143,7.2,0,0,1,0,0,3,1,1,1,177,0,1,1,0,1,1,0
61,59,167,21.15529420201513,66,162,7.8,0,0,1,0,0,2,0,0,1,128,1,0,0,0,0,0,1
74,55,174,18.166204254194742,152,151,6.7,1,1,2,1,0,3,0,0,0,127,0,1,0,0,0,0,0
67,82,177,26.173832551310287,100,157,6.8,0,0,1,1,0,4,0,0,1,102,1,0,0,1,0,0,0
61,70,150,31.11111111111111,114,127,7.8,0,1,0,0,0,2,1,0,1,146,0,1,0,0,0,1,0
49,53,152,22.939750692520775,119,108,7.3,0,1,4,1,1,2,1,0,0,205,1,0,0,1,0,0,1
54,83,166,30.120481927710845,97,89,4.4,1,0,2,0,0,3,0,0,0,179,0,0,0,0,0,0,0
62,89,158,35.65133792661432,71,88,7.5,0,1,3,0,0,3,1,0,0,111,0,0,0,0,0,1,0
59,57,178,17.99015275849009,103,125,6.0,0,0,2,0,0,3,1,0,0,198,0,0,0,0,0,0,1
53,74,165,27.180899908172638,50,140,5.4,0,1,0,1,0,3,1,0,0,91,1,0,0,0,0,0,1
56,97,187,27.738854413909458,54,146,8.4,1,1,3,1,0,3,1,0,0,166,1,0,0,0,0,0,1
70,61,165,22.4058769513315,95,134,4.6,1,0,4,0,1,3,0,1,0,219,0,1,0,1,0,0,0
75,100,173,33.41240936883958,154,115,6.0,0,1,0,0,0,2,1,0,0,91,0,0,0,0,1,0,0
51,70,163,26.346494034400994,153,143,4.4,0,0,0,0,0,3,1,1,0,158,0,0,1,0,0,1,0
54,73,174,24.111507464658473,134,106,5.7,1,0,4,0,0,3,0,0,1,115,1,0,0,0,0,0,0
67,54,175,17.632653061224488,50,107,11.3,1,1,0,0,0,4,0,0,0,231,1,1,0,0,0,1,0
63,54,178,17.043302613306402,110,142,5.0,0,0,2,0,0,4,1,0,0,262,1,0,0,1,0,0,1
60,65,168,23.030045351473927,69,105,6.2,0,0,0,0,1,2,1,0,0,177,0,0,0,1,0,0,0
76,88,182,26.56683975365294,97,114,9.3,0,0,2,0,0,3,0,1,0,193,1,1,0,0,0,0,1
67,110,172,37.182260681449435,133,110,7.4,0,1,2,0,0,4,1,1,1,218,0,1,1,1,0,0,0
45,114,163,42.90714742745305,123,133,6.2,0,0,3,0,1,3,1,1,1,188,1,1,0,0,0,1,0
55,73,163,27.475629493018182,144,141,5.1,0,1,2,0,0,2,0,0,0,108,0,0,0,0,0,0,0
45,69,177,22.024322512687924,50,142,7.8,0,1,0,1,0,4,0,0,1,127,1,0,0,0,0,0,0
62,60,182,18.11375437749064,64,118,5.9,0,1,1,0,1,3,1,1,1,127,0,0,0,1,0,0,0
49,91,158,36.45249158788655,152,126,10.8,0,0,0,0,0,3,1,0,0,63,0,0,0,1,0,0,0
43,64,177,20.428357113217785,153,144,5.9,0,0,1,0,0,3,1,1,0,198,0,1,0,0,0,1,0
40,71,155,29.552549427679498,99,119,9.9,0,1,0,1,1,3,0,0,1,87,0,1,1,0,0,0,0
88,82,163,30.863035868869737,99,111,8.3,0,0,0,1,1,2,1,0,0,191,0,0,1,0,1,1,0
48,81,174,26.7538644470868,141,117,8.2,0,0,1,1,0,4,1,0,1,113,1,0,0,0,0,0,0
61,65,161,25.076193048107708,118,117,6.2,1,0,0,0,1,4,0,1,0,138,1,0,1,0,0,0,1
65,73,184,21.561909262759922,121,130,5.6,0,0,3,0,0,3,1,1,0,177,0,1,0,0,0,0,0
66,66,176,21.306818181818183,67,129,6.0,0,0,0,0,0,3,1,0,0,226,0,0,0,1,0,0,0
72,62,158,24.83576349943919,140,126,8.6,0,1,1,1,1,3,1,0,0,193,0,1,0,0,0,0,0
64,59,176,19.047004132231404,93,113,7.5,0,0,2,0,1,2,1,0,0,144,1,0,1,0,0,1,1
59,52,156,21.367521367521366,51,111,3.5,1,1,2,0,1,4,1,0,0,148,0,0,0,0,0,0,0
67,80,170,27.68166089965398,72,142,3.9,0,0,1,0,0,2,1,0,0,91,0,0,0,0,0,0,0
67,71,178,22.408786769347305,79,136,6.2,0,1,0,0,1,2,0,1,1,181,0,1,0,0,0,0,0
65,57,177,18.194005553959588,151,121,7.6,0,1,1,0,0,4,0,1,0,145,1,0,0,0,0,0,0
72,56,169,19.607156612163443,75,128,6.0,0,0,2,0,1,2,1,1,0,103,1,0,0,0,1,0,0
57,56,166,20.322252866889244,113,154,5.5,0,1,0,0,0,3,1,1,0,188,0,1,0,0,0,0,0
62,65,158,26.037493991347535,50,128,4.5,0,0,0,0,0,4,0,1,0,220,1,0,0,0,0,0,0
49,91,171,31.120686707020965,132,129,8.3,1,1,1,1,0,3,0,1,0,141,1,1,0,1,0,0,0
62,64,178,20.199469763918696,72,160,6.7,0,1,1,0,0,2,1,0,1,121,1,0,0,0,0,0,1
57,83,190,22.991689750692522,113,151,9.9,0,0,0,0,1,2,0,0,1,121,0,0,0,0,0,0,0
77,98,165,35.99632690541782,113,117,3.9,0,0,0,0,0,4,1,1,0,170,1,0,1,1,0,1,0
47,77,178,24.302487059714682,122,151,7.9,0,1,0,0,1,3,0,0,1,90,0,0,0,0,0,0,0
59,63,177,20.109164033323754,111,126,7.6,1,0,0,1,1,3,1,0,0,153,1,0,0,0,0,0,1
58,73,165,26.813590449954088,167,108,8.2,1,0,2,1,1,2,1,0,0,129,0,0,0,0,1,0,1
73,74,177,23.620287912158062,107,156,8.2,1,0,1,0,1,4,1,1,1,175,1,0,1,0,0,0,0
49,100,161,38.57875853555032,178,115,5.5,0,1,0,0,1,3,0,1,0,179,0,0,1,0,0,0,1
65,49,172,16.563007030827475,122,119,6.1,0,0,4,0,1,3,1,1,1,93,0,1,0,0,0,1,0
65,91,167,32.62935207429452,109,122,6.8,1,0,0,0,0,3,0,1,1,183,0,0,0,1,1,0,1
76,48,174,15.854141894569956,131,170,4.5,0,0,0,0,1,3,0,1,1,172,0,0,1,0,0,0,0
54,87,175,28.408163265306122,106,110,8.6,0,0,4,0,0,2,1,0,1,140,1,1,0,0,0,0,1
49,68,164,25.282569898869724,115,117,3.5,0,1,0,0,0,4,1,0,1,128,1,0,1,0,0,0,0
70,102,169,35.71303525786913,112,123,4.2,0,0,4,0,0,2,0,1,1,128,1,0,0,0,1,0,0
48,85,168,30.116213151927443,108,140,3.5,1,0,2,1,1,2,1,0,0,141,0,0,0,1,1,0,0
58,83,159,32.83097978719196,174,128,8.7,0,1,0,0,0,2,1,0,0,103,0,0,0,0,0,0,0
62,60,166,21.773842357381334,179,116,6.9,1,1,1,0,0,2,1,1,0,115,0,1,0,0,0,0,0
72,102,164,37.923854848304586,111,142,5.4,0,0,1,1,0,3,1,0,1,160,0,0,0,0,0,0,0
46,117,158,46.867489184425565,144,157,6.7,0,0,2,0,0,2,1,1,1,121,0,0,0,0,0,0,0
61,105,161,40.507696462327836,142,97,7.0,1,0,0,0,1,2,1,0,1,193,0,1,0,0,0,1,1
65,59,167,21.15529420201513,138,116,4.0,0,1,2,0,1,4,1,0,0,143,0,0,0,1,0,1,0
54,72,170,24.913494809688583,119,140,6.8,1,0,4,0,1,4,0,0,0,126,0,0,0,0,1,0,1
60,57,157,23.124670372023203,123,105,9.3,0,0,0,0,0,3,1,1,1,166,0,1,0,0,0,1,0
75,65,182,19.623233908948194,119,126,9.6,0,0,0,0,0,3,1,0,0,129,0,0,0,0,0,0,0
58,79,176,25.50361570247934,74,155,8.2,1,1,0,0,0,2,1,0,0,111,0,0,0,0,0,0,0
60,85,169,29.76086271489094,97,142,7.0,1,0,0,0,1,4,1,1,1,133,1,0,0,0,0,1,1
75,82,157,33.26706965799829,58,140,8.3,0,0,0,0,0,2,1,0,1,60,1,0,0,0,0,1,0
62,49,167,17.569651116927822,120,144,7.9,0,1,0,0,1,3,1,1,0,60,0,0,0,0,0,0,0
81,74,167,26.533758829646096,115,136,4.3,0,1,1,0,1,2,1,1,0,103,1,0,0,1,0,1,0
45,82,159,32.4354258138523,124,123,4.7,1,0,0,1,0,3,0,1,0,90,0,1,0,0,0,0,0
61,89,158,35.65133792661432,72,149,7.8,1,1,3,0,1,3,1,0,1,182,0,0,0,0,0,1,0
74,81,177,25.854639471416256,133,120,5.2,0,0,1,0,0,3,1,0,0,212,1,0,1,0,1,0,1
56,82,166,29.757584555087824,116,126,4.4,1,1,0,0,0,2,0,1,1,166,1,0,0,0,1,0,0
62,71,178,22.408786769347305,178,96,9.1,1,1,0,0,0,3,1,1,0,60,0,0,0,0,0,0,1
80,79,169,27.660095935016283,128,120,6.6,1,1,1,0,1,2,1,0,1,79,1,0,0,0,0,0,0
55,113,177,36.06881802802515,79,131,6.4,0,0,1,0,1,2,1,1,0,167,1,0,0,0,0,0,0
70,93,177,29.68495643014459,52,130,4.1,0,1,2,1,0,2,1,0,0,141,1,0,0,1,1,0,1
73,80,174,26.42356982428326,107,148,5.6,1,1,0,1,0,3,1,1,0,60,1,1,1,1,0,0,0
65,85,181,25.94548395958609,63,121,5.8,0,1,3,0,1,3,1,1,0,107,1,1,1,0,0,1,1
65,76,171,25.990903183885642,74,122,4.7,1,1,0,0,0,2,1,0,0,96,0,0,0,0,0,0,0
52,76,155,31.63371488033298,66,119,4.1,0,0,0,0,0,3,1,0,0,222,1,1,0,0,0,1,1
73,89,156,36.571334648257725,79,134,10.0,0,0,2,0,1,3,0,1,0,185,1,1,1,1,1,0,0
49,66,163,24.840980089578082,150,160,9.3,0,1,1,0,1,3,0,1,1,135,0,0,0,0,0,0,0
69,73,177,23.301094832264035,66,83,6.3,0,1,1,0,1,4,1,0,0,161,1,0,0,1,0,0,0
58,54,165,19.834710743801654,85,120,3.8,0,0,0,0,1,2,1,0,0,157,0,0,0,1,0,0,0
60,86,172,29.069767441860467,50,122,3.5,0,0,0,0,0,3,0,0,0,153,1,1,0,0,0,1,0
62,91,175,29.714285714285715,50,87,5.6,0,1,0,1,1,2,0,1,1,241,0,0,1,1,0,0,0
70,84,171,28.726787729557817,90,127,3.5,0,0,1,0,0,3,0,1,0,220,0,1,0,1,0,0,0
83,71,150,31.555555555555557,107,122,5.6,1,0,1,1,1,3,1,1,0,226,0,0,0,0,1,1,0
66,74,158,29.642685467072578,59,121,3.5,0,0,1,1,1,3,1,1,1,166,0,0,1,1,0,0,0
56,77,187,22.019502988361115,50,107,6.3,0,1,2,0,1,3,1,0,0,133,1,0,1,0,0,1,0
47,91,173,30.405292525644022,50,128,6.9,0,1,0,0,0,2,1,0,0,87,0,0,0,1,0,0,0
78,90,150,40.0,105,106,6.1,1,0,1,0,0,3,1,1,0,100,0,0,0,0,1,0,0
67,53,170,18.339100346020764,132,113,10.8,0,1,0,0,0,2,1,0,1,200,0,0,0,0,0,0,1
62,61,188,17.25894069714803,50,126,6.1,0,1,1,0,0,3,1,1,0,86,1,0,0,0,0,0,0
65,81,172,27.379664683612766,77,150,10.0,1,1,2,0,0,4,0,0,0,141,0,0,0,0,0,0,0
74,54,170,18.68512110726644,137,138,7.1,0,0,2,0,0,3,1,0,0,80,1,1,0,0,0,0,0
60,88,151,38.59479847375115,92,142,10.5,1,0,0,0,0,3,1,0,1,145,0,0,0,1,0,1,0
57,70,167,25.099501595611173,96,169,3.5,0,0,0,0,0,2,1,0,0,96,0,0,0,0,0,0,0
49,85,153,36.31082062454612,113,138,4.3,0,0,3,0,0,2,1,0,0,183,0,1,0,0,1,0,0
52,75,157,30.427197857925268,84,109,5.9,0,1,2,1,0,3,1,0,1,137,1,1,1,0,1,0,1
60,73,155,30.38501560874089,72,118,9.7,0,1,0,0,0,2,0,0,0,109,0,0,0,1,0,1,0
77,58,187,16.586119134090193,110,112,6.0,0,1,1,0,1,4,1,0,0,102,1,1,0,0,0,0,0
58,66,177,21.06674327300584,51,127,5.1,0,0,0,0,0,3,0,0,0,156,1,0,0,0,0,0,0
68,73,184,21.561909262759922,50,121,7.7,1,0,1,0,0,4,0,0,0,152,0,1,0,0,0,0,0
78,72,156,29.585798816568044,75,111,8.3,1,0,1,0,1,4,1,0,0,122,0,0,0,0,1,0,0
69,85,171,29.06877329776684,124,148,5.0,0,1,0,1,0,3,1,1,1,134,0,0,0,1,0,0,1
88,65,159,25.71100826707804,140,149,5.1,0,0,0,0,1,3,1,1,0,125,1,1,1,1,0,1,0
65,74,160,28.906249999999993,83,133,9.9,0,1,2,0,0,3,1,1,0,60,0,0,0,0,0,1,0
63,97,174,32.038578411943455,129,109,9.0,0,0,0,0,0,2,1,1,0,148,1,0,0,0,0,0,0
60,87,171,29.75274443418488,148,132,9.5,0,0,2,1,1,4,1,0,1,72,1,0,0,1,0,0,0
88,76,172,25.689561925365066,101,117,8.4,1,1,0,0,0,2,1,1,0,105,0,1,0,0,0,1,0
79,53,157,21.50188648626719,122,155,4.8,1,1,2,0,1,3,1,0,0,166,0,0,0,0,0,1,0
47,54,171,18.467220683287167,165,106,6.4,1,1,0,0,1,3,0,1,0,138,1,1,0,0,0,1,0
90,84,173,28.06642386982525,75,143,4.4,0,1,0,1,0,3,1,0,0,226,1,1,0,0,1,1,0
70,86,163,32.36854981369265,91,142,8.5,0,1,0,0,1,3,1,0,0,110,1,1,1,0,1,0,0
66,45,167,16.1353938828929,156,147,5.4,0,1,3,0,1,2,1,1,1,129,1,1,0,1,0,0,0
71,85,153,36.31082062454612,67,133,3.5,0,1,0,0,1,3,1,1,0,158,0,0,0,0,0,1,0
53,66,150,29.333333333333332,105,123,6.7,0,0,1,0,1,4,1,0,0,148,0,0,0,0,0,0,0
67,68,190,18.83656509695291,78,177,8.8,0,0,0,1,0,3,1,0,0,202,0,0,1,1,0,0,0
61,88,172,29.745808545159548,147,112,3.7,1,1,0,0,1,2,1,1,0,182,1,1,0,1,1,0,1
60,85,166,30.84627667295689,58,144,6.2,0,0,1,0,0,3,1,0,1,219,1,0,0,0,0,1,0
76,73,177,23.301094832264035,97,130,5.4,0,1,0,0,1,3,0,1,0,69,1,0,0,0,0,1,0
61,85,161,32.79194475521777,63,136,8.5,0,1,3,0,1,3,1,1,1,189,1,0,0,0,0,0,1
66,69,171,23.59700420642249,50,136,3.5,0,0,1,1,1,2,1,0,0,100,0,0,0,0,0,0,0
68,63,181,19.230182228869694,50,108,8.8,0,0,0,0,0,3,0,0,0,172,1,1,0,0,0,0,0
76,93,158,37.25364524915878,94,103,5.1,0,1,0,0,0,3,1,0,0,137,0,0,0,0,0,0,0
80,94,165,34.527089072543625,116,104,6.2,0,0,0,0,1,3,1,0,0,115,1,0,0,0,0,0,0
65,65,156,26.709401709401707,100,121,8.2,0,0,0,1,1,4,1,1,0,208,1,1,0,1,0,0,0
60,66,178,20.830703194041156,108,134,9.5,0,1,0,0,1,2,1,1,0,66,1,0,0,0,0,0,0
87,88,172,29.745808545159548,84,116,6.6,0,1,0,0,0,4,1,0,0,240,0,1,0,1,1,0,0
34,64,181,19.53542321662953,134,101,5.1,1,1,3,0,0,3,1,0,1,181,1,1,0,0,1,0,0
75,87,178,27.458654210326976,125,148,5.4,0,0,0,0,0,3,1,0,0,158,0,0,0,0,0,0,0
63,59,167,21.15529420201513,104,99,8.8,0,1,2,0,0,3,1,0,0,142,1,0,0,1,0,1,1
71,70,174,23.120623596247853,107,139,4.7,0,1,0,0,0,3,0,1,0,131,1,1,0,1,0,0,1
65,89,174,29.396221429515126,83,114,7.2,1,0,3,0,1,3,1,1,0,173,0,1,0,0,0,0,0
80,60,177,19.15158479364167,168,154,6.5,1,1,1,1,0,4,0,0,0,80,0,1,0,0,0,1,0
70,66,184,19.494328922495274,128,119,8.0,0,1,0,0,0,2,1,1,0,60,0,1,0,0,0,1,0
47,80,159,31.644317867172973,96,94,6.6,1,1,4,0,0,2,1,0,1,154,0,1,0,0,0,1,0
47,48,151,21.051708258409718,93,129,5.6,0,0,0,0,1,2,1,1,0,112,0,0,0,0,0,0,0
62,76,159,30.062101973814325,86,113,5.5,1,1,0,1,1,3,1,0,0,104,1,0,0,1,1,0,0
72,92,174,30.38710529792575,89,146,5.5,0,0,4,0,0,4,1,1,0,71,0,1,1,1,1,1,0
80,87,174,28.735632183908045,108,136,3.7,0,0,0,0,1,2,1,1,0,210,1,1,1,1,1,0,0
56,74,164,27.513384889946465,50,117,7.5,0,0,1,0,1,2,1,1,1,241,0,0,0,1,0,0,0
38,75,167,26.89232313815483,91,109,6.9,0,1,4,0,0,2,1,0,1,147,0,0,0,0,0,1,0
70,97,161,37.42139577948381,95,108,3.6,1,1,1,0,1,4,1,0,1,142,1,0,1,1,0,0,0
65,95,168,33.6592970521542,99,118,5.7,1,0,1,1,0,2,0,1,0,171,1,0,0,0,0,1,0
66,73,163,27.475629493018182,106,157,5.9,1,0,1,0,0,2,0,0,1,168,0,0,0,0,0,0,1
51,65,186,18.78829922534397,101,127,5.3,0,0,1,1,0,2,1,1,0,123,1,0,0,0,1,1,1
79,87,183,25.97867956642479,114,148,6.3,0,1,3,0,1,4,1,1,0,210,0,0,0,1,0,0,0
55,91,177,29.046570270356536,95,100,6.3,0,1,1,1,1,2,1,0,1,206,1,0,0,1,0,0,0
68,95,170,32.871972318339104,134,91,8.3,1,0,1,0,1,4,1,0,0,187,1,1,0,0,0,0,1
68,83,181,25.33500198406642,123,111,6.5,0,0,2,0,0,3,1,0,1,238,1,1,0,0,1,0,1
71,69,170,23.87543252595156,178,143,7.7,0,0,1,0,1,3,1,1,1,188,1,1,0,1,1,0,1
56,49,171,16.75729284224206,124,124,3.7,0,1,3,0,1,3,0,0,0,117,0,1,0,0,0,0,0
53,104,152,45.013850415512465,73,147,4.4,0,1,0,0,0,3,1,0,0,153,1,0,0,0,1,0,1
